50,0.894716474815456,1.0971982824891,-307.9860217968,-308.534620938045
75,0.684028143836338,2.28210967896791,-446.679023536963,-447.820078376447
100,0.18540716860321,6.18991447005214,-627.048880342487,-630.143837577513
125,0.590499971978367,2.80772503252228,-742.788192462252,-744.192054978513
150,0.786969912058423,1.72061309330684,-941.343599996817,-942.20390654347
175,0.409332772445074,3.97549225899957,-1125.93131801714,-1127.91906414664
200,0.18625616914133,6.17782193327639,-1197.01078748379,-1200.09969845043
225,0.207614675421376,5.88871504282315,-1365.8274888701,-1368.77184639151
250,0.935331166991484,0.823052080742855,-1568.09182903392,-1568.50335507429
275,0.198348050777055,6.01073445589464,-1670.57944910491,-1673.58481633286
300,0.207325086724479,5.89245448995325,-1843.3461804203,-1846.29240766527
325,0.83976527244543,1.42541891924611,-2047.69049606097,-2048.40320552059
350,0.0017512317570609,17.220535972484,-2193.33349459812,-2201.94376258436
375,0.600462297401144,2.75018261253899,-2283.0709123551,-2284.44600366137
400,0.0514490811256885,9.41850083154986,-2465.82819165075,-2470.53744206653
425,0.977938574528459,0.452707543474389,-2648.84960591159,-2649.07595968333
450,0.460262773019972,3.61733617551363,-2816.92629270585,-2818.7349607936
475,0.416453665191767,3.92353134674067,-2963.97240616957,-2965.93417184294
500,0.334826948493961,4.56570977828051,-3148.89998689406,-3151.1828417832
50,0.110445996373252,7.52880052933347,-298.609550484123,-302.373950748789
75,0.125498814580351,7.20387212916648,-452.595088307074,-456.197024371657
100,0.289438152905684,4.97920211774135,-654.903591884505,-657.393192943376
125,0.918169972942447,0.943967379203968,-750.195587069484,-750.667570759086
150,0.0961664392547251,7.87759306146745,-934.354893234663,-938.293689765396
175,0.172726210283795,6.37671155810312,-1079.33972675314,-1082.52808253219
200,0.167633556222367,6.45522449639748,-1251.86161795684,-1255.08923020504
225,0.653600462726638,2.45005791540234,-1401.54119368752,-1402.76622264523
250,0.0508454560106646,9.44710912023174,-1617.27936914939,-1622.00292370951
275,0.0881715591622523,8.09466054134646,-1740.57624248235,-1744.62357275302
300,0.351415603523597,4.42597322875417,-1858.23410646855,-1860.44709308293
325,0.0577406561420026,9.13802253850326,-2015.33048754996,-2019.89949881921
350,0.247472720517643,5.41311766077797,-2108.61861993125,-2111.32517876164
375,0.295677188374302,4.91931245502565,-2284.9878096148,-2287.44746584231
400,0.957258558238718,0.650767812578124,-2412.24355448288,-2412.56893838917
425,0.122256451498327,7.27069002277767,-2569.33128852814,-2572.96663353953
450,0.925984156874683,0.890048546234539,-2763.86809841057,-2764.31312268369
475,0.740876447226977,1.97217712905331,-2949.39240382449,-2950.37849238901
500,0.47055621067349,3.54840711252564,-3097.12576949742,-3098.89997305368
50,0.407693323216696,3.98755053717025,-278.673884108744,-280.667659377329
75,0.397308456598016,4.06479020159668,-478.543081744448,-480.575476845246
100,0.618226065474407,2.64867022218482,-648.464570024703,-649.788905135795
125,0.546111003690916,3.07041832975165,-774.449412083423,-775.984621248299
150,0.365220819721945,4.31363506630123,-913.443669718629,-915.60048725178
175,0.688220934125411,2.25912283936896,-1057.159711634,-1058.28927305369
200,0.0757505761488911,8.47167139341354,-1195.36022686279,-1199.5960625595
225,0.651574288659696,2.46132495781922,-1392.02744430234,-1393.25810678125
250,0.509812214902933,3.29444919215985,-1511.44872823777,-1513.09595283385
275,0.00003628874356908,25.7049324885138,-1744.32236045666,-1757.17482670092
300,0.293318816155717,4.94182550420419,-1838.45594975232,-1840.92686250442
325,0.77392758437564,1.79209891999199,-1970.64065473302,-1971.53670419301
350,0.553866746464941,3.02370227438223,-2113.7578769095,-2115.26972804669
375,0.522181002359018,3.21705301917609,-2368.88801378678,-2370.49654029637
400,0.28576268118879,5.01499197554585,-2448.81959578972,-2451.32709177749
425,0.410630257282984,3.96597470459437,-2661.60868904502,-2663.59167639731
450,0.297113221555671,4.90567739937705,-2678.15914319267,-2680.61198189236
475,0.00463490688543934,15.03219469546,-2899.00645600442,-2906.52255335215
500,0.953620756138436,0.681251101682392,-3071.97920652694,-3072.31983207778
50,0.268668134392751,5.18673679372591,-319.225254305364,-321.818622702227
75,0.0996317014021983,7.7887159773918,-481.399861623581,-485.294219612277
100,0.223955771713486,5.68481045141903,-632.911381635661,-635.75378686137
125,0.0829867610203195,8.24553875264201,-782.127500226804,-786.250269603125
150,0.234091152721472,5.56480931658007,-929.650751541511,-932.433156199801
175,0.905985677602047,1.02497457428717,-1062.52578551846,-1063.0382728056
200,0.377931334682242,4.21311633924279,-1216.19815170057,-1218.30470987019
225,0.846115207438354,1.38893881522472,-1389.34166531124,-1390.03613471885
250,0.650602704095829,2.46673190268166,-1544.76938083639,-1546.00274678773
275,0.54918385138007,3.05186437394514,-1681.93425542365,-1683.46018761063
300,0.731210087661149,2.02473043817599,-1833.3952208766,-1834.40758609569
325,0.0459348456907392,9.69269715171777,-2040.60531542657,-2045.45166400243
350,0.500214549173076,3.3553246383035,-2166.36135029418,-2168.03901261333
375,0.840044791472899,1.42381890168326,-2328.08135219779,-2328.79326164863
400,0.427414319480651,3.84482015596495,-2535.38042703906,-2537.30283711704
425,0.74142010333067,1.96922118742168,-2570.78584625452,-2571.77045684823
450,0.65973978899628,2.41598870121925,-2833.76681173281,-2834.97480608342
475,0.537415210599432,3.12325361496823,-2962.93809829105,-2964.49972509853
500,0.704829933834086,2.16833780210163,-3161.23639993984,-3162.32056884089
50,0.000670019291755413,19.3524463787261,-341.996831166728,-351.673054356091
75,0.029435352045594,10.7569806373165,-432.513692849181,-437.892183167839
100,0.0354341174855381,10.315599338807,-647.60605072,-652.763850389403
125,0.80852605720455,1.60148028309686,-785.925304655829,-786.726044797377
150,0.483245958783431,3.46483112629312,-968.738974341136,-970.471389904283
175,0.517001097515945,3.24932531654395,-1040.88220949483,-1042.5068721531
200,0.47823498754855,3.49765505866753,-1242.9583735435,-1244.70720107283
225,0.675093127136066,2.33120776916394,-1376.17928552465,-1377.34488940924
250,0.659071638576928,2.41969153322179,-1533.0598087384,-1534.26965450501
275,0.450822042406591,3.68150217175935,-1706.64172985834,-1708.48248094422
300,0.676920700119768,2.3211519999395,-1852.79571205753,-1853.9562880575
325,0.44270293090521,3.73744692648279,-1988.39641310929,-1990.26513657254
350,0.765579566578647,1.83769238548939,-2177.78774064619,-2178.70658683894
375,0.503592859373558,3.33381249616468,-2306.6717429496,-2308.33864919768
400,0.135210628088436,7.0128517082494,-2472.54398924381,-2476.05041509794
425,0.404907483186468,4.00812414205757,-2615.52151382357,-2617.5255758946
450,0.46276714852417,3.60046879477159,-2837.27436734993,-2839.07460174732
475,0.367542486328266,4.29507282801842,-2946.00764021199,-2948.155176626
500,0.711874895573225,2.12993530738368,-3076.3769768092,-3077.44194446289
50,0.0113230055317405,12.9903574206379,-294.786358929566,-301.281537639885
75,0.868966223016804,1.254979864902,-454.516635973423,-455.144125905874
100,0.225288537823982,5.66876287044488,-612.246797426735,-615.081178861958
125,0.742229442976744,1.96482055510205,-709.687319419307,-710.669729696858
150,0.96706434101862,0.56319587068333,-943.116811022656,-943.398408957998
175,0.597647857378975,2.76639203356717,-1106.15857481329,-1107.54177083007
200,0.863953517169953,1.28477391124397,-1292.12764796225,-1292.77003491787
225,0.757183204468464,1.88345739904162,-1410.82799749886,-1411.76972619838
250,0.837220384817467,1.4399628798742,-1529.7855758893,-1530.50555732923
275,0.876167622660218,1.21170565999319,-1718.02926908906,-1718.63512191905
300,0.453234720148327,3.66501501057792,-1818.55707682993,-1820.38958433521
325,0.00682386112899556,14.1525170633199,-2024.71142641055,-2031.78768494221
350,0.98741847110175,0.335363075047098,-2129.02764714676,-2129.19532868428
375,0.952817237403196,0.687862557130757,-2319.32878007539,-2319.67271135395
400,0.368661241069654,4.28616091917502,-2495.67919431248,-2497.82227477207
425,0.987638512131894,0.332247373159589,-2681.99122187651,-2682.15734556309
450,0.642415594271756,2.51240655132642,-2829.68211240861,-2830.93831568427
475,0.117870722685792,7.36372583009597,-3004.55730732659,-3008.23917024164
500,0.187365285595479,6.16209861416519,-3150.7454799913,-3153.82652929839
50,0.724707599443748,2.06008990889643,-309.895303527348,-310.925348481796
75,0.91195293896537,0.985723849700435,-447.538753279077,-448.031615203927
100,0.657379424845571,2.42907497846727,-628.748510839101,-629.963048328335
125,0.178295231119775,6.29320849244459,-756.262557030129,-759.409161276351
150,0.989655487039434,0.302449727946623,-918.212057655874,-918.363282519847
175,0.540066442623773,3.10709228445739,-1140.38676664748,-1141.94031278971
200,0.70699735661187,2.15651752184067,-1258.89812350595,-1259.97638226687
225,0.862219602817744,1.29502172149296,-1404.39396846089,-1405.04147932164
250,0.923383771096919,0.908183968370849,-1520.85156598181,-1521.305657966
275,0.636663599272902,2.54462285659156,-1660.70867199213,-1661.98098342043
300,0.306168791938487,4.82093669822461,-1819.33150755826,-1821.74197590737
325,0.934452906158452,0.829478749330519,-1973.10914376891,-1973.52388314358
350,0.384928510530457,4.15889602669904,-2138.18812949215,-2140.2675775055
375,0.642812076387081,2.51018985196424,-2293.53330901742,-2294.7884039434
400,0.00406709534478857,15.3280061464484,-2394.97047792063,-2402.63448099385
425,0.0408544318417431,9.97479335899425,-2649.4572168249,-2654.4446135044
450,0.879158238110604,1.1935572084376,-2817.83294171194,-2818.42972031616
475,0.841885719008409,1.41326804429264,-2943.98444713477,-2944.69108115691
500,0.788874882799238,1.7101399081921,-3129.26679702306,-3130.12186697716
50,0.815280898201226,1.56381265036578,-316.98919542762,-317.771101752803
75,0.615344462940948,2.66504803048201,-457.116237020716,-458.448761035957
100,0.8625124157185,1.29329315603286,-598.336901784588,-598.983548362605
125,0.170068925035759,6.41741388810283,-784.289577211926,-787.498284155978
150,0.832714083628898,1.46561669393736,-951.197176488829,-951.929984835798
175,0.778194754053509,1.76874855329697,-1099.98044254176,-1100.86481681841
200,0.185511260627443,6.18842919635927,-1240.38660422085,-1243.48081881903
225,0.973092220917567,0.504185725633306,-1390.58639620107,-1390.83848906389
250,0.499438163535914,3.36028165021025,-1538.61027031365,-1540.29041113876
275,0.652850208176108,2.45422851965532,-1650.24024667896,-1651.46736093878
300,0.605430674967302,2.72165468052935,-1869.86485257679,-1871.22567991706
325,0.915066527557895,0.964928472738848,-1961.16416309863,-1961.646627335
350,0.531429262269936,3.15991698149446,-2134.6485889243,-2136.22854741504
375,0.374467361788906,4.24024616298902,-2303.17716958061,-2305.2972926621
400,0.126806301906686,7.17737774681245,-2438.68635158907,-2442.27504046248
425,0.982853976875201,0.395372971182042,-2613.95374149437,-2614.15142797996
450,0.978193148590055,0.449879980461446,-2763.55322428691,-2763.77816427714
475,0.181495525700471,6.24627811575738,-3064.93343458765,-3068.05657364553
500,0.173254970973545,6.3686798271965,-3143.97255339541,-3147.156893309
50,0.643116420978451,2.50848862482701,-314.240658655458,-315.494902967872
75,0.986239827388567,0.351660033623489,-477.34999661419,-477.525826631001
100,0.886471008396806,1.14869641534233,-579.427896572909,-580.00224478058
125,0.514082762056469,3.26759574770813,-750.299513723302,-751.933311597156
150,0.977625662753715,0.456164461746084,-942.369198267156,-942.597280498029
175,0.462721251954021,3.6007773464612,-1018.67714819949,-1020.47753687272
200,0.045824959063038,9.69847545705397,-1188.75758678642,-1193.60682451495
225,0.594012034377076,2.78738621154162,-1401.41702199837,-1402.81071510414
250,0.840890736266039,1.41897339358911,-1532.73899780985,-1533.44848450665
275,0.120879122848853,7.29957050805297,-1690.65055754923,-1694.30034280326
300,0.577493234277811,2.88357975983581,-1815.49308860143,-1816.93487848135
325,0.967483645967524,0.559239235478799,-1943.44094691291,-1943.72056653065
350,0.216353691659589,5.7779806270446,-2212.45482433503,-2215.34381464856
375,0.548203781639243,3.05777559402941,-2310.41279304174,-2311.94168083876
400,0.501146352581493,3.34938186996897,-2523.32838547612,-2525.0030764111
425,0.888377777751738,1.13687832169035,-2598.60458588438,-2599.17302504523
450,0.368278261058798,4.28920932094752,-2814.02589000798,-2816.17049466845
475,0.198035189304258,6.01494175845255,-2873.38033226159,-2876.38780314081
500,0.0325319450979625,10.5193167077505,-3115.27352775302,-3120.5331861069
50,0.592659303734055,2.79521307929235,-317.611285671416,-319.008892211062
75,0.863711693796322,1.28620488036984,-468.597781644201,-469.240884084386
100,0.650293115264652,2.46845536896876,-595.788319499921,-597.022547184406
125,0.126166505233952,7.19031066936714,-760.918949695252,-764.514105029935
150,0.526845446699699,3.18815990005646,-888.907942755105,-890.502022705134
175,0.585335074506303,2.8377444588973,-1087.17636991061,-1088.59524214006
200,0.904909644240064,1.03197337050187,-1204.23181827575,-1204.747804961
225,0.125551249414018,7.20280471950582,-1360.613945761,-1364.21534812076
250,0.698926298843256,2.20056247951015,-1535.78834781547,-1536.88862905522
275,0.525346196767627,3.19742968590526,-1726.38823417873,-1727.98694902169
300,0.451387490179806,3.6776325934502,-1812.24453315179,-1814.08334944852
325,0.492003452560267,3.40800540576492,-1964.30937303891,-1966.01337574179
350,0.721745198579883,2.0762043751738,-2162.57109817399,-2163.60920036157
375,0.863637190330477,1.28664563370421,-2305.28226929844,-2305.92559211529
400,0.105680760700673,7.64026837638175,-2510.2086053479,-2514.02873953609
425,0.56559328117801,2.9537591520866,-2600.44808255737,-2601.92496213342
450,0.903301549403177,1.04239029038308,-2699.02509342464,-2699.54628856984
475,0.411797053871227,3.95743493207556,-2985.55240311546,-2987.5311205815
500,0.669713847508513,2.36084838568695,-3072.56297395785,-3073.74339815069
50,0.749252999648634,1.92662160451664,-297.693576106072,-298.656886908331
75,0.74338800765941,1.95852076995368,-503.817515114438,-504.796775499414
100,0.792623894525682,1.68950095483478,-616.100355561548,-616.945106038965
125,0.691334363498446,2.24207327641307,-793.784228235148,-794.905264873355
150,0.998420157319336,0.114584525320879,-961.480200939357,-961.537493202018
175,0.712799683942786,2.12489783645697,-1086.94767674785,-1088.01012566608
200,0.621606140747816,2.62950102602736,-1235.26561205901,-1236.58036257203
225,0.183307890956139,6.22002934925558,-1373.39686381605,-1376.50687849068
250,0.713181096375806,2.12282044042877,-1504.95214557417,-1506.01355579438
275,0.752490072664256,1.90900770401777,-1689.88192592073,-1690.83642977274
300,0.534214168848746,3.14282930034233,-1915.93068976876,-1917.50210441893
325,0.990252031819214,0.293150443046216,-2006.4515409164,-2006.59811613792
350,0.359645877003888,4.35858965205261,-2197.16130955615,-2199.34060438218
375,0.0792121210707039,8.36106821763133,-2366.09460328154,-2370.27513739035
400,0.655856756296232,2.43752493160355,-2537.16938060303,-2538.38814306883
425,0.0767300835606468,8.4398981373115,-2660.15081349309,-2664.37076256175
450,0.354726948358148,4.39871340978243,-2810.68543714735,-2812.88479385224
475,0.110298090302044,7.53219247506604,-3013.48411614447,-3017.250212382
500,0.0418404800495441,9.91750411778594,-3113.72137826637,-3118.68013032526
50,0.870936519380975,1.24319740897147,-334.277201675923,-334.898800380408
75,0.978341767347135,0.448222883548283,-443.300344050689,-443.524455492464
100,0.129644137417557,7.12072910526786,-629.351363526806,-632.91172807944
125,0.681159552784844,2.2978553323394,-715.879675320098,-717.028602986268
150,0.553183895601962,3.0278004088043,-907.754092645849,-909.267992850251
175,0.936643792968375,0.813391434009645,-1103.85249571271,-1104.25919142972
200,0.148661328102376,6.76811938226183,-1232.7364872188,-1236.12054690993
225,0.677798135838345,2.31632662242328,-1421.60294818433,-1422.76111149555
250,0.070703281619952,8.64181416889551,-1562.76667742602,-1567.08758451047
275,0.0575630919708169,9.14553005156904,-1717.4637255211,-1722.03649054689
300,0.207104043917692,5.8953119180901,-1917.16607412634,-1920.11373008538
325,0.329516082184734,4.61162471645457,-1972.82406275564,-1975.12987511387
350,0.797560444821525,1.66226404037388,-2061.69133647063,-2062.52246849082
375,0.095507417099865,7.89483397680942,-2318.9628669179,-2322.9102839063
400,0.523985955496218,3.20585393038073,-2556.33320173293,-2557.93612869812
425,0.368187049508767,4.28993570223793,-2592.58375850726,-2594.72872635838
450,0.707283412236567,2.15495787212876,-2775.04039611203,-2776.11787504809
475,0.274964347144922,5.12243171090267,-3012.1444165402,-3014.70563239565
500,0.0604807019067938,9.02487584148548,-3173.36349984927,-3177.87593777001
50,0.0554838700300834,9.23512081871786,-299.062236930343,-303.679797339702
75,0.451972582045477,3.67363217501679,-467.441724482873,-469.278540570381
100,0.118199087645624,7.35665008307069,-626.253157566651,-629.931482608186
125,0.768354927405373,1.82254608275957,-787.668880040554,-788.580153081933
150,0.946758184373116,0.736456293642732,-970.999969256559,-971.368197403381
175,0.165470517708639,6.48922571297226,-993.245160327632,-996.489773184118
200,0.387379553448161,4.14008266702012,-1241.08340020752,-1243.15344154103
225,0.685875770694401,2.27197623707571,-1359.7852813361,-1360.92126945463
250,0.485663207268497,3.44907839168263,-1609.0922865663,-1610.81682576214
275,0.0287995823457626,10.8087517642816,-1724.74855491032,-1730.15293079246
300,0.500950453975903,3.35063066262455,-1807.89595827787,-1809.57127360918
325,0.348138586394688,4.45315244855647,-2064.14718271214,-2066.37375893641
350,0.202179755857415,5.95967923682019,-2152.77741525969,-2155.7572548781
375,0.275602596443339,5.11598305310054,-2345.7149800414,-2348.27297156795
400,0.264999054815213,5.22480384728533,-2513.90884418566,-2516.52124610931
425,0.0928788300054325,7.96472803931101,-2647.44749422462,-2651.42985824427
450,0.351439630996129,4.42577469454136,-2750.42042731318,-2752.63331466046
475,0.190077988928688,6.12399014653874,-3018.24388476499,-3021.30587983826
500,0.847126507903407,1.38310246494348,-3029.05195614172,-3029.74350737419
50,0.133325104266118,7.04892763426017,-300.802998883797,-304.327462700927
75,0.980611593292909,0.422290233358694,-461.958997239476,-462.170142356155
100,0.995036226717943,0.206211377753789,-616.196288199524,-616.2993938884
125,0.762636299002312,1.85374398510271,-762.721328543938,-763.64820053649
150,0.686436619701989,2.26890144536242,-916.707508605955,-917.841959328636
175,0.72184296505751,2.07567248766054,-1079.344100805,-1080.38193704883
200,0.799187858501557,1.65326876345353,-1239.39920390348,-1240.22583828521
225,0.27019550328528,5.1710206077214,-1322.5648088367,-1325.15031914056
250,0.199119787405738,6.00038146286806,-1535.70357177802,-1538.70376250946
275,0.756651516627103,1.88635293667858,-1683.03198892637,-1683.9751653947
300,0.374258450938878,4.24188857417175,-1812.63789631622,-1814.7588406033
325,0.717380308825409,2.09995687318133,-1986.79371794264,-1987.84369637923
350,0.174715772694934,6.34660492176681,-2122.95167364763,-2126.12497610852
375,0.741384597263705,1.96941424136639,-2308.65711126726,-2309.64181838795
400,0.369954924368786,4.27588188007121,-2534.04880121776,-2536.1867421578
425,0.285200297015806,5.02050226262782,-2693.99077546446,-2696.50102659577
450,0.481748410596331,3.47461671412293,-2773.66858454936,-2775.40589290642
475,0.359186694648469,4.36231677682099,-2905.78225863181,-2907.96341702022
500,0.972625584691225,0.508932590820223,-3152.7340626592,-3152.98852895461
50,0.412944216333412,3.94905640825618,-313.519279609589,-315.493807813717
75,0.159910889963951,6.57850117127771,-448.018625247269,-451.307875832908
100,0.938818265477586,0.797235755904694,-641.596929316376,-641.995547194328
125,0.886208238056273,1.15032097904395,-761.68996304283,-762.265123532351
150,0.327850556626785,4.6261475811425,-966.715625827205,-969.028699617776
175,0.421066676613926,3.89022075382672,-1069.67126487887,-1071.61637525578
200,0.290539597463932,4.96855110000843,-1190.86440025766,-1193.34867580767
225,0.123017500399327,7.25486074615355,-1384.73286891011,-1388.36029928318
250,0.294948882246428,4.9262488156437,-1520.25861647418,-1522.721740882
275,0.840498803203235,1.42121895089713,-1753.54231823067,-1754.25292770612
300,0.568260382846959,2.93796220070953,-1792.88952457509,-1794.35850567544
325,0.269217483695954,5.18107541358131,-2002.41287457589,-2005.00341228268
350,0.33295015304319,4.58186772945737,-2187.35782539255,-2189.64875925727
375,0.796412391148902,1.66860477229784,-2344.45856424049,-2345.29286662664
400,0.766917559180875,1.83039172974168,-2490.07225253964,-2490.98744840451
425,0.84511853131766,1.39468344395573,-2564.96270371404,-2565.66004543602
450,0.278852618622295,5.08334070429373,-2748.30519081473,-2750.84686116688
475,0.333596550169516,4.57629438510594,-2895.38367077447,-2897.67181796702
500,0.379434811539902,4.20140107440966,-3137.90151479327,-3140.00221533047
50,0.504516702369585,3.32794584134365,-313.089704051722,-314.753676972393
75,0.621876885766843,2.62796748224832,-473.193456054345,-474.507439795469
100,0.477943577817523,3.49957100041706,-582.645089985742,-584.394875485951
125,0.448370505305444,3.69831871062183,-788.178260341672,-790.027419696983
150,0.929357411220161,0.866212027352503,-914.296350090775,-914.729456104451
175,0.994108447043206,0.225369802349633,-1144.64157591667,-1144.75426081784
200,0.961680594813188,0.612357886167956,-1240.89367915993,-1241.19985810301
225,0.36842212913951,4.28806388502608,-1401.05646536875,-1403.20049731127
250,0.321444319559003,4.68257400560924,-1539.93471986666,-1542.27600686946
275,0.217411044633696,5.76485124107921,-1745.87975221297,-1748.76217783351
300,0.0697743604813694,8.67437498492291,-1863.252515646,-1867.58970313846
325,0.680476166114642,2.30160877489652,-2022.76377189789,-2023.91457628534
350,0.574722783285101,2.89984960227775,-2117.3427986454,-2118.79272344653
375,0.548692130709184,3.05482939768171,-2317.11119919402,-2318.63861389286
400,0.707696506310824,2.15270572984628,-2508.61577178203,-2509.69212464695
425,0.565980474488824,2.95146335784466,-2658.05189660483,-2659.52762828375
450,0.5621705857035,2.97409067103672,-2697.4216101212,-2698.90865545672
475,0.335742888954097,4.55785071411447,-2945.44090436828,-2947.71982972533
500,0.0613279570930823,8.9908754217322,-3048.844899249,-3053.34033695987
50,0.564343232076304,2.96117691786549,-293.408728670271,-294.889317129204
75,0.803253050533012,1.63076131558955,-461.359470557203,-462.174851214998
100,0.194545087205105,6.06228145314458,-640.64804112851,-643.679181855083
125,0.800368340541169,1.64673853333989,-719.796449816528,-720.619819083198
150,0.405801991790802,4.0015066013309,-904.720116341581,-906.720869642247
175,0.736450588059663,1.99623949562101,-1059.56157322845,-1060.55969297626
200,0.736072333623382,1.99829590195395,-1166.68794291432,-1167.6870908653
225,0.235285503204345,5.55096849349184,-1340.54982223162,-1343.32530647837
250,0.150886336720817,6.72960215798958,-1556.63152358385,-1559.99632466284
275,0.963393730175504,0.597024751109984,-1708.21690853057,-1708.51542090612
300,0.858400706878552,1.31749280269469,-1922.12235772445,-1922.7811041258
325,0.797383180522843,1.66324334031879,-1992.79202520861,-1993.62364687877
350,0.276116865173745,5.11079625133789,-2162.06620073556,-2164.62159886123
375,0.863982406074301,1.28460292554064,-2414.82846003696,-2415.47076149973
400,0.531391404093935,3.16014964085571,-2468.76804571331,-2470.34812053374
425,0.721707677362756,2.07640850650751,-2625.04801652838,-2626.08622078163
450,0.2495815954595,5.38986271758222,-2784.03997539679,-2786.73490675558
475,0.947228686544257,0.732757289675646,-2947.47590096111,-2947.84227960595
500,0.225590353432864,5.6651403147589,-3044.71659412125,-3047.54916427863
50,0.277345062690168,5.09844193639321,-308.442534027159,-310.991754995355
75,0.786603519899701,1.72262641850261,-498.995487917881,-499.856801127132
100,0.109716919989188,7.54556159199046,-605.370638302054,-609.143419098049
125,0.520209458425107,3.22931291962686,-777.237969035985,-778.852625495798
150,0.0099879293911678,13.2794835603083,-913.452916365935,-920.092658146089
175,0.683832282004919,2.2831842658843,-1028.83670583254,-1029.97829796548
200,0.388586228214102,4.1308541682647,-1302.95599363484,-1305.02142071897
225,0.585809549980144,2.83498120779859,-1388.15153343594,-1389.56902403984
250,0.945782880440092,0.744086881175463,-1601.78906300635,-1602.16110644694
275,0.539997689165501,3.10751080144973,-1678.73015605292,-1680.28391145364
300,0.106143974912109,7.62922983886074,-1860.91413553373,-1864.72875045316
325,0.298143945650433,4.8959245686583,-2000.41100750252,-2002.85896978685
350,0.429765114409597,3.8281314576916,-2200.25391318009,-2202.16797890894
375,0.169172419011291,6.43127546899996,-2302.28305667334,-2305.49869440784
400,0.20053634662856,5.98147051555952,-2436.29170101468,-2439.28243627246
425,0.00723741373640627,14.0181308691372,-2610.85943794238,-2617.86850337694
450,0.984758477752097,0.371300198468816,-2678.88813226925,-2679.07378236848
475,0.0882207794688749,8.09326858672739,-2936.67614928218,-2940.72278357554
500,0.719495728127379,2.08844387065074,-3106.90545026431,-3107.94967219963
50,0.73954692903285,1.97940567721378,-314.031387905419,-315.021090744026
75,0.217816935752136,5.75982611838242,-463.484115446662,-466.364028505854
100,0.491811289366667,3.4092451283509,-585.419041907815,-587.123664471991
125,0.747903407680628,1.93396331586268,-795.535322804203,-796.502304462135
150,0.433202416733137,3.8038484588385,-868.366849086434,-870.268773315853
175,0.616542963697799,2.65823222975632,-1067.48383172181,-1068.81294783669
200,0.900586051001081,1.05986890661643,-1244.59191639146,-1245.12185084477
225,0.374617867744213,4.23906335971878,-1398.09060790854,-1400.2101395884
250,0.905865283763117,1.02575879914775,-1527.47648881839,-1527.98936821797
275,0.226547789490204,5.65367664960604,-1714.49558956169,-1717.32242788649
300,0.520962853640361,3.22462461874784,-1784.81490575508,-1786.42721806445
325,0.0221028127472002,11.433276321116,-2045.78367092175,-2051.50030908231
350,0.979627961870145,0.433677134354184,-2209.72083268332,-2209.93767125049
375,0.160483595172423,6.56917587077714,-2358.49649515964,-2361.78108309502
400,0.745924418385086,1.94472728223991,-2409.98010446133,-2410.95246810245
425,0.815590117790154,1.5620837406459,-2673.94200435413,-2674.72304622445
450,0.508897264444507,3.30022086532608,-2798.87812717609,-2800.52823760875
475,0.899439020968807,1.06721110982653,-3004.82926405622,-3005.36286961113
500,0.798240897628326,1.65850395802772,-3110.79602822992,-3111.62528020894
50,0.513138646295534,3.27352030723739,-327.312144254164,-328.948904407783
75,0.438841825002867,3.76430851944383,-437.651894976853,-439.534049236575
100,0.218844729109977,5.74713828146423,-606.781750895057,-609.655320035789
125,0.161110853032446,6.55899687630313,-732.906233027097,-736.185731465249
150,0.743194857065443,1.95957106869491,-932.581178240534,-933.560963774881
175,0.0732927731175068,8.55313884901625,-1082.77767930384,-1087.05424872835
200,0.109020329725318,7.56167283332798,-1211.18168768018,-1214.96252409684
225,0.345587905162587,4.47444919152349,-1425.58883435595,-1427.82605895171
250,0.912159799943571,0.984349224763719,-1522.11619935759,-1522.60837396997
275,0.624105837732442,2.61535295560543,-1638.7366413789,-1640.0443178567
300,0.590006579856281,2.81058708003275,-1809.22389284237,-1810.62918638239
325,0.914686736161809,0.967477327931192,-2001.46080694265,-2001.94454560662
350,0.18830228744595,6.14888002504358,-2112.82120809237,-2115.89564810489
375,0.917134862342157,0.95098550163857,-2298.29973444142,-2298.77522719224
400,0.123143010800663,7.2522589156406,-2532.12582531559,-2535.75195477341
425,0.855221006261416,1.33610317653802,-2608.663532303,-2609.33158389127
450,0.0731776021434242,8.55701937673985,-2736.29617891553,-2740.5746886039
475,0.85155793216252,1.35743675508184,-2879.79401486992,-2880.47273324746
500,0.0396769605960141,10.0449689501256,-3095.11286040705,-3100.13534488212
50,0.046123149037244,9.68282606353637,-331.286042961764,-336.127455993532
75,0.741735333886179,1.96750719968622,-447.8711727604,-448.854926360243
100,0.037637301179946,10.171403409166,-622.986051633349,-628.071753337932
125,0.62150012484348,2.63010159401051,-803.366711068874,-804.68176186588
150,0.984889782689622,0.3695938937351,-948.859794124642,-949.04459107151
175,0.115172722851427,7.42256500893154,-1055.68293127582,-1059.39421378029
200,0.962605282805717,0.60411534232162,-1157.79374439006,-1158.09580206122
225,0.732657434302902,2.01686141860091,-1398.68529353073,-1399.69372424003
250,0.973798330938067,0.496938500822125,-1583.24974323401,-1583.49821248442
275,0.105750836850941,7.63859555054933,-1718.84068924551,-1722.65998702078
300,0.824237254813964,1.51355743649174,-1919.16567668749,-1919.92245540574
325,0.631025538006165,2.57630915079199,-2012.34915568436,-2013.63731025975
350,0.9816964755981,0.409443309406015,-2098.44973528647,-2098.65445694117
375,0.592707274610714,2.79493537220878,-2301.00704803593,-2302.40451572203
400,0.784116879368342,1.73628203302269,-2412.06157856507,-2412.92971958158
425,0.650227419731048,2.46882112910225,-2558.55146245891,-2559.78587302346
450,0.72842920127433,2.03985088855461,-2742.60709521823,-2743.62702066251
475,0.00704177819598864,14.0807392190318,-2862.46710914596,-2869.50747875548
500,0.0467745373805386,9.6489745410754,-3023.7589629744,-3028.58345024494
50,0.714442599498966,2.11595043207478,-320.388200716251,-321.446175932288
75,0.372317816242013,4.25717961356077,-479.668573356328,-481.797163163108
100,0.585048580058545,2.83941349148859,-591.581754107011,-593.001460852755
125,0.66642595373466,2.37899797511886,-753.16190475384,-754.3514037414
150,0.0882217622835663,8.09324080006718,-900.6088456915,-904.655466091533
175,0.43769451283609,3.77232296882676,-1063.33370382632,-1065.21986531074
200,0.936292013153365,0.815987086574751,-1244.82944134988,-1245.23743489317
225,0.831765081232618,1.47100372176737,-1377.97043675385,-1378.70593861474
250,0.549838897990714,3.04791686351564,-1577.39153326339,-1578.91549169515
275,0.0680502349207358,8.73591273890452,-1697.71819211766,-1702.08614848711
300,0.120870272273999,7.29975707317863,-1883.56151075072,-1887.2113892873
325,0.258549990761319,5.29281817517312,-1954.47292159895,-1957.11933068654
350,0.0219022691058283,11.4546914071252,-2177.2027785244,-2182.93012422796
375,0.430779691743465,3.82094931053871,-2331.92379629371,-2333.83427094898
400,0.0836477410879517,8.22581893088864,-2568.84247559731,-2572.95538506275
425,0.645707466502801,2.49401697120629,-2646.31860722183,-2647.56561570743
450,0.391945672934909,4.10527651478333,-2741.86466514507,-2743.91730340246
475,0.497587953945833,3.37211484491945,-2940.37589537254,-2942.06195279499
500,0.491629540415051,3.41041795680667,-3140.5375356143,-3142.24274459271
50,0.497616863638415,3.37192973130334,-297.168230974485,-298.854195840136
75,0.424056334098765,3.86877564437884,-493.327651275603,-495.262039097792
100,0.958732760642764,0.638138762858262,-611.030090519487,-611.349159900916
125,0.0686810400508528,8.71322839021605,-785.6480311148,-790.004645309908
150,0.261946808174442,5.25681545514021,-933.92431507997,-936.55272280754
175,0.617641686780394,2.6519889089368,-1089.55952913391,-1090.88552358837
200,0.601715403324478,2.74297705007803,-1227.27891355482,-1228.65040207986
225,0.838734813659145,1.43131301430549,-1364.39955830525,-1365.1152148124
250,0.0944710686945042,7.92217277932968,-1522.99876122076,-1526.95984761043
275,0.105349025552013,7.64820145651356,-1682.83579138056,-1686.65989210881
300,0.390934374884105,4.11295851161458,-1874.74344577518,-1876.79992503099
325,0.968364933856299,0.550856680907145,-1997.56023236121,-1997.83566070166
350,0.582165206295723,2.85623424402183,-2180.5788126563,-2182.00692977832
375,0.696432115321636,2.21419067588613,-2329.09753105198,-2330.20462638992
400,0.711528761462418,2.1318209531064,-2477.61277269788,-2478.67868317444
425,0.0903038638548467,8.03501706529823,-2632.94861128835,-2636.966119821
450,0.544286467615443,3.08146335468246,-2746.32472034343,-2747.86545202077
475,0.362242838290985,4.33758081704491,-2947.12430198475,-2949.29309239327
500,0.203407922183181,5.94349639400389,-3085.40968180566,-3088.38143000266
50,0.526315818392375,3.19143273203338,-319.813848851658,-321.409565217674
75,0.513508252667885,3.27120012373086,-444.207867344866,-445.843467406731
100,0.8300964365303,1.48046321959441,-642.215869471997,-642.956101081794
125,0.806952462951484,1.61022919285006,-785.907054823243,-786.712169419668
150,0.101584398863343,7.73989743342622,-933.834445906112,-937.704394622825
175,0.0386712028852148,10.1065129020631,-1123.69119435641,-1128.74445080744
200,0.0547201603829248,9.26883340748464,-1264.27936528953,-1268.91378199328
225,0.981936598508715,0.406556421324694,-1434.29362245966,-1434.49690067032
250,0.939172319024338,0.794586680212888,-1582.54301045123,-1582.94030379134
275,0.752812039160808,1.90725540637231,-1719.05793999127,-1720.01156769445
300,0.542145029394139,3.09445415776418,-1899.14442399359,-1900.69165107248
325,0.961701618140391,0.612171345360366,-2050.03563863184,-2050.34172430452
350,0.929601174269579,0.864475241413857,-2208.05191527497,-2208.48415289568
375,0.817436104985978,1.55175365080504,-2313.10892813698,-2313.88480496238
400,0.512869452509695,3.27521081554005,-2460.73322381237,-2462.37082922014
425,0.0233513201746927,11.3040454747752,-2542.0272500152,-2547.67927275259
450,0.177468538037203,6.30545442979019,-2761.08895121323,-2764.24167842813
475,0.34429019444301,4.4853326353159,-2887.01096748941,-2889.25363380707
500,0.248434339751811,5.40249258761651,-3194.74731387631,-3197.44856017012
50,0.129422607734888,7.12510993286594,-290.529437313614,-294.091992280047
75,0.394217450553787,4.08807463129438,-465.415791554021,-467.459828869668
100,0.26765454174107,5.19720840384116,-625.58759711013,-628.18620131205
125,0.0722510392119904,8.58845042505027,-785.135558661129,-789.429783873654
150,0.869723418143285,1.25045673662044,-888.726246083835,-889.351474452145
175,0.318371635996283,4.70996490375455,-1094.85702173801,-1097.21200418989
200,0.822090211860156,1.52563973501583,-1267.33937167098,-1268.10219153849
225,0.861660881232166,1.29831777629124,-1476.90976265202,-1477.55892154017
250,0.212166654376923,5.83053328532105,-1598.25381464272,-1601.16908128538
275,0.565160133375622,2.95632843425255,-1727.60529454271,-1729.08345875984
300,0.516426445140983,3.25291787697643,-1865.74970772875,-1867.37616666724
325,0.425137823055318,3.86104532746731,-2001.41099041667,-2003.3415130804
350,0.479439082808513,3.48974676715625,-2135.71328758705,-2137.45816097063
375,0.0993165977308847,7.79667735318526,-2356.6887796281,-2360.58711830469
400,0.220206389802621,5.73040934619621,-2442.4623151397,-2445.3275198128
425,0.418558615751446,3.9082978798051,-2556.17340930194,-2558.12755824184
450,0.65247889039212,2.45629323999037,-2729.73254588893,-2730.96069250893
475,0.99876543341827,0.101065322646718,-2957.34989646569,-2957.40042912701
500,0.73344120067344,2.01260030702542,-3072.38135597623,-3073.38765612975
50,0.81619746979643,1.55868668969265,-313.160126013535,-313.939469358381
75,0.149600844871367,6.75179164940619,-462.199524242041,-465.575420066744
100,0.283013666197488,5.0420143360293,-628.26451847316,-630.785525641174
125,0.703378804656778,2.17625470629036,-754.651849242037,-755.739976595182
150,0.260787476308773,5.26905799826477,-909.097935907727,-911.732464906859
175,0.397154587221396,4.06594603643089,-1113.61689341328,-1115.6498664315
200,0.293272918879573,4.94226513862304,-1232.51977876509,-1234.9909113344
225,0.932616160711447,0.842826090233757,-1384.35102593627,-1384.77243898139
250,0.485956363031378,3.4471714989927,-1530.41361351555,-1532.13719926505
275,0.0690053769236731,8.70164165089545,-1730.90814261419,-1735.25896343964
300,0.0658139958133384,8.8179680878161,-1824.94665800171,-1829.35564204562
325,0.373067609387194,4.25126435318271,-2014.81488125377,-2016.94051343036
350,0.0123220542019758,12.7950155012613,-2175.05867486686,-2181.45618261749
375,0.0156878564227065,12.2348252062311,-2288.75977871689,-2294.87719132
400,0.29020470160819,4.97178597143829,-2435.81788057977,-2438.30377356549
425,0.79316522632173,1.6865176659494,-2612.63426194837,-2613.47752078135
450,0.389895579041447,4.12086520082448,-2740.27227241813,-2742.33270501854
475,0.84715403415807,1.38294350147044,-2972.96438598691,-2973.65585773765
500,0.0398803301204113,10.0327067624658,-3117.66925941041,-3122.68561279164
50,0.96878495032115,0.546828968225441,-314.958129778131,-315.231544262244
75,0.0716264750339432,8.60985282115303,-442.431812025153,-446.73673843573
100,0.418704453698033,3.90724455298982,-639.461182027908,-641.414804304403
125,0.607372032887645,2.71053701778533,-800.803235964659,-802.158504473552
150,0.0672791938561713,8.76391230013678,-955.260995780414,-959.642951930482
175,0.362963561195637,4.33177137254006,-1087.07493033449,-1089.24081602076
200,0.98290926578675,0.394690874479238,-1232.4639056736,-1232.66125111084
225,0.0213547094397077,11.5141455049311,-1406.77191341912,-1412.52898617159
250,0.475744075619642,3.51405761169053,-1566.25600637828,-1568.01303518413
275,0.128453741340424,7.14435115372089,-1719.73710772834,-1723.3092833052
300,0.200511931342358,5.98179545104858,-1850.62178529833,-1853.61268302385
325,0.132634784049977,7.06225299116113,-1987.33083906684,-1990.86196556242
350,0.860218506369284,1.30681325281603,-2138.66566923705,-2139.31907586346
375,0.121413870599225,7.28832170219448,-2344.26550831738,-2347.90966916848
400,0.0458117233320236,9.69917234298828,-2416.97447089883,-2421.82405707032
425,0.83878163590226,1.43104534731992,-2642.63509843621,-2643.35062110987
450,0.369414856220999,4.28016960230343,-2741.1381184313,-2743.27820323245
475,0.127127745455308,7.17090275058126,-2968.18451853823,-2971.76996991352
500,0.52334116848615,3.20985188859959,-3099.81283384105,-3101.41775978535
50,0.421181731465906,3.8893933876908,-313.240334905159,-315.185031599004
75,0.0859112379833711,8.1593821622854,-479.867808508223,-483.947499589366
100,0.869003971717988,1.25475451613352,-582.968971902699,-583.596349160766
125,0.354391866988815,4.4014626702126,-798.761956613458,-800.962687948564
150,0.0200162219654215,11.6659438921079,-929.250785917641,-935.083757863695
175,0.808770751044348,1.60011897857339,-1036.39636300094,-1037.19642249022
200,0.0341847033717846,10.401255003354,-1295.30810395504,-1300.50873145672
225,0.107909002015749,7.58757573222374,-1397.73925319066,-1401.53304105677
250,0.227393814934975,5.64358215711218,-1570.44555814513,-1573.26734922369
275,0.794428599109486,1.67955196094135,-1680.67026821917,-1681.51004419964
300,0.0801422287281516,8.33212662856977,-1887.16053387424,-1891.32659718853
325,0.0714787701821074,8.61494013825359,-1995.39170094465,-1999.69917101378
350,0.915674749627763,0.960839294266407,-2215.41150958736,-2215.89192923449
375,0.425279023689324,3.86003710976456,-2353.18494157956,-2355.11496013444
400,0.123418538729234,7.24655580423951,-2527.46881404121,-2531.09209194333
425,0.390552006609295,4.11586700018961,-2695.73506955645,-2697.79300305654
450,0.969895427410761,0.536074525020922,-2780.60460343042,-2780.87264069293
475,0.577941420684377,2.88095154591338,-2918.89689518522,-2920.33737095818
500,0.0246204747632372,11.1793639226389,-3008.67936257403,-3014.26904453535
50,0.785178697439004,1.73045274345895,-309.455991364757,-310.321217736487
75,0.16781054719094,6.45245993161677,-436.516488169844,-439.742718135652
100,0.879018261639326,1.19440910523963,-605.45351133574,-606.05071588836
125,0.23987312248379,5.49836627636273,-738.503222022601,-741.252405160782
150,0.293642026738035,4.93873120753597,-952.981656460673,-955.451022064441
175,0.556577352381253,3.00746246383324,-1095.96615239222,-1097.46988362414
200,0.210869317021022,5.84700214884469,-1282.45823186958,-1285.381732944
225,0.563584504825639,2.96568354572946,-1399.10682451693,-1400.5896662898
250,0.167749488548945,6.45341335789544,-1582.24237984662,-1585.46908652557
275,0.095434899077311,7.89673794069131,-1709.67391675574,-1713.62228572608
300,0.537086359842178,3.12526148649795,-1875.94930072432,-1877.51193146756
325,0.941696824535226,0.775540292244386,-1978.12336015878,-1978.51113030491
350,0.260796327202207,5.26896435657909,-2091.80599044721,-2094.44047262549
375,0.497436865156731,3.37308240526363,-2328.45967284375,-2330.14621404638
400,0.177794110932735,6.30062555576114,-2477.71933437114,-2480.86964714902
425,0.305588974005117,4.82629977576198,-2632.58839926763,-2635.00154915551
450,0.0977167384790368,7.83746696988419,-2808.15495950636,-2812.0736929913
475,0.895805090021401,1.09031936504107,-2965.6781826186,-2966.22334230112
500,0.677915368151942,2.31568203487495,-3022.93262700018,-3024.09046801762
50,0.588011318149749,2.82217319991344,-308.692026710371,-310.103113310328
75,0.728011524974255,2.04212208291926,-467.695094109002,-468.716155150462
100,0.207475923348519,5.89050616651116,-590.711929118465,-593.65718220172
125,0.118836272667517,7.34297153055195,-734.116173432673,-737.787659197949
150,0.974974654739937,0.48468514201295,-932.101836674799,-932.344179245806
175,0.720095218047849,2.08518171956894,-1068.90770477025,-1069.95029563004
200,0.125975477385064,7.1941838583366,-1191.33756312642,-1194.93465505559
225,0.425891056115735,3.8556698307807,-1334.78048439894,-1336.70831931433
250,0.0555688706599408,9.2313960123679,-1553.88267718532,-1558.49837519151
275,0.437027624131763,3.77698840318999,-1705.50490078242,-1707.39339498402
300,0.430094820289084,3.82579613467306,-1870.84630375309,-1872.75920182043
325,0.0217875329234436,11.4670291840039,-2011.25808609208,-2016.99160068409
350,0.453862719944951,3.66073366249111,-2184.45209294743,-2186.28245977867
375,0.74960380301737,1.92471308832228,-2324.06715590552,-2325.02951244968
400,0.395400589112369,4.07914577156134,-2482.94783496017,-2484.98740784595
425,0.249515100739442,5.39059337392973,-2657.73652926879,-2660.43182595575
450,0.880528501791292,1.18520474287743,-2715.48420101735,-2716.07680338879
475,0.255367326102764,5.32692091290846,-2877.14554771656,-2879.80900817302
500,0.242879701874748,5.46436416787583,-3042.2502925247,-3044.98247460864
50,0.657801561900999,2.42673347590801,-313.429572935355,-314.642939673309
75,0.592383705460848,2.79680875150359,-462.643280830956,-464.041685206708
100,0.283115272614727,5.04101163635642,-617.601859536968,-620.122365355146
125,0.88225325985225,1.17465719435177,-771.359137471075,-771.946466068251
150,0.983275869452241,0.390143907904303,-926.339044232193,-926.534116186145
175,0.908743063723286,1.0069319535346,-1089.54752552323,-1090.0509915
200,0.112044458089691,7.49240972271809,-1231.39440263414,-1235.1406074955
225,0.310681585452289,4.77947987109474,-1373.61452179158,-1376.00426172713
250,0.6094097785607,2.69888476432425,-1550.49343014485,-1551.84287252701
275,0.710658550828759,2.13656211599846,-1693.77656769567,-1694.84484875367
300,0.132243424313771,7.06983582791509,-1873.39266965252,-1876.92758756647
325,0.74939073276847,1.92587228744787,-1998.16573483364,-1999.12867097736
350,0.0393375259470696,10.0655702840577,-2181.70125074855,-2186.73403589058
375,0.264625087071107,5.22870899615373,-2360.39767563195,-2363.01203013003
400,0.48172101651342,3.47479590733019,-2445.08717196631,-2446.82456991997
425,0.716615572916745,2.1041196462611,-2657.51893342532,-2658.57099324845
450,0.10355331395884,7.69155221627989,-2770.22663635363,-2774.07241246177
475,0.644133719906134,2.50280424503944,-2982.21734791622,-2983.46875003874
500,0.0490523296178622,9.53404745699208,-3063.19660018478,-3067.96362391328
50,0.481466839789376,3.47645888132877,-297.366973888806,-299.10520332947
75,0.509254951785824,3.2979637284767,-444.893206019257,-446.542187883495
100,0.539693158972991,3.10936491730536,-593.088754432853,-594.643436891506
125,0.201531579270044,5.96825508318784,-726.123675086728,-729.107802628322
150,0.139346509744377,6.93531060430792,-936.000575260436,-939.46823056259
175,0.77259084342177,1.79940700770703,-1112.81948215359,-1113.71918565744
200,0.927793901349624,0.877305469148723,-1272.73534406616,-1273.17399680073
225,0.40420093576254,4.01335891791359,-1406.41425506972,-1408.42093452868
250,0.400791284089766,4.03871809848488,-1556.69748163174,-1558.71684068098
275,0.981593350367329,0.410678176874626,-1729.75093256027,-1729.95627164871
300,0.455309914241841,3.65088330110075,-1834.78435706842,-1836.60979871897
325,0.604303558426462,2.72811690486196,-2009.55454273567,-2010.9186011881
350,0.701027689573126,2.18908708608433,-2094.06892300332,-2095.16346654637
375,0.397983081399773,4.05972656011363,-2339.06601231933,-2341.09587559939
400,0.0320269619092164,10.5565438921276,-2569.15840509614,-2574.43667704221
425,0.0104181062085982,13.1823992782602,-2706.60309968561,-2713.19429932474
450,0.823932686151611,1.51527278100548,-2765.66199511682,-2766.41963150732
475,0.317650879079993,4.71642130371674,-2885.33072889215,-2887.68893954401
500,0.82768680106195,1.49409582315093,-3010.56457730556,-3011.31162521714
50,0.823126061234191,1.51981346249386,-293.435796916989,-294.195703648236
75,0.596097168598336,2.77533857418348,-485.312235071211,-486.699904358303
100,0.0504908509647369,9.46406695750738,-643.095918055126,-647.82795153388
125,0.592609765483431,2.79549987153814,-747.199412849388,-748.597162785157
150,0.473841276087982,3.52662661471095,-907.769290548013,-909.532603855369
175,0.385444650446646,4.15492668484148,-1094.52030860139,-1096.59777194381
200,0.147791171548332,6.78332593659525,-1208.6078165661,-1211.9994795344
225,0.362732565559872,4.33363234186163,-1398.79093984864,-1400.95775601957
250,0.834567039089065,1.45508301991822,-1518.24386867234,-1518.9714101823
275,0.483168921392162,3.4653340256632,-1712.42286437864,-1714.15553139148
300,0.661184269593341,2.4079875349471,-1765.16256488161,-1766.36655864908
325,0.744454985787179,1.9527186235091,-1955.92902976859,-1956.90538908035
350,0.234471120611588,5.56039937456262,-2145.65652680287,-2148.43672649015
