500,0.333,0.825,377.709824077126,750,1.43098725947715,1.57759209733097,1.03963790963264,1.10227019881652,1.05119971631172,929.373807275401,617.622866802593,893.658729630171,1250.30801347624,970.86505920714,0.93316840360176,1.05532040357352,0.845965651914514,0.856452432965745,0.890686507678649,2.27207665491654,2.04389923723469,1.33826099074073,1.74868971187176,1.24516675667468,611.174210420788,497.736340397916,622.72339057222,731.347979299937,692.78550535646,2036.28601781814,962.089023949065,1479.47697223101,2520.37540490894,1558.81313084134,-3002.25591471254
500,0.333,0.825,377.709824077126,750,1.66017222076918,1.12004830658135,0.992683131666602,1.01983162226988,1.39023661447118,660.405688725365,991.233462266685,1256.15617514168,1117.76140996891,734.149169334693,1.25890555167191,0.915651029095103,0.775773940723573,0.829810493525474,1.10068395317781,2.16108775896712,1.43466166268006,1.32235136298719,1.28643444393182,1.81812749799955,524.173850327183,695.160796592707,820.95051924717,742.838875220668,566.971743206281,958.543272443524,1669.88844414336,2564.22648897159,2132.24313574869,1116.33109140553,-2993.11800732273
500,0.333,0.825,377.709824077126,750,1.14917404609433,1.18488004863866,1.2628563014401,1.11223711632174,1.14151231941151,1042.90088621789,886.388428106237,935.863752501517,1056.9365277459,878.840336745261,0.86880620492287,0.978611960537451,0.999452547281962,0.872387418768741,0.949229737654085,1.60004710622439,1.46015846459778,1.59147650823842,1.43433131551182,1.40077338641258,685.633690939644,646.381728292506,675.769101242517,718.722936520449,658.653044783267,1982.2073198904,1409.73813527499,1497.38540940437,1800.24629172869,1341.88713215262,-2954.17849215104
500,0.333,0.825,377.709824077126,750,1.37704769371071,0.934373923173048,1.2017401618217,1.22213499160662,1.2194809521377,825.619309317775,1178.27153544236,779.328491818119,884.998871737063,919.198048930896,1.02985292794436,0.739639839515782,1.00952296392848,0.89160991398866,0.88763248000552,1.82130923656007,1.40815792895372,1.49848783668221,1.77572010624973,1.57958539530625,580.264285948596,675.712235344127,585.799872188531,597.161330656364,638.003116221654,1399.83263098289,2355.92496142428,1121.70583670601,1725.8361405684,1658.47865167885,-3024.36944813797
500,0.333,0.825,377.709824077126,750,1.26893321961366,1.11902022722374,0.956718010636053,1.35642154992791,1.06993441689728,845.905447642391,1035.5346790888,891.409572568886,821.405943288285,1195.29325835079,0.955787326526718,0.897830963162449,0.824912030244611,1.08253647135984,0.863487840394049,1.7637417463375,1.45813166124632,1.12425441170382,1.76671603013659,1.32358832943451,599.148335536232,721.511374903699,656.913649004008,610.223844485147,790.819212035108,1381.39282682646,1696.5060720108,1334.99730695895,1251.90266186031,2245.86165930063,-2975.89511873271
500,0.333,0.825,377.709824077126,750,1.36507712739414,1.1841366389675,1.04616710830228,1.21328924191112,1.29729370960343,878.34855595524,1063.34085163217,878.682303155603,831.965983135271,825.870910292001,0.981431224288855,0.965590449718422,0.892119081848246,0.935051382148623,1.01748592774388,1.85992762426009,1.4975158228604,1.27319710551348,1.76238888412697,1.7884503633203,614.051237371951,729.444557781392,642.254631084402,580.48257412354,585.163735564978,1623.35435272421,1813.0270372597,1314.94371566658,1399.17203447485,1386.71470982531,-3019.21451737482
500,0.333,0.825,377.709824077126,750,1.76979517212045,1.12280012095247,0.919254786325411,1.07620944590347,1.41511350641975,583.083375195474,1160.70960873053,1233.39652361607,1062.30360828768,694.169346522427,1.40617905188569,0.88271112257003,0.754091810996555,0.866702711918143,1.09202722194635,2.31916955499865,1.4871124640715,1.17194987684863,1.46876461839059,1.94406157202612,483.588462389944,759.130868430997,816.416251249388,706.040160070783,536.411177494629,769.319681758247,2100.51657706594,2201.93490242661,1829.2782284905,1010.44573925072,-3054.12449925914
500,0.333,0.825,377.709824077126,750,1.38935373769261,0.957224149827896,1.34754080998474,1.26134013567392,1.06100657333098,823.439139606654,1261.23270097935,691.70836882686,991.972189020273,980.59847058209,1.13713274985987,0.774784130040132,1.03815266026781,0.917156985582469,0.847864066022837,1.72752525426314,1.25741719989543,1.75077703091503,1.70180313781727,1.40620491496748,636.635363506693,785.644895448812,531.928509733741,667.946021652322,668.280305629513,1289.66027787141,2359.78837750264,1051.57893094525,1918.41673140529,1612.624239742,-3000.87425557411
500,0.333,0.825,377.709824077126,750,1.41262591379529,1.09255413420895,1.32365325590165,1.41514636252278,0.963748894413447,795.84441071715,1103.80338914304,790.446844563108,659.998600065165,1301.93456545835,1.06089791814446,0.903924828464686,0.979552045496466,1.14711486648655,0.783677794870379,2.01141157784001,1.35700890193102,2.29097446885884,1.8079682305432,1.26383165071869,568.691575795658,751.964385779553,541.920939063129,519.279178138344,790.300401872995,1390.81516180413,1977.07434366367,1318.83488756567,925.932499560947,2521.37708791811,-3021.38720303101
500,0.333,0.825,377.709824077126,750,1.23717466594073,1.08031422211702,1.0584276071227,1.20628158303858,1.35892647650134,919.542747623819,1380.0179271172,896.648547698266,771.90588903543,813.517807232635,0.911985043260608,0.788906786284759,0.863961751909652,0.980580016269773,1.06359639062671,1.65037183167434,1.47678814808122,1.33542909176179,1.50668611747878,1.80362881640003,638.95406549942,795.330821905638,643.284660738559,602.245084895097,584.800674330107,1706.94150528149,3470.39285854516,1420.87770284825,1235.59611446716,1352.37970453779,-2978.93311599982
500,0.333,0.825,377.709824077126,750,1.16634320400683,1.04654461437002,1.04488217051928,1.12269449895761,1.34305125223377,802.03393265146,887.042124064608,1036.48970485808,963.676228578065,1075.99892592386,0.886121072437989,0.826086905157256,0.813955152015301,0.82885872340493,0.978675669074162,1.53648855728551,1.40003198560983,1.40912714061091,1.64913767178607,1.91618239611251,570.343564898529,623.187134282921,685.273317032333,649.771326109606,720.18862593286,1329.47166356453,1540.71428143827,2007.07659244016,1825.02512812439,2183.39342166473,-3011.50573238967
500,0.333,0.825,377.709824077126,750,1.22926881598975,1.22742429359147,1.07993088400296,1.29796235938093,1.19277893348842,1179.59344523684,899.448186470911,778.498650226818,673.737640696588,996.225197897697,0.913366204951878,0.958734848760267,0.904620642418001,1.10173175209851,0.920940735627131,1.82144756599054,1.60987116095263,1.31217473602377,1.58537691944106,1.64981844521515,727.542899943311,611.400232512157,583.06426309032,539.706748493395,645.223016127317,2564.86947644413,1472.7800304004,1161.16792603323,932.065356946909,2024.47697804758,-3014.32318054559
500,0.333,0.825,377.709824077126,750,1.55942071169507,0.982185478139173,1.20464448368194,1.21409358141311,1.06062712566079,870.778200950165,1359.63557402455,823.778046581403,892.22533947811,1087.79072902823,1.13348362147074,0.795656129633305,0.981326655411599,1.00512634189679,0.86406724309279,2.42427632049572,1.27925954787091,1.55464252858551,1.53773006125178,1.33432048805121,611.957844793211,861.016603736796,619.546354335149,660.24731315228,747.268944584659,1597.3338596709,2633.79126394188,1196.4847560788,1379.56023156328,1835.21879724816,-2964.57172423334
500,0.333,0.825,377.709824077126,750,1.26607169095891,1.27830801736452,1.19864060720405,1.15279452914602,0.864319500974284,1017.68576673695,724.021147090442,718.474141029654,917.809026414737,1955.38096526497,0.885916862173603,1.03841361897837,0.968977595795452,0.962737457810698,0.661678332105928,1.73824321307941,1.58380828639945,1.54373101105593,1.41023027898517,1.22606341780117,694.508761448391,552.325435660329,548.428910660548,675.168957138759,1023.31753744696,2138.03163758857,1071.77945648484,1088.160512257,1475.46944770354,5088.9859133787,-3000.94788938781
500,0.333,0.825,377.709824077126,750,0.908593043711308,1.38076758318352,1.10123828965933,1.26484018439955,1.13300463905075,2165.31671047066,762.516106288964,878.606663933396,902.259854674554,1094.89141500797,0.66763342351247,1.03313528976585,0.930851573679055,1.03921662430762,0.891276997512623,1.40518932098018,1.88314887990301,1.36997375294337,1.55973864502822,1.55588216401101,991.403336800636,576.603104925642,659.888002580606,662.939812287877,751.876813032046,7547.9632512793,1258.72424450391,1277.17107595758,1421.58998840474,1887.82860463961,-2940.41657941422
500,0.333,0.825,377.709824077126,750,1.05301579724693,1.09642180781569,1.18123815123606,1.64454500577816,1.18427989317857,1599.82287982636,1050.05884053212,758.578417359292,740.98404141335,687.418113247802,0.810485748873809,0.860992398791497,0.951827671748516,1.24622215223093,0.960615699843028,1.53631359398894,1.46578223717321,1.55824881801597,2.21790731031691,1.54968033492539,851.392710047931,681.568660814041,558.110814066562,562.356486375372,538.930420290444,4588.15325157734,2138.69576772779,1132.06485012936,1122.40741263895,983.525317230175,-3030.28894045504
500,0.333,0.825,377.709824077126,750,1.17581040316932,1.06887684696405,1.3490679433336,1.09968402991907,1.16250247169855,882.407876754369,967.637456621237,757.114523595872,1144.11547944726,962.161115108968,0.947265105520898,0.857600112105857,1.11861242204481,0.873566476007347,0.91382670511845,1.5443772760558,1.39069037810826,1.71070362056162,1.40058088140265,1.49469020967667,612.415262554911,665.234493202516,585.831564270973,749.863021982207,677.064368258307,1355.0337444417,1701.89178600265,1044.99087451819,2196.20818644317,1727.50246986472,-2984.16464631823
500,0.333,0.825,377.709824077126,750,1.12640924100967,1.15125311883361,1.39135229796711,1.30535958091754,0.976238534314525,1822.8238528897,1005.77476691013,595.37906881975,906.864006873367,1244.89636218526,0.731254717164476,0.877319209057061,1.18680017558668,1.07719323145443,0.806418426988715,1.76632068364231,1.57851848313795,1.65170237682586,1.59570690618815,1.2529854214548,891.651076590948,674.779455667215,502.409562935922,669.635510039653,827.518422759656,8248.5864153567,1750.654278894,779.111142125978,1383.29561279096,2300.66864059219,-2919.92233694781
500,0.333,0.825,377.709824077126,750,1.1293143216294,1.29344187977369,1.16251317264016,1.18063371645664,1.21529828640727,1235.00870766107,868.959766982385,763.780064975415,1184.94442548081,927.516568528537,0.874364351770743,0.97569335775511,0.973872768104613,0.922262609046091,0.944280604276873,1.53276132276246,1.79328291692096,1.44089324197042,1.56561879866907,1.5861024038168,797.105787291968,630.589922227142,579.575674544521,786.266513050293,667.931897693899,2390.37874511673,1483.06979276986,1144.58297904871,2107.1740582362,1561.28945152635,-2976.86343139907
500,0.333,0.825,377.709824077126,750,1.2925434975578,1.46914992770771,1.08977455930249,1.22060709426104,1.03590747325201,928.499021645059,920.247769141992,856.241511344466,778.257708593008,964.335259421433,0.967983074078356,0.910946067884155,0.866300387954791,0.960287772938825,0.811317949710375,1.80585297495077,2.69876748645461,1.47194382281527,1.62492337841873,1.58925205207527,648.392133112352,575.762323849045,613.95194563754,585.742493897411,607.434012684894,1672.66733620473,2161.82381642118,1443.28940129498,1196.18113906799,1647.07085496891,-3057.19683343726
500,0.333,0.825,377.709824077126,750,0.995524926013883,1.33846937195457,1.15403739061657,1.03564075350835,1.33569828936282,1343.38807134514,738.148271343232,925.346185612116,1221.66654418067,959.948237965747,0.776335012199511,0.933737238236389,0.952689674641859,0.784534025967143,0.985783597792646,1.63205751178932,2.10500559247713,1.4269597019809,1.48104324142317,1.93904001024863,739.127359064525,532.003416687956,675.270119438904,757.398859208984,645.644320463185,2663.98744458208,1310.12786855088,1424.67148264523,2375.53915570535,1951.34377566454,-2954.82130671513
500,0.333,0.825,377.709824077126,750,1.64621539347171,1.2155712310851,1.20612092474361,1.38488253817819,1.14056864320095,890.605317337351,830.670385923187,706.138770936992,785.180507178425,1002.74532993784,1.0314604192195,0.964767992854555,1.00048263096855,1.12711346592981,0.88308944492375,2.61728569316395,1.61101465680325,1.47335844586509,1.7250271769202,1.54655997007868,601.337156037548,598.368603627548,545.37304183351,591.901152333365,650.309525002392,2383.83621235595,1342.94978924464,1050.61499085651,1205.76789803676,1981.87869217156,-3021.62147056439
500,0.333,0.825,377.709824077126,750,1.24844755665895,1.16678177223009,1.26162926056698,1.14487791681239,1.15028551782195,944.722936413385,984.962312286122,701.538373880632,1002.76020606621,885.504120219686,0.847580489454003,0.857154952137542,0.987615931989759,0.826996780491504,0.916032525553054,1.92199260131068,1.70135305069668,1.63895985505856,1.63058747852178,1.54478661771533,617.273915332096,629.767702661703,528.193719082866,630.181157866196,625.187382384621,2001.25558436027,1836.10066405438,1067.66585085647,2173.35258718616,1450.87438273814,-3026.72696787909
500,0.333,0.825,377.709824077126,750,1.40680412516578,1.06286957179638,1.59109412791539,1.24907625354347,1.09284627366202,793.989588449979,1061.07934744733,668.677139617286,833.814436423078,983.099447819314,1.0672134749327,0.810909721009243,1.0708481378066,0.912198081222012,0.873574512291991,1.89020353319079,1.53991768707334,2.27253322603462,2.39915590017038,1.44443450420797,581.452191328842,648.055845651813,521.485943670175,521.591914568087,669.199138948234,1289.1696922804,2172.89937297939,1054.25906725352,1614.8805097296,1651.65303429013,-3059.42883228811
500,0.333,0.825,377.709824077126,750,1.55529110536227,1.13806273669697,0.964764441358959,1.45628928544653,1.44403477232497,823.410732693619,826.279953582783,868.953322194839,884.797142276175,682.982865439131,1.24336294980273,0.916538585070708,0.801558243268909,1.1081982933409,1.17841926748532,2.00200837407363,1.50522945008103,1.21922376008596,1.88399774150762,1.78044863968359,624.087223715109,576.25717097948,602.563376408438,623.968965796856,539.095532087509,1327.47247774015,1214.09106589817,1373.15983026265,1686.43192152655,962.778673071056,-3023.84214644736
500,0.333,0.825,377.709824077126,750,1.05773841806552,1.2216367636539,1.23406853428287,1.17230658496011,1.19866753518381,1029.81017812639,760.574956340748,843.767757064945,800.715670441575,1015.86954311854,0.825139343335708,1.01706505208055,0.993382879604665,0.939745337652352,0.960185177879651,1.49864632556478,1.49356501373821,1.70036655653663,1.53455811723193,1.61411387205691,661.012127248735,583.737494706222,603.107330056841,596.345181986709,684.415944563011,1900.93319699343,1121.9572430819,1383.88621892602,1253.51996659646,1869.02460897291,-3057.27794596777
500,0.333,0.825,377.709824077126,750,1.44790116130047,1.10807415700134,1.14563659324013,1.14038670202262,1.16247653246492,680.155973735033,855.575681303034,761.646706360118,1136.25594589649,1099.13139266718,1.09489870049433,0.86297098014152,0.95643485331578,0.892395897704114,0.912834473696956,2.08204516804865,1.50923643021593,1.41548670565016,1.62013610580733,1.63322700076813,514.204708099328,600.739478460647,578.600923806916,728.282934255038,708.008349065221,1078.70040026756,1459.5346005504,1189.49794550922,2212.99088382673,2099.0991143029,-3073.9826363613
500,0.333,0.825,377.709824077126,750,1.26721391343804,0.808532314456341,1.57041376892394,1.09490810851968,1.29626819584883,901.958722017599,1968.9657230294,641.681462237904,1188.75131298239,844.245902593881,0.891824352208525,0.638977816460805,1.22714239965487,0.83410121752765,1.06726594348647,1.99753266795788,1.11478641421281,2.08046064889103,1.61116586981466,1.66721028206129,606.170301091313,1039.32242621492,523.671333452875,741.326867967097,632.740650776632,1739.74643973474,4821.54283265574,866.426321745078,2331.02433508514,1237.16593044541,-2996.71855627071
500,0.333,0.825,377.709824077126,750,1.42183140417644,1.13038553450368,1.17898000023859,1.38611827923274,1.30314592972584,993.194745383173,1266.23615031555,718.835315779853,709.069349542908,739.832649891493,1.14502452148809,0.90868166838444,0.9933331869458,1.1571627234888,1.01835074924818,1.84970949767818,1.48296021145249,1.45351473797072,1.70786101049942,1.69819752357345,682.8864090828,805.315570705326,561.071657032949,551.565140694162,570.779949999362,1625.15289858229,2513.12682841434,1073.9323997915,987.680891871377,1139.79593899352,-3008.5075518535
500,0.333,0.825,377.709824077126,750,1.4707095447162,0.984086988559702,1.1534030377357,1.28249922044954,1.1519072112026,770.039553287514,1305.47497575481,759.347180361449,778.012617636055,896.649040474856,0.911383000513491,0.739422968073529,0.890622704217655,1.01415012436391,0.924023381257517,2.29726241527613,1.31314426134974,1.62829805418542,1.74431465925939,1.55286685039182,548.037492893176,781.028226263998,557.170147835676,576.051843439073,630.149400426473,1725.02353706045,3190.47303929907,1225.4273055041,1186.0746142144,1417.17687740515,-3100.7611126164
500,0.333,0.825,377.709824077126,750,1.5720383908261,1.34616191046039,1.00667749233496,1.04650641810123,1.14301218793108,702.410664892138,865.47490385035,837.089980852405,1484.76124030552,1049.07019328896,1.24731140982349,1.08636109347113,0.855933328216061,0.795571068086022,0.946180699216178,2.0189651586818,1.71204867360979,1.24115656200657,1.41585774533651,1.47729996138332,559.908126273761,625.506043349108,607.723386948047,876.006417533006,710.160173364036,990.907635675167,1387.08308895895,1233.01943300371,3394.52382947655,1707.57626286975,-2959.57557139059
500,0.333,0.825,377.709824077126,750,1.48295875770388,1.32418811071838,1.01914733640471,1.16406243047402,1.33815908631898,744.84244387484,802.923762073309,1076.79802081862,1052.69602216885,917.94350897482,1.14142661581028,1.02708114546019,0.815768060022142,0.890320081772196,0.906005831202769,1.96658811358605,1.72226538284008,1.32805288734309,1.5364058908907,2.13241949205739,572.801354212142,598.813093672668,721.73677415827,700.24862176722,588.474590123731,1092.21310975008,1222.4805779787,1875.94551117918,1993.19979878744,1900.61124476825,-2986.14920097411
500,0.333,0.825,377.709824077126,750,1.51388496833626,1.08251382005854,1.18335232581037,1.03514221430956,1.07569141884324,828.302836117114,1098.93517665239,719.591098848506,1357.75208365544,1338.61412159903,1.03484403734311,0.745951815537899,0.918164174270568,0.814446664836698,0.829185653345045,1.97684606467856,1.83494583248206,1.49340571455827,1.41204431531993,1.41599972598404,627.118461415305,631.182280350537,547.344729286013,842.271630444803,849.234786994024,1630.33242226042,2578.41066611551,1058.09349204259,2739.53949276159,2811.96685352476,-2931.61552799467
500,0.333,0.825,377.709824077126,750,1.07547187952483,1.16790300970008,1.27655306515912,1.37478624133565,1.18005132300144,988.14133261702,754.93651453949,974.197454113961,787.037909155518,770.932648650181,0.848367408006988,0.968499282941844,0.958541332523698,0.995002810059654,0.947144303066915,1.4442572169389,1.41058791725165,1.7557412087991,2.13116663360228,1.52594368391224,654.315960460282,581.063923360371,676.113967791014,555.292831898201,567.001691891021,1717.61551117693,1137.85266234013,1859.46773144904,1351.96904147777,1191.64215860119,-3077.01686882265
500,0.333,0.825,377.709824077126,750,1.11426905876559,1.15932604388393,1.17563538267916,1.21192326061187,1.17211581615671,1122.47316833792,1146.93632515765,705.521290493948,1257.76636021837,919.536762287338,0.803094098578213,0.8870158665984,0.989706605560713,0.809612757270707,0.944381718839569,2.12151422247143,1.59692785437886,1.40716825178118,1.99296234569536,1.48579090398384,621.406964300386,767.234512699627,557.616774643648,747.830684762595,678.339199600691,2246.82176396244,2095.17116518395,958.04766602636,3477.40862467911,1419.96687730545,-2941.91021716334
500,0.333,0.825,377.709824077126,750,1.00939565437702,1.1189696283294,1.38099935129895,1.47325556762915,1.14661612817352,1238.39621684449,1107.5036768103,663.734340433257,887.895870653671,891.252015817284,0.795480269223068,0.839692346922817,1.01470422775684,1.09128230134425,0.912407957773038,1.35583593258525,1.89299328964058,1.85045899177443,2.00944135934901,1.57536702899101,765.094372260145,638.411145680735,518.062402975531,628.894556945728,607.454597170989,2644.7740925639,2323.23020845209,993.686915301596,1531.44872999295,1510.75931293405,-2996.7062506953
500,0.333,0.825,377.709824077126,750,1.09967996647935,1.39949411221834,1.13191228444887,1.39921908127443,1.06934376577767,1593.98303514709,833.527861292453,847.402867957455,625.432021952031,954.925767291529,0.865719916560478,1.10814208592459,0.959573928609583,1.11822403801847,0.892700151732221,1.51131005410178,1.77416175927551,1.37612461381665,1.78719518964687,1.33679092769374,948.591479135695,639.541910172351,645.46662391393,500.461656651141,678.532795010552,3371.08673184572,1263.47731832312,1221.7356858729,856.340616564392,1523.15762395904,-3010.08703824554
500,0.333,0.825,377.709824077126,750,1.12269880800783,0.997478387873302,1.37198016083208,1.05535153046352,1.325765081313,1120.2812789386,1061.9906304277,670.520501476094,1119.39858217134,826.678188713978,0.917453847747619,0.790907234716871,1.10486397209928,0.845039764381893,1.04688147367593,1.40698988662627,1.37519103302099,1.75595119838601,1.36262628162375,1.71975008822643,770.024077295207,687.188319701023,532.183746020108,763.20036263244,605.875018878577,1924.70060653399,1868.02248300333,971.471776607381,1963.28511384029,1308.94564291078,-3005.56659664118
500,0.333,0.825,377.709824077126,750,1.40114640283676,1.23732291860215,0.950915055147407,1.42719958498471,1.06689034849267,805.353055921015,1022.29568855354,1143.21742006373,618.402758437739,1249.99000165732,1.00964902231596,0.988777241578356,0.765891007806867,1.19439099896769,0.743976643288179,1.87478064348091,1.5850833254697,1.24075849111671,1.74033748114404,1.7362940582301,600.59547993705,705.569707044837,734.071153986685,499.46317299536,685.104063383051,1488.22122788587,1865.2905720239,2194.97892445761,823.801694139358,3392.35967943173,-3010.55899887028
500,0.333,0.825,377.709824077126,750,1.05810869571752,1.38832602550006,1.08407456213212,1.23758312426745,1.43340942464008,1251.68070304141,852.762060604687,823.657267608383,1006.21798035621,692.614037959876,0.717935200350839,1.07611460589385,0.839092006521688,0.829787469965286,1.08326981762881,1.56946685314089,1.77715266634422,1.49705158338542,2.29147995406154,1.9189294336251,699.006301506974,625.172109242434,582.907144609995,603.004740449861,537.150362513059,3372.50125631352,1370.43680485168,1391.63858330248,2440.77048455049,1084.4812026916,-3029.99157062481
500,0.333,0.825,377.709824077126,750,1.20013844745126,0.99415865328266,1.08662623772619,1.06442037937798,1.39836512211485,1250.21745538559,1164.77995459456,859.552900645585,1039.85979435113,670.974290352378,0.949375092089348,0.838934536836443,0.912199546935612,0.897080009259431,1.16941542885585,1.59837181586009,1.22543483500289,1.36050885553749,1.31253181122179,1.72156730335495,808.52868971004,773.083396873819,624.909738362382,733.898531491355,543.375099329756,2338.1948594215,2083.61067160763,1232.62369757547,1692.83399462257,918.991958935142,-2970.28000424752
500,0.333,0.825,377.709824077126,750,1.78190016418626,1.14170314540059,1.12229457568594,1.20922251414764,1.25506880703943,823.851870162325,840.478409031781,826.303335646704,888.235050295224,948.281566281562,0.826316945158334,0.886046959051509,0.896857735990087,0.871753035751625,0.962158046459447,3.04706116067594,1.59217348988148,1.46411031670839,1.89354254132339,1.65312613916607,563.538524455483,580.972683189697,593.723095204349,583.475481079615,667.71986690921,3543.21485408866,1397.10351453879,1273.13495866965,1708.5934161652,1654.98917821803,-3013.84631499925
500,0.333,0.825,377.709824077126,750,1.7321694578211,1.21591449705204,1.12350739427787,1.23391204314457,1.19811293024607,707.493214042882,1012.15560799874,693.440275591809,952.672862544751,913.059184152846,1.31172746379654,0.96979882432905,0.977034968345575,1.00077038577563,1.00680514096389,2.4856904383241,1.5823967937771,1.2981561201071,1.56762056798676,1.43049016685144,546.857904315698,680.725043211689,540.48406016727,686.439902515926,684.39922006258,1074.97152402637,1884.2687061161,958.707137527359,1560.63068108327,1391.33913317824,-2992.67954752587
500,0.333,0.825,377.709824077126,750,1.06469590813589,1.03188569368846,1.03834655249617,1.37050095713669,1.3060150393836,2136.23400581805,1120.11612901931,954.107421079461,649.22893411843,786.511175533221,0.779012803796917,0.817547597010227,0.838957308127423,1.10868906501386,1.00398384827457,1.70220175092946,1.42142410118831,1.34070121995108,1.78004414360846,1.77110277098904,951.371465749881,735.335089462766,671.768399239516,515.301676766138,587.146740334286,6646.48043574804,2190.8319258375,1515.41714619547,902.014670084914,1280.84852660742,-2986.09837350558
500,0.333,0.825,377.709824077126,750,1.04769097971117,1.0480388815526,1.14870522289499,1.47886602895555,1.17316753465875,1470.68396057537,1159.16418062052,765.774794603135,845.348116960187,950.076889476887,0.719245148788214,0.81857513729744,0.917717756325665,1.05358693637021,0.897252752324761,1.67157806636343,1.46481231201509,1.5072183276334,2.14857464856873,1.57978375061094,804.233506882581,748.613520879111,574.347229438626,623.207529460121,671.912861100825,4016.91384196441,2109.08937184218,1128.9398483873,1473.2911461931,1602.46173841113,-2945.94336442698
500,0.333,0.825,377.709824077126,750,1.36784444627022,1.38675976959805,1.06384132891594,1.34253260122093,1.20537940184909,1096.87952453997,814.917750542989,960.793667167613,679.080429863061,774.018773975668,1.12013410603938,1.04747054390903,0.869790693781292,1.08867870451306,1.01996685018996,1.70082044195405,1.82044683797221,1.37467486578552,1.67736897831018,1.42959886648071,741.85158820975,606.006366496389,639.273335214115,536.125192648143,603.058022356886,2060.48936573884,1390.80760025029,1696.23547242851,997.643695995779,1114.88370910533,-2989.31737681551
500,0.333,0.825,377.709824077126,750,1.13394252553989,1.34851346018772,1.14551138299741,1.08333276734069,1.40176337867019,996.804217848471,828.110231636356,823.394802479327,998.074748024127,765.166995762382,0.797416629615989,0.983267996193902,0.909339652183866,0.826023692259875,0.936366567704001,1.91815683835357,1.75551897738035,1.48155293873075,1.46114502191741,1.9207211739269,584.160579249407,602.39361196266,595.42553863866,654.799115547066,574.893447278467,2273.31523612784,1452.9993895016,1355.93317454043,1951.25599809327,1533.27657923367,-3050.13254255974
500,0.333,0.825,377.709824077126,750,1.35230767650684,1.02641017535876,1.09777348323983,1.10705694049569,1.31261003276326,1003.79915231752,1053.75373531008,967.717304834971,906.343263089175,687.873402302288,1.04396162457812,0.864921527466155,0.886659111920164,0.841996819191887,1.09787878116137,1.90994174669372,1.27132551034333,1.40985879986089,1.46204333864894,1.63621495492412,669.325452996151,734.007943604958,669.100069664631,640.775306962605,542.522901480319,1965.51137121526,1736.41843902064,1624.0570583544,1658.88917313843,965.608585582066,-3016.50692208532
500,0.333,0.825,377.709824077126,750,0.880507023696602,1.25813414446895,1.00005435603498,1.30788591266246,1.16305228516088,2478.9651818966,829.032148631176,1268.68117025462,633.641982973979,957.957242682709,0.69102938118924,0.938845508644109,0.774060876114371,1.01676539036977,0.844525171698833,1.24885630188606,1.67849804097702,1.4383421463974,1.70041970460059,1.8242977554646,1150.84159919082,600.109165308637,748.70630637172,504.546272297628,620.570155476382,6976.30242714488,1453.47793901884,2689.29465032929,925.284474355867,1897.42927600935,-2960.43645288812
500,0.333,0.825,377.709824077126,750,1.39768816958977,1.75736617871371,0.835588749388741,1.09181409383811,0.927949105480197,792.290600647437,577.046171430568,1259.73232945656,1044.71861479261,1772.5708823157,0.969079443389839,1.31646100766737,0.65034810858193,0.827619625176615,0.691883019563092,1.94308486424306,2.29203206551475,1.08626604941941,1.47695369063136,1.3785196848755,580.524722877811,482.180448155296,780.379731391636,686.362617638353,880.51022917129,1444.01788949089,769.604908966225,2754.47194427234,2193.42239566446,4948.32529028076,-3006.65410669132
500,0.333,0.825,377.709824077126,750,1.30385692057585,1.06175808682631,0.852405188632689,1.62266621934216,0.919483582578407,773.792005286824,1081.74473148213,1314.57269621191,706.54341977877,1386.57838614013,0.946641466250678,0.705958072595254,0.667511729191434,1.12940124972761,0.639360144912191,1.70468839727407,1.35899598717354,1.08381964991013,2.13963765940876,1.5677897783233,573.339404695655,722.49169046627,796.971729355258,566.23223635296,689.06155154395,1284.88390347808,2848.35782302622,2751.00283734886,1065.17830803106,3785.30508836303,-2999.83272541111
500,0.333,0.825,377.709824077126,750,1.51848211915586,0.964524204478634,1.06245572873988,1.04849811364479,1.21742672333075,1001.37310728329,1076.95919801796,865.734440479628,1040.84362453147,811.671434612071,1.18564613437141,0.801504884994265,0.869216115873441,0.872596630781027,0.949427287581325,2.2253889963642,1.20726746804646,1.32304620795883,1.39231300868571,1.58198807295582,667.186000612409,731.808568868689,641.345341827906,704.382054489088,606.085065724962,1901.56062239295,1814.51944277633,1339.72646548648,1702.46435042917,1373.28953589703,-3013.01843351326
500,0.333,0.825,377.709824077126,750,1.18206776410673,0.988822477600165,1.13991235302606,1.11580199672235,1.25640280320512,862.576229935711,1141.51860048145,846.852633938225,868.623675558658,870.183497812906,0.912868937561793,0.775738628987498,0.95814635834529,0.916767931923367,0.931084979093868,1.71595534062522,1.44433658755304,1.34561134016057,1.40691308329613,1.76458520001221,607.01848982196,696.089061403316,636.612010648734,632.397490022469,594.701278744546,1423.81115817193,2278.25038985303,1358.77453510267,1364.86316324358,1456.39172501472,-3021.81780741707
500,0.333,0.825,377.709824077126,750,1.06768563661481,1.21433696519172,1.0818045450148,1.04373334546787,1.26148487089245,1392.33034248669,792.175886873299,707.667228208526,1015.67288354033,937.357009439152,0.799850142941905,0.95472498469647,0.86669060789128,0.808736861219709,0.963277109555489,1.58162682817126,1.60280389914794,1.41223172618308,1.54828282648395,1.65627864563058,803.721709801086,591.209601060229,534.713612190328,662.936603123881,660.235653736735,3467.59359175881,1287.99554211989,1103.63767878706,1824.36675501957,1536.01625355308,-3019.3146076222
500,0.333,0.825,377.709824077126,750,1.34386257115237,1.05128263722091,0.922125223054266,1.05573448888463,1.50615161872632,1153.58542346265,910.913672410391,1156.05814759041,901.603603790774,839.141046458092,0.896690161478625,0.81344759853601,0.778555471138769,0.839787810028334,1.16134469600032,2.251150270849,1.39905119269041,1.11522194230936,1.38859695766878,2.08161376764256,680.094837045315,626.075984017622,754.062652690763,634.359412908413,623.034232391311,3131.54453759898,1597.24297093302,1915.29088657269,1477.52858727198,1391.22681575371,-2949.21295368662
500,0.333,0.825,377.709824077126,750,1.44443232170562,1.21829817356478,1.50118808550721,0.970659743125588,1.28367496479341,890.5065450217,787.331571752307,640.505464540435,894.899645760913,1032.7374202153,0.909159862270603,0.832633710738829,1.16076908464892,0.751725548024581,0.874784789966493,2.52344891202453,1.91240700613291,1.9168628046757,1.43554720080594,1.83242969750217,554.457593482844,522.002415725542,503.583793851753,585.629154575459,679.888334691848,2640.0979081313,1649.66589577365,915.676342895753,1600.79202960152,2583.04151466971,-3059.15701544051
500,0.333,0.825,377.709824077126,750,0.877051861808462,1.42757445618554,1.16727622501542,1.11275857498747,1.34583101043304,1450.46458801645,822.691435270487,835.286987143691,1110.45876754399,744.966327312772,0.715915016027387,0.954622440369639,0.953436702146356,0.861158579510341,1.04762032742912,1.15492722301594,2.96043937660197,1.5061002006896,1.485923837681,1.76139092503403,865.237689592794,534.789327573598,616.673975979858,752.813760889869,572.052242269361,3073.63505985901,1535.74867105107,1378.68401005474,2028.77318704788,1118.99436251984,-2998.27096336091
500,0.333,0.825,377.709824077126,750,1.10991609825485,1.31778733682521,1.16372854365302,1.10221022368203,1.13701142438582,1401.40017939434,762.503892972195,800.186838736253,949.105032181699,1038.71049871913,0.861696256093248,1.13525967162267,0.942412569846948,0.876205242821273,0.882142440668811,1.47941311355054,1.56721271165738,1.50746246520268,1.48677759591756,1.52214811807999,856.171777110087,589.658919721942,593.600804253837,650.959213432736,711.936219526891,2844.78692418485,1083.23374582116,1224.13585658917,1550.9575323865,1909.39497347755,-2994.68123289543
500,0.333,0.825,377.709824077126,750,1.32265455194305,1.32345146107357,1.19110560850127,1.29248348518786,1.09891068505941,995.180206394777,805.56405798976,742.655784613073,696.355042106253,1185.9046592966,1.07830508381394,1.01161906242325,0.977959419234386,1.06000070025275,0.856575346804361,1.73781765715841,1.81647338391535,1.49056774274156,1.57360356854202,1.47422382611853,688.246523470451,594.215231286704,570.37181225825,545.529151661469,757.400525543254,1672.99758780804,1266.66584468702,1083.64200304943,980.309907255051,2343.2395752102,-3031.08794827819
500,0.333,0.825,377.709824077126,750,1.0818694390729,0.875867661984251,1.14070863914901,1.19873221269334,1.33778644413788,1460.22959525669,1818.4128812957,683.434764096466,906.761481077903,856.556397211619,0.715497131045074,0.674502721431898,0.94274645831077,0.853465425431709,0.896581398971209,1.92566570748718,1.4145203147264,1.44451715176923,1.82334611734048,2.1813128330645,728.082679562465,894.569900297411,521.537437523937,606.321901810467,581.724261306826,5138.2278930984,4358.65793274213,964.078740002205,1701.66026612817,1709.24873266987,-3003.32813763737
500,0.333,0.825,377.709824077126,750,1.14918943013154,1.47147311095482,1.22753091716701,1.09979616366971,1.2613960228716,1227.64601905868,763.661001469107,643.378936099448,960.528461589417,958.125372836184,0.860447847531234,1.07377426101906,1.03947435615913,0.917800859124291,0.971842627533145,1.72570210710458,2.06439292906819,1.45268350329882,1.36570669096928,1.81050643138178,733.060170442462,564.184625688983,517.390858274977,684.95919113029,653.484741578734,2715.34097481198,1259.89282198714,864.432551632212,1509.09587276228,1789.41274989489,-3000.03411085028
500,0.333,0.825,377.709824077126,750,1.10135384572969,1.45454323860376,1.27663969981647,0.849638066381806,1.14608751567016,1169.57219789385,773.663820941876,695.327008295102,1497.37604838109,910.071176351858,0.76032552030583,1.02806473002863,1.06236975881446,0.618940751053774,0.928310765652194,1.46106166333389,2.14289930603376,1.58815616178191,1.21078807355763,1.43885850089054,770.243290563177,571.128181555797,541.206867364569,780.809661928697,640.760324531194,2763.99210487703,1337.28911106625,982.443999147632,4434.22556274234,1443.24921184684,-3003.86260862959
500,0.333,0.825,377.709824077126,750,1.27511773744218,1.20431793408052,1.14916833939761,0.959907011998247,1.53900174797965,877.310956449042,776.326346322474,770.825644470609,1446.62551757601,687.827538189758,0.942774849626844,0.954085530864452,0.954276257391104,0.724393335350047,1.11218540164123,1.69627010976185,1.53446214887793,1.39801093225488,1.42916112835202,2.34286866534533,616.05126456101,585.271902761859,581.3383139063,808.120181842533,521.209437222121,1628.72534136091,1172.96037958237,1187.15447905499,3703.6135678965,1078.84855895954,-3060.89766677878
500,0.333,0.825,377.709824077126,750,1.14634404085296,1.06114898107182,1.31179621897799,0.982949487777871,1.45284015116672,1170.16551536655,997.590547820522,647.857365841475,1295.07806421009,726.4475015141,0.909181927770565,0.918966369881027,1.06385189636476,0.806747699135538,1.09014954209564,1.45876265195206,1.24812563551019,1.65983685898663,1.25058445579624,1.87904439171563,764.284916743383,695.944785979445,519.64118523454,837.850834871085,565.850701584739,2239.83952592321,1570.0795610954,886.1170503603,2467.56727328555,1137.5099853548,-2995.78754249713
500,0.333,0.825,377.709824077126,750,1.7532204225643,1.59690033255137,1.07839386661624,1.09360809407438,1.04907434604052,612.908702949016,731.416473429294,927.565908869741,893.045558935945,1313.14836286393,1.20460269054744,1.23654129479024,0.893352229056432,0.857412331341419,0.782799969575378,2.51574621320204,2.19372674215049,1.36083993681195,1.44794346264824,1.45333483952484,481.60428487208,546.364221827603,659.471183421202,593.089724619768,765.747892505437,986.244712284619,1121.32637403322,1507.53065991751,1584.75479099494,3127.17322811704,-3052.83484004011
500,0.333,0.825,377.709824077126,750,1.49600147463751,1.03811401753908,1.36028562730836,1.0382629627616,1.07345353095585,887.45282625635,858.304428197511,778.06797953932,1385.10861451921,1113.23742981521,1.0515346859254,0.879475237119084,1.00626436436511,0.814116602240715,0.91352035477014,2.13005443318571,1.28984429179014,1.97897134236196,1.35356931601959,1.29276500285253,634.086310129092,625.09717111033,578.485701568414,855.351529505337,781.060197809073,1605.70678794915,1243.96191371185,1257.06554320551,2744.7127757242,1830.38207743321,-2919.27844478384
500,0.333,0.825,377.709824077126,750,1.18991603953026,1.38803302978831,0.994246795683993,1.14591225923043,1.17825305366114,1156.97116242498,653.256540129165,1012.49711860483,1015.727118031,836.86145270021,0.817973198489137,1.08701707208886,0.786602186478654,0.890608383561703,0.965362214679014,1.65969767076662,1.73042508276091,1.4982082187787,1.53322812573125,1.46608714038086,729.234526551923,515.387653715361,628.970163104676,688.674291819426,610.866998343359,3049.61788610906,941.749274541502,1906.5751373705,1858.81372379409,1278.88841121183,-3032.37187045175
500,0.333,0.825,377.709824077126,750,1.4641984642181,1.06693942372884,1.17854376939411,1.2570299559141,1.00886911041858,920.430677799653,1203.91861987886,794.976211950636,860.877489228072,999.380273535487,1.05650267376847,0.832105646256105,0.973490329965566,1.03880472147375,0.850827359452453,2.37592605115474,1.50876311090883,1.48089983456338,1.55295347240206,1.24413698588341,615.995153385199,763.091661664721,596.14986359746,641.874473608823,731.681097410851,1757.28827668689,2246.88662663223,1212.80276260125,1321.33403998671,1593.23113302492,-2971.29369857397
500,0.333,0.825,377.709824077126,750,1.20067703842003,1.19743419719009,1.09974888321858,1.15924934395879,1.55189610704234,917.366155850915,834.708177973292,852.612280292968,972.303887230871,741.791218568775,0.90299911801039,0.87439822896628,0.87437274697537,0.936913889811172,1.08686553325083,2.13560549292276,1.7900036571771,1.45867115750514,1.45440722520315,2.29017741396996,572.223049365001,567.158619430821,611.662310837772,686.171160750276,556.654401718559,1825.49301003221,1577.6451174694,1491.3083640439,1681.21864943979,1233.12581753583,-3069.86782833909
500,0.333,0.825,377.709824077126,750,1.21371975757857,1.27609493323635,1.08769316390771,1.37866954834102,1.46362141626326,1068.4738986715,801.319206241021,886.264901400614,765.004346233869,773.258449547576,0.911467093493536,0.998992110286778,0.841916508476229,1.04021756069643,1.10873183229877,1.81926858951774,1.76050262561992,1.49927631590664,2.14961721939022,1.96531772155856,670.276215006465,586.055286510113,600.979509876614,549.224681153783,567.479956924805,1939.54380115395,1245.25869200847,1519.74220707505,1216.68914458748,1214.61586811928,-3031.40178174828
500,0.333,0.825,377.709824077126,750,1.31849263382916,1.2992031683061,1.10981694594136,1.12980953504924,0.997042743482558,812.110680819006,741.965742714952,869.790892272445,924.488129032567,1210.24831090655,0.996647094857409,1.0224143961229,0.868029051899777,0.889358209777563,0.751902841136919,1.83024626846606,1.71985117558419,1.65138192032319,1.49266862104928,1.36227188628771,570.987034546842,561.831476310352,595.056726599478,631.047557006501,732.364526939643,1446.93787186884,1210.38115480067,1468.43981599292,1685.60527847931,2544.88991718193,-3064.78698214777
500,0.333,0.825,377.709824077126,750,1.20234917900267,0.938000209499831,1.21509906408521,1.12816031041528,1.71262240260857,1053.78415414696,1184.75392829113,658.102716624171,953.031591159837,643.122970501015,0.947658420007059,0.775459641030231,0.987737984326863,0.955920819676217,1.23304410861772,1.68655189961943,1.18418612571074,1.53911379790466,1.43053475419561,2.77543151905655,701.565085383233,776.814237154571,511.630312668446,672.786406840136,497.803353153014,1824.74425621713,2163.54379897049,977.307009650912,1556.54157799791,980.420585195322,-3075.95934696408
500,0.333,0.825,377.709824077126,750,1.3474584836377,1.05455526112655,0.995749801089032,1.18472406304724,1.1897616153148,913.107206930406,924.795350008485,978.026771100019,894.493764979418,890.207450167919,0.95315011887458,0.853551573610356,0.792470488983747,0.925744562287858,0.887209549655521,2.01085484500897,1.37620327762397,1.27892191197579,1.59426024635908,1.74504669585247,586.1314665711,657.644983597825,680.241258654385,625.945647971213,621.495400397,1962.33928980612,1488.77543715468,1641.89751636838,1546.62148939191,1739.43010480191,-3013.91731408262
500,0.333,0.825,377.709824077126,750,1.26004823594183,0.997310868253376,1.01918665817292,1.46498912564334,1.13821946047127,781.944129972988,1703.478613631,1033.86694924927,679.713674744692,827.366494476096,0.931035980947161,0.760201356572273,0.824396042631872,1.08762218123803,0.95389896149339,1.79571110353274,1.49307053074896,1.30407063307401,2.10984950004866,1.43528261587295,567.253992266171,939.723062230417,699.379165743151,518.797266139039,600.686822075027,1280.83258066939,4097.05413387417,1822.43516723983,1007.98709420637,1219.34772357097,-3035.51045418297
500,0.333,0.825,377.709824077126,750,1.17220049474658,1.31338288616151,1.14768902692145,1.24883017887162,1.34748094694422,1061.9451012389,782.003032006328,971.420716459146,890.305162402856,769.087619703526,0.89403055683284,1.00985983211745,0.853567933099551,0.983959875535837,1.04939829929657,1.65133695589009,1.77708288509017,1.61509288893772,1.63487714678204,1.72314211840363,702.970612256496,578.174222064637,639.485987694152,644.46060544923,579.693526048487,2036.61169616971,1274.9799657355,1875.38943902356,1469.40052937936,1189.38807060327,-3028.3852640672
500,0.333,0.825,377.709824077126,750,0.986470485821226,1.16338765752311,1.30413417518472,1.15454502145111,1.22182605929628,1491.40111174804,976.374325926271,751.367126297549,791.708560682279,1033.7576153627,0.719210526139376,0.8302023326592,0.943291626963436,0.893491567808968,0.927986288718539,1.65296306045137,1.68958049166895,1.91857485620635,1.54695254718873,1.81248202702656,767.524442320673,642.5480614598,548.443807242165,570.672233874157,674.985535046392,3717.01771598918,1975.5109778641,1277.99510370398,1360.43063390939,1948.78215270617,-3013.23456067986
500,0.333,0.825,377.709824077126,750,1.56643778283007,1.31921153347098,1.18588484864755,1.06974706947456,1.59430873890096,914.960483174562,667.575649871207,658.085815754782,1297.28015656866,790.546733277647,0.850702754229347,0.986385099566455,0.951068157059771,0.787390210413644,1.19646409567844,2.29746529546663,1.80420201085771,1.52733664290946,1.61623370139847,2.24987730892982,631.871091835954,513.831827469298,507.892714008084,736.546103877761,588.410397268665,2792.13610580507,1072.12768498702,927.884297096864,3073.98853374731,1381.08906491106,-3041.29652176276
500,0.333,0.825,377.709824077126,750,1.13913819535338,1.23044997540609,0.97508847865138,1.18731431926713,1.42342037319121,1093.0955490005,917.064030245919,1070.57278708698,915.947970714096,788.329683505678,0.843907493259232,0.945817146789451,0.757092946060435,0.942161300381762,1.0838749008287,1.61853224394243,1.56191884971941,1.3486860158951,1.57066982266563,1.90555732594339,692.091860483462,665.903012729643,678.381555723112,632.652934547376,590.479927377921,2126.94827364886,1463.26767161283,2074.5707414118,1527.13589002109,1259.3553535657,-2959.43043155145
500,0.333,0.825,377.709824077126,750,1.22312884959925,1.10083398742297,0.970253489797279,1.32352473738285,1.02414795014984,1072.7609733899,1017.76024962702,990.910952228527,835.396994811127,1004.31945377073,0.883792118926177,0.871681559278474,0.819800617291473,1.0398708093227,0.81650117626823,1.8648504051873,1.77393356112046,1.1673917675388,1.70226479209415,1.29326229977235,668.176860949349,627.542699161942,714.713077351281,621.327939038772,685.355233129857,2318.04460616394,2059.25824569718,1597.27465708352,1285.24657204232,1668.94893918786,-2981.38218847488
500,0.333,0.825,377.709824077126,750,1.27584062200656,0.976260707086137,0.9602916017277,1.03611040013263,1.3563062902233,1067.25489510171,1379.27510752233,1021.22578256863,893.800929413983,988.985251532319,0.933800465063927,0.730383738494654,0.744488632954955,0.845211881691991,1.02203496967425,1.71135228062534,1.32364902492344,1.22058757936982,1.29371878629409,1.74751994113238,720.082616200788,823.796379436667,694.301837900687,644.533841436893,706.304145067993,2139.32563613909,2951.4645007029,1870.85762313494,1433.26541820087,1846.79462129963,-2900.99315512443
500,0.333,0.825,377.709824077126,750,1.24634198951926,1.25062186224946,1.26628722704535,1.11564755449643,1.14665789506868,927.860040115751,940.304437189563,734.601123758566,906.989362647425,1055.94139371318,0.970346023013004,0.946006503231102,1.03570964009212,0.918893944143911,0.950021056808577,1.83544188912674,1.70710114468393,1.56244763145902,1.35842272408425,1.40096827313541,640.41692260199,656.249416416849,565.233770251253,664.878794131651,726.117551024998,1560.60239742889,1747.66936790279,1084.6309667406,1469.25857354661,1998.53035325366,-2977.27789461303
500,0.333,0.825,377.709824077126,750,1.49370383086374,1.32619623278152,1.23459252707856,1.35367576425368,0.998800012106161,805.962108838815,976.733413446351,797.874529250211,800.09467057083,993.45487264765,1.02227476876036,1.06166475028231,0.918746233176043,0.97526103595943,0.806022595223626,2.22356546256501,1.71082307646819,1.6786170596589,1.78395458375566,1.29648485456189,587.650138211099,683.692576038056,573.57869717524,597.034278344476,675.583201464367,1582.84133642298,1597.12602289254,1429.553475509,1384.01238416558,1694.0026467167,-3009.81311280126
500,0.333,0.825,377.709824077126,750,1.13002213003595,1.44998274163388,1.11728240738326,1.34373385597779,1.22244916978395,1198.69079151419,815.746363948897,869.277044431759,815.097318217429,774.086988418957,0.91999610216893,1.14128402291611,0.936234975174347,1.08100099826064,1.06578517810994,1.48574575706022,2.02532627458368,1.38098391579471,1.77897464123391,1.44243806753377,758.573716153548,612.54279390307,638.72618856484,599.945998104617,594.891350109228,2229.5432432115,1261.80265932635,1303.0676559801,1306.39570130793,1068.32394985376,-2999.55942330182
500,0.333,0.825,377.709824077126,750,1.88005949607971,1.07280844620941,1.09089956509755,1.04307365383829,0.923608165315765,820.826728285514,939.347010912466,895.078194369898,887.485528454139,1419.80024875926,1.13655428164719,0.868295989276793,0.858550037688531,0.836970600554948,0.716150047226609,3.33650769069563,1.40824826634647,1.51864098838511,1.35240199921662,1.2942691254421,577.055827955774,659.620037677974,608.119758710277,651.766508090479,811.149249816157,1647.64214179638,1566.14982675081,1586.9309723226,1412.39709494488,3011.39854310457,-2988.75675681514
500,0.333,0.825,377.709824077126,750,1.19020724667352,1.36281809970892,1.09075961702194,1.12884767885914,1.518731962793,979.498894703217,860.142701268173,818.851693516026,1037.36969635862,677.746525945905,0.924139466372412,1.07596910934534,0.929549003076807,0.939313369723543,1.21757428648766,1.93355969890751,1.79609927188791,1.28839840309516,1.40950270445104,1.96370578312797,618.54902197867,628.875337207687,613.747108578347,747.165814098315,533.967683713555,1742.18445835567,1470.76140982976,1189.25869242415,1699.61034014563,967.19515122949,-3018.4676150997
500,0.333,0.825,377.709824077126,750,0.974836328193661,1.43156880030491,1.00123832107713,1.29425721280651,1.09075397602632,1460.47928676146,640.516065718236,1079.91014914929,798.858854808563,1203.97810121222,0.645477704490493,1.14396817551856,0.762596859613143,1.00934526148871,0.902109443255908,1.74015711167066,1.83008650498108,1.37780923769986,1.66960155407858,1.37223753323248,690.171683405517,508.19672968786,699.189482789797,603.514678747543,817.102194005837,5689.56555412576,929.843496599291,2162.03360940777,1278.48076985516,2275.38883953856,-3011.83458209232
500,0.333,0.825,377.709824077126,750,1.4357720463035,1.13984615757261,1.35076556582402,1.04343213485323,1.13653058270953,913.440284673808,1056.39163524238,798.78242344442,1129.75195314484,918.08301787078,0.966026218394329,0.896322679657854,1.12111730043821,0.817696907661767,0.955202914222412,2.08200169234485,1.5027153261079,1.65534985075252,1.68210166176208,1.35396051444259,639.466654103203,729.529078322984,622.556137232289,653.980706216842,692.325954216949,1916.9065760711,1831.09847696571,1167.52737118576,2176.95103479802,1385.34078663867,-2954.8840402757
500,0.333,0.825,377.709824077126,750,1.06083041149114,0.884037940244502,1.42401456410187,1.11482565314885,1.24818742900808,1493.5669042213,2113.39007074814,602.606044397569,864.575319216091,1006.16655785183,0.776198896903913,0.61485378248144,1.15550069512359,0.836427807199591,0.916423358570853,1.42614291358451,1.44054793938769,1.74419651916826,1.39629249101903,1.73111500180358,907.53749239092,927.23859514734,503.505060896791,618.140806666263,706.946694152493,3627.05370544031,8573.98297725296,765.566713364631,1634.94658490442,2036.81324314753,-2942.15718585942
500,0.333,0.825,377.709824077126,750,1.03454801577617,1.33941793213548,1.11963690677913,1.51120479747021,1.28629370038145,1361.05988777426,719.21750301288,751.530534961478,787.79678108209,834.7694509504,0.79075734623321,1.08590895256579,0.92984644789868,1.20396065289683,1.02570887756184,1.36973637692804,1.73759954328612,1.3715323800954,2.01938622386658,1.89773565304825,819.145836195889,554.46909944579,567.649076922495,584.107503499964,608.233122600043,2900.97963808916,1020.53658502194,1081.33190659577,1190.13713285307,1363.67985601987,-3036.9049913566
500,0.333,0.825,377.709824077126,750,1.28640449066946,1.0746763645821,1.21322279750571,1.32826808470908,0.905006992823511,723.926838622969,1321.76732671812,944.100531851762,727.982142289181,1730.9852122306,1.08464560152184,0.821721894088835,0.883312445644159,1.07972689530292,0.662366408697586,1.53748118993684,1.42280558977465,1.71773210386819,1.69485718763996,1.67808743267143,560.633472280249,830.222659190022,648.224581406905,572.371632362957,765.689087661158,985.6735098431,2796.32630229366,1932.44145979166,1060.01828979531,5134.59713743288,-2989.0671381254
500,0.333,0.825,377.709824077126,750,1.57677672562459,1.01735935253897,1.17737772229957,1.04277008149297,1.42766810375108,833.199661091805,1063.76094294874,740.575814836931,1068.58357390728,867.297079121097,1.22096995814414,0.807834824910499,0.989040590684307,0.809615709974345,1.03944474474859,2.34630109591775,1.34365434096856,1.44944590731271,1.42320651598364,2.26647223971463,612.619636844196,695.503863174045,576.247083824658,694.583704053433,588.701175663546,1314.53931960571,1880.83150607958,1041.53222911915,2003.79637194964,1536.13800654475,-3034.67024074655
500,0.333,0.825,377.709824077126,750,1.30274437882127,1.4129301230791,1.05554579175371,1.41590998701518,1.110721295946,806.59875750886,760.874771531302,1310.28058984679,813.421961859296,828.854476593556,1.12569811049601,1.14621350059025,0.803656387467655,1.17854048665306,0.936604227710499,1.50558203579109,1.77059311076303,1.53734587327677,1.77379921806556,1.34678534718958,626.713343366741,580.467563708991,800.048691408663,622.188265182618,612.029868274731,1138.65835456115,1134.83227565714,2872.6372248974,1268.53179276228,1232.64489319153,-2939.02672573326
500,0.333,0.825,377.709824077126,750,1.42339824038038,1.14063135473208,1.46425226572454,1.24410456582301,1.13739002151425,813.913247610669,1004.25882671184,786.05440272648,883.642817998678,882.506150681977,1.12536178848142,0.845553499592519,1.139518840565,0.872591322251377,0.94514895415209,1.84386941647162,1.70921552541696,2.03301869881719,1.7668738500989,1.41967836154267,614.861665801778,638.46223135903,593.164741788244,608.481001860348,635.288087295592,1213.74966846065,1988.93149609437,1259.93412779005,1761.58685129947,1404.4468983103,-3046.77115645839
500,0.333,0.825,377.709824077126,750,1.56420941019786,1.00711258236331,1.10162074056333,1.02379453730328,1.22419951004976,648.229831394763,1244.90991983155,934.899254081039,1522.88042051452,875.14393147985,1.26307927186438,0.847016884178789,0.91118562276502,0.818763202471365,0.968048469251223,2.02904756039444,1.22813915964496,1.38113914377899,1.36853806959946,1.67284789927932,527.336820637915,841.265892484795,667.681570979546,893.618201161963,623.900760260016,911.570888317166,2195.32005339293,1519.13955141453,3233.72243799564,1370.78693116856,-2978.26682463671
500,0.333,0.825,377.709824077126,750,0.997699128474592,1.18035744679812,1.1281787690012,1.3100322750926,1.30339245989513,1486.95280948335,851.034738813765,836.179110929934,753.127750708491,940.556479350511,0.765717249810342,0.942132879746477,0.922398399272333,1.03576258726986,0.935251520478728,1.38446039141623,1.57726305857152,1.47938639114377,1.6935780728537,1.78640812814,864.685071508356,617.688496144237,614.423899860014,565.421786887652,652.725457637593,3307.40780247375,1311.80599253631,1297.81541607965,1105.37999986568,1871.05833997174,-2971.16229664065
500,0.333,0.825,377.709824077126,750,1.23363970835617,1.16091341943031,1.20970623652818,1.18491047686871,1.44046681224848,1234.20888614961,753.33725178406,1248.17805791584,858.377454015638,528.079441071995,0.996142713365211,0.926254606627305,0.825057413360989,0.988659327710982,1.2020710977863,1.77870114648283,1.53360564895157,1.95402317704326,1.45479007226213,1.74737286407318,770.949883133207,559.211794956093,708.145728176997,640.05354402638,442.215313813525,2436.40404819124,1252.78492769541,3176.52758256923,1332.75673041431,676.434157050814,-3036.84398897783
500,0.333,0.825,377.709824077126,750,1.20385063515448,1.21759184985286,1.31148055108498,1.09070362779523,1.38175485184399,1225.27548950966,791.340367080468,616.782660655911,998.344049770046,765.378112696169,0.91168626563664,0.887548936799248,0.998864393509964,0.811789254437463,1.07050894466737,1.87546758467313,1.65004984028434,1.68611792844753,1.48946501051807,1.7502159961628,703.375906885584,590.948709901139,494.789598237679,642.720819658927,581.934177982143,2584.34176999592,1484.22813901186,870.566097984396,2095.03258672737,1236.81262309817,-3058.38610737336
500,0.333,0.825,377.709824077126,750,1.4568042239277,1.42628107879719,0.937294526646953,1.31092696004111,1.12375858210322,865.810749043403,705.922536425779,946.617786799703,828.132771929233,1000.84921843959,1.10737161234553,1.13499690619467,0.778610400060048,1.01108896615796,0.89737969651566,2.11189763998928,1.85583188463821,1.1646943015441,1.68920892059801,1.4474252629277,610.401884377635,544.555977305459,657.642821627231,604.979683332829,699.991791100931,1589.80651764918,1012.9816040443,1523.25430051318,1354.34913593598,1656.86015893056,-3037.91271485599
500,0.333,0.825,377.709824077126,750,1.26631461585197,1.00269822516359,1.33237421631664,1.15538986453135,1.0614125854228,947.058831851095,882.106969779852,739.46392000789,1024.12591367683,984.442331144803,0.990987218998118,0.844306942494606,0.979197480242931,0.893489042833656,0.81848541367989,1.72990639450394,1.19590784430255,1.8267341451376,1.58472413350812,1.41013591958249,658.642456215864,625.321978796733,562.19521756595,679.718086543193,633.431015290818,1543.13641027863,1370.17003895125,1221.3590242396,1943.83881874427,1972.2788643584,-2994.53451522928
500,0.333,0.825,377.709824077126,750,0.959617645525561,1.22657019169838,1.31209369928793,1.20596905072837,1.31079597927374,1564.07204482369,842.140663105102,750.684305944081,712.76734602087,656.693657346421,0.76031917464157,1.02498795660542,1.11405216451239,0.988536143636051,1.0870325973335,1.34525489902358,1.60221581613867,1.55225267672348,1.49198688026678,1.67016013684714,916.761497040699,620.747877259148,571.012445062215,548.008894434424,513.074413984618,3274.85367591883,1234.66285494963,1116.09893383885,1044.99495731939,894.580906546698,-3083.33329511932
