"n"  ,"p"   ,"q"   ,"tau"            ,"B"  ,"shape.mle.1"     ,"shape.mle.2"     ,"shape.mle.3"     ,"shape.mle.4"     ,"shape.mle.5"     ,"scale.mle.1"      ,"scale.mle.2"     ,"scale.mle.3"      ,"scale.mle.4"     ,"scale.mle.5"     ,"shape.lower.1"   ,"shape.lower.2"   ,"shape.lower.3"   ,"shape.lower.4"   ,"shape.lower.5"   ,"shape.upper.1"     ,"shape.upper.2"   ,"shape.upper.3"   ,"shape.upper.4"   ,"shape.upper.5"   ,"scale.lower.1"   ,"scale.lower.2"   ,"scale.lower.3"   ,"scale.lower.4"  ,"scale.lower.5"   ,"scale.upper.1"       ,"scale.upper.2"     ,"scale.upper.3"       ,"scale.upper.4"     ,"scale.upper.5"
  50 ,0.215 ,0.825 ,377.709824077126 ,1000 ,2.70088463379881  ,1.09149924179673  ,1.80731241647112  ,2.38620763366623  ,0.866192491982951 ,  566.359815107285 , 949.690897634115 ,  407.611941420596 , 420.272902012987 ,1907.36329510562  ,2.03042754440986  ,0.377985530608233 ,0.909887079116928 ,1.66541198335907  ,0.404073523148604 ,   7.88282373694215 , 2.16911010235734 , 2.64269697463574 , 3.88752789996835 , 1.49337579718655 , 381.186600860319 , 445.616247004403 , 302.129172776091 ,321.970530838919 , 589.495810953245 ,    2147.34132473999  , 32290.2302808736   ,     785.884925678614 ,   707.698757576376 , 83060.4970920247   
  50 ,0.215 ,0.825 ,377.709824077126 ,1000 ,0.660141325857543 ,1.21257875114959  ,0.972240671989207 ,1.23050133105444  ,1.00033817681761  , 7487.44477560733  , 845.789763556386 ,  539.037679348894 ,1009.84111760218  ,1631.73432343618  ,0.277674710960573 ,0.632570894503993 ,0.675928391017308 ,0.660955169996685 ,0.527185589144558 ,   2.89056861144492 , 5.05593631869148 , 1.71754916653979 , 2.57904632708362 , 4.43833936316025 , 436.178338527217 , 456.267705557781 , 329.999897404726 ,521.420285218591 , 580.655749513047 ,15405815.0983273      , 29349.900302703    ,    1651.24248437799  , 29397.6487544229   , 23155.9122426177   
  50 ,0.215 ,0.825 ,377.709824077126 ,1000 ,0.742983756395584 ,1.60076865653773  ,1.26307544691939  ,0.889682206757762 ,1.37810687847133  , 1896.36706651057  , 457.954363536359 ,  693.840277794012 ,1191.58508560755  , 959.794181124539 ,0.378131231754831 ,0.949723035254177 ,0.565920667050766 ,0.6952038894219   ,0.610277722093532 ,   1.34414194583905 , 2.80220285787307 , 1.85131880643006 , 1.14541029973311 , 5.63931874787071 , 612.165348266756 , 310.816525872184 , 367.950764113991 ,425.60729192025  , 420.286576476858 ,   30213.9710835989   ,  1355.80097592132  ,    3886.43977988854  ,  5700.35971218271  ,  4579.2640897325   
  50 ,0.215 ,0.825 ,377.709824077126 ,1000 ,1.3134708989185   ,1.31798194487422  ,1.49666243094418  ,1.10456171048749  ,1.10754330288258  ,  773.84774879635  , 840.721580377651 ,  526.434502330998 ,1471.84755344121  ,1110.39637371467  ,0.827644831969953 ,0.620706133454188 ,0.795216579862117 ,0.704890781528744 ,0.510733878281893 ,   2.52245095073823 , 9.22967371136813 ,24.9524275682597  ,12.3130966845403  , 4.17220151030113 , 438.882485030827 , 395.97015639061  , 360.807558717741 ,453.857284475035 , 458.036572591285 ,    4858.41090230151  ,  8697.37815260078  ,    3975.44502932538  , 20048.6887022806   , 35431.2044123176   
  50 ,0.215 ,0.825 ,377.709824077126 ,1000 ,0.723463267533553 ,0.97186052722018  ,0.985054434570473 ,3.32610460020167  ,0.873017167180634 , 5651.19086652039  , 915.312106138362 ,  596.039675290163 , 702.269510942337 ,1257.98565628627  ,0.392654622364416 ,0.685386102868674 ,0.529400292997169 ,0.967936941821447 ,0.583548914358106 ,   3.62780762225804 , 2.73758624329817 , 2.03826715912787 , 7.99841824939514 , 2.9257399761802  , 554.833027516317 , 451.627056757141 , 354.331323083054 ,382.718082369136 , 501.12063990228  ,   35991.3438668006   ,  5568.41104332656  ,    3977.2471144853   ,  2695.55151376673  , 10271.569081508    
  50 ,0.215 ,0.825 ,377.709824077126 ,1000 ,1.45081576213705  ,1.17060492077982  ,0.826459350371952 ,1.42077837308108  ,0.813786705233288 ,  642.08398103468  , 827.170811458206 ,  861.289051550388 , 633.642489579615 ,2708.14924646828  ,0.705531650527558 ,0.853995222225209 ,0.441364073691732 ,0.588454290917001 ,0.604701460333061 ,   2.29732607498727 , 1.71844772654601 , 1.44490783721869 , 3.20336037192454 , 4.14490960494348 , 355.566817920488 , 410.184447546544 , 410.691398366791 ,371.816325271826 , 632.473299143263 ,    2751.2714571154   ,  4487.72410117993  ,   14439.0624278161   ,  7764.37262503631  , 11985.544485193    
  50 ,0.215 ,0.825 ,377.709824077126 ,1000 ,1.22632568609669  ,1.40887737781428  ,1.09338309693953  ,0.786797714579473 ,1.30428262652518  ,  840.478065590009 , 744.415804125777 , 1026.52775617222  ,2450.80631929732  ,2511.29231517109  ,0.747304260696636 ,0.882018825092183 ,0.502868084219921 ,0.436697845837674 ,0.537898266467048 ,   2.42269633030065 , 2.09117926487637 , 3.82773162487419 , 1.81495950304204 , 5.08356542952343 , 451.207641987332 , 433.742030271402 , 486.723453776234 ,724.922619938361 , 431.278397353255 ,    4128.24012972197  ,  2150.93877607379  ,   16391.9963422532   ,122460.314770529    ,  9362.74257842042  
  50 ,0.215 ,0.825 ,377.709824077126 ,1000 ,2.26694106850215  ,2.14327166795557  ,0.915895230093377 ,0.793619599410651 ,1.53097941468137  ,  616.048185955084 , 576.720211951898 ,  949.176952716906 ,3123.68074982535  ,1032.87906626259  ,1.22833484623573  ,1.48298520976496  ,0.648433125255983 ,0.402695202882171 ,0.766723052425186 ,   7.61852093956752 , 8.03553796634527 , 1.95523326593035 , 7.90824889042351 , 7.40565460821218 , 422.218261725732 , 389.351163990473 , 446.305398107609 ,452.9773359467   , 435.899963224895 ,    3095.92416737011  ,  2417.28947617414  ,    4918.80433167142  , 93081.4899177435   ,  8306.54822537285  
  50 ,0.215 ,0.825 ,377.709824077126 ,1000 ,1.41406146513209  ,0.818795930666678 ,5.52005678577732  ,1.26093950153023  ,1.25813672804261  ,  516.526124402359 , 563.218792357787 ,  471.313359348705 ,1046.37921288406  , 614.22314230609  ,0.51145695866071  ,0.562869174652565 ,0.82164622738341  ,0.794688330852783 ,0.725002230021723 ,   2.47322421055391 , 1.49057559919792 ,16.5886298345164  , 4.00768121104753 , 2.68785317914055 , 330.753836242404 , 314.975442906343 , 373.951933442151 ,419.767751048422 , 341.608034473505 ,    5098.12946802424  ,  1915.50545503605  ,    1958.84047647997  ,  4580.32370028388  ,  2488.96525227936  
  50 ,0.215 ,0.825 ,377.709824077126 ,1000 ,1.12557728151679  ,0.99829450360075  ,1.20640351827453  ,1.5729873215953   ,1.85372380138661  ,  822.14407946027  , 923.063619579665 ,  730.820907567267 , 821.31554632298  , 535.698359868633 ,0.516860134896936 ,0.548239979756943 ,0.632218387774047 ,0.907625791932765 ,0.741012497533022 ,   2.09551320330879 , 2.7043483730647  , 3.31805189616734 ,35.4103379771868  ,16.5671937738019  , 407.552179154455 , 425.96357355656  , 395.531111273605 ,385.644114657652 , 378.992672489674 ,   11380.9312784061   ,  9474.79949106891  ,    4145.18337727358  ,  6211.13738119158  ,  3930.67326069148  
 100 ,0.215 ,0.825 ,377.709824077126 ,1000 ,4.83920256781762  ,1.15353741382781  ,1.12170183183241  ,0.972196073568442 ,1.16577751071557  , 3073.56882043139  , 640.347280553864 ,  851.153540854563 ,1255.70601266741  , 796.173948649208 ,1.03518577682341  ,0.777162048368963 ,0.821294054332811 ,0.637850143815766 ,0.864688042427723 ,   6.49313618514132 , 1.90251512374618 , 1.72590027565662 , 1.67492318208575 , 1.81226760829455 , 392.753794334076 , 426.700537283323 , 518.235342314934 ,609.320584219241 , 499.742948411836 ,    3546.44132186603  ,  1323.79167972823  ,    1967.66493526156  ,  7112.20633092316  ,  1685.33196770656  
 100 ,0.215 ,0.825 ,377.709824077126 ,1000 ,1.95146326881758  ,0.902870919619777 ,1.21760561459916  ,1.74406231060874  ,1.27081125209417  ,  909.969408991625 ,4169.42253527422  ,  585.852869326683 , 561.658181046218 , 853.829787060336 ,1.25301073057376  ,0.416990298569264 ,0.874443620341717 ,1.20829090137839  ,0.919686401748052 ,   6.88706742356535 , 4.2058975379852  , 1.75562915666447 , 3.45542731901766 , 2.00154990253225 , 486.340378014167 , 533.799159189277 , 408.804204977084 ,421.579443613793 , 533.565904027635 ,    3476.25540279347  , 74607.3291896145   ,    1014.59942720951  ,   960.838567360773 ,  2876.28789549299  
 100 ,0.215 ,0.825 ,377.709824077126 ,1000 ,1.49058537124837  ,1.52639222749484  ,0.872522846270049 ,1.13845066887808  ,1.35088957274065  ,  841.043395973504 , 601.030891516529 , 1101.94472901639  ,1100.46612218257  , 924.637004818576 ,0.907474469211741 ,0.569373984548241 ,0.533337051835739 ,0.702245966469586 ,0.803653283507968 ,   2.76497625366677 , 2.90420657872524 , 1.61376432915262 , 1.95905632842668 , 2.49442402277652 , 482.878348422615 , 414.815888624127 , 513.188975831726 ,560.579041666454 , 502.40565037805  ,    3509.66967788577  ,  3287.26333931233  ,    7297.51576824168  ,  5779.66604164165  ,  4224.59423822775  
 100 ,0.215 ,0.825 ,377.709824077126 ,1000 ,1.64120117661155  ,1.3708400192225   ,0.741471034865352 ,1.80880023847796  ,0.921561204804546 ,  873.826436663764 , 572.61703364604  , 1141.01210519654  , 605.757692130133 ,1045.84261392906  ,0.805990864402869 ,0.883212354270133 ,0.496138506198834 ,0.790286098330792 ,0.397511538854346 ,   7.38748667493105 , 2.35687466450593 , 1.09744795258192 , 3.15145589867169 , 2.19250109953055 , 415.19728851984  , 397.695442377093 , 543.804465190879 ,415.261522346757 , 460.953033587127 ,   11276.3168634247   ,  1245.90300698756  ,    5686.01026769663  ,  2292.25127915821  , 25788.8698750558   
 100 ,0.215 ,0.825 ,377.709824077126 ,1000 ,2.86088773828499  ,1.00692040435829  ,0.854465286922468 ,1.7171956286808   ,1.10763339544653  ,  647.332221976143 ,1602.23313365773  , 1876.11210534898  , 752.454725857563 ,1622.55968285348  ,0.850048259829917 ,0.694768304730922 ,0.567274576391368 ,1.14050135629974  ,0.600319948940901 ,  31.429867164255   , 1.51647826282261 , 1.5623365013837  , 2.84248730293299 , 2.21091765136959 , 403.755676947497 , 764.805586988053 , 720.813667310637 ,517.825747948767 , 643.668208110344 ,    2526.54808675188  ,  7236.0891085734   ,   15013.8295732212   ,  1583.01701464159  , 16072.6119268726   
 100 ,0.215 ,0.825 ,377.709824077126 ,1000 ,1.8540848627672   ,1.06954485770105  ,1.17394998753669  ,1.16781210702622  ,0.793331104493153 ,  534.394900624005 ,1849.52387984632  ,  955.8970677008   , 760.303599984194 ,1938.59949855246  ,1.3634475846932   ,0.581106743061867 ,0.885858016749434 ,0.897889393864883 ,0.419965736840779 ,   2.91376886787278 , 5.15854231144735 , 1.72647123738512 , 1.56662686928956 , 1.23097570481866 , 400.356306520734 , 592.141665774042 , 540.334959552545 ,496.291104552391 , 712.433208519665 ,     832.742442749035 , 47469.3213120125   ,    2208.47164942003  ,  1465.46880314904  , 27285.0399988149   
 100 ,0.215 ,0.825 ,377.709824077126 ,1000 ,0.950733255317848 ,0.976085961769269 ,1.32420567447768  ,1.15836490248131  ,1.62888776796738  , 1648.81164435389  ,1513.67171912335  , 1090.4652324907   , 828.271920895106 , 667.592295119885 ,0.635980443995666 ,0.680627203518877 ,0.859392493259753 ,0.815685774547815 ,1.08951212673401  ,   1.99136203808244 , 1.51997347232377 , 5.41843284332861 , 1.83373591690872 ,11.3928200641338  , 658.376317443689 , 707.752170050159 , 535.158417147636 ,515.545592992169 , 433.046419514104 ,   10461.7047594294   ,  7608.55495307051  ,    4642.53004267648  ,  2648.41181292597  ,  2243.50815063054  
 100 ,0.215 ,0.825 ,377.709824077126 ,1000 ,1.56952582854957  ,1.41919755076984  ,0.883678655040876 ,1.04415210301594  ,1.08751419038975  ,  738.896346626799 ,1120.95606883153  , 1028.50730955748  ,1156.21592330913  ,1584.00286459466  ,1.05956721660694  ,0.714078871109898 ,0.605977001445407 ,0.602623907012675 ,0.770242071831794 ,   2.72974835123887 , 3.12397562144378 , 1.22126196451441 , 1.69548100849598 , 1.90325905967164 , 496.472685043872 , 605.226694757699 , 556.985225297474 ,613.436707603273 , 689.500459459301 ,    1572.50702101132  ,  5831.39391905557  ,    3105.00561379372  ,  7012.83551935445  ,  7836.48100748058  
 100 ,0.215 ,0.825 ,377.709824077126 ,1000 ,1.05093315372154  ,0.93957033174701  ,1.13716591495519  ,1.15083142246043  ,1.51373743068955  , 2180.78010086803  ,1301.69144643835  ,  901.938599378947 , 878.109575987441 , 788.573017771558 ,0.491077061138013 ,0.583264764806705 ,0.91422221700567  ,0.772270368410407 ,1.06335274491957  ,   4.28938290528454 , 1.63680950715144 , 1.50644576499011 , 2.25627834948596 , 2.43384109551782 , 576.817970272543 , 604.196113853518 , 533.698742204436 ,503.820587468117 , 521.285917418177 ,  261141.516721406    ,  8646.38600516091  ,    2099.15718199812  ,  2390.72278663809  ,  2151.93936395421  
 100 ,0.215 ,0.825 ,377.709824077126 ,1000 ,2.2940838197756   ,1.198848716838    ,1.27209489789679  ,1.58794316934083  ,1.1310059128598   ,  907.057336375136 , 992.313428590317 ,  789.709492769587 , 504.603746147976 ,1021.94449733698  ,1.1718565963054   ,0.42398759782962  ,0.867306260097029 ,1.17608218949287  ,0.838314671298858 ,   7.11643910536308 , 2.25848920017395 , 1.96891638745978 , 2.21226520522441 , 1.82811645898723 , 519.511947171871 , 527.731168203234 , 487.940415257036 ,380.391965588023 , 575.914659181568 ,    2861.96003956978  , 39519.5911669301   ,    1892.71090045285  ,   799.054957196332 ,  2699.90690467355  
 200 ,0.215 ,0.825 ,377.709824077126 ,1000 ,1.3892629962127   ,1.06581431785969  ,1.02749997376012  ,1.05630679030993  ,0.930978846519451 ,  728.090322515235 ,1032.52326623889  , 1178.19998279726  , 867.584470716651 ,1774.96768246499  ,0.748928323692531 ,0.712599231018218 ,0.721433306201129 ,0.782856781286884 ,0.670364955204626 ,   2.19770668118147 , 1.54768904236561 , 1.4182908273052  , 1.46639676452316 , 1.21500834853352 , 516.374273990376 , 603.058506160849 , 680.554267648573 ,599.77186020142  , 891.766102768121 ,    2731.92440247437  ,  2923.76516369871  ,    3521.71175341632  ,  1863.84506743797  ,  6104.45367956936  
 200 ,0.215 ,0.825 ,377.709824077126 ,1000 ,1.54818867937743  ,1.16794332816752  ,1.07686373930249  ,1.37927352173431  ,0.982334650426993 ,  757.506481378117 , 856.189402590919 ,  922.497257118572 , 834.497323896302 ,1497.7657607849   ,1.12717135329411  ,0.819637360236968 ,0.862124158624583 ,0.80481838600822  ,0.564649555207417 ,   2.12179370985968 , 1.72890838724356 , 1.36180610714764 , 2.15299112999778 , 1.42861873483376 , 533.624660056947 , 575.455847968205 , 624.784311473529 ,541.348864994077 , 744.149181206553 ,    1379.75962110876  ,  1841.48991902621  ,    1810.32344201573  ,  2845.80848554537  ,  9981.95464614765  
 200 ,0.215 ,0.825 ,377.709824077126 ,1000 ,1.35691293572449  ,0.871297114821734 ,1.05506563690728  ,1.42009831529289  ,1.01533936076142  ,  862.113472378707 ,1464.33812590684  ,  643.343578350086 , 816.258643972194 ,1459.58452936835  ,0.792110671373895 ,0.466631752812596 ,0.809674615566372 ,1.12768311145181  ,0.604243042024895 ,   2.58754393762031 , 1.54839791940574 , 1.33243652409396 , 1.85151732739806 , 1.65431297038777 , 519.170916964587 , 645.296116417657 , 471.884740315938 ,565.078846328739 , 750.795600637439 ,    2622.12925735811  , 21746.2954674248   ,    1056.51023308878  ,  1503.68118513452  ,  7087.41145496942  
 200 ,0.215 ,0.825 ,377.709824077126 ,1000 ,1.13545585387626  ,1.17443424904322  ,0.887414871705235 ,1.34443496246035  ,0.956141740649719 , 1167.73788628434  ,1127.96484725007  , 1427.92563724045  , 617.008203209735 , 828.980579121739 ,0.814136366337107 ,0.706587017426449 ,0.557710474353041 ,1.01828619583889  ,0.610422021933861 ,   1.52370943792512 , 1.66286320099597 , 1.23904975851076 , 1.70671977767126 , 1.21495887004802 , 689.352611732716 , 645.465608265295 , 743.492750680494 ,466.832340239575 , 543.420704691692 ,    2736.70726469545  ,  3602.52704110885  ,    9068.45971338309  ,   972.483543384308 ,  2355.15204670831  
 200 ,0.215 ,0.825 ,377.709824077126 ,1000 ,1.04613424740267  ,0.939164055155745 ,1.08309873704785  ,1.87053110396953  ,1.57222133142651  , 1667.4917029613   ,1133.35322683836  ,  730.842219046522 , 745.444482527148 , 670.382232430505 ,0.735400017208491 ,0.68063771229685  ,0.79317488454148  ,0.875925397736852 ,1.14818395113866  ,   1.41912622880985 , 1.21695283552092 , 1.4313040755711  , 3.11660536473869 , 2.27360953487171 , 879.301923487343 , 714.054380117746 , 521.603344173956 ,520.717932142789 , 510.512790902703 ,    7138.91931314285  ,  2987.12211636593  ,    1294.54361341294  ,  2201.58937634784  ,  1171.51589552736  
 200 ,0.215 ,0.825 ,377.709824077126 ,1000 ,1.24692258134553  ,1.2831959075962   ,1.25250320762525  ,1.1025962774331   ,1.23329884521267  , 1430.91276348065  , 784.069930001017 ,  651.291023705964 ,1180.64744108162  ,1135.7104551306   ,0.829154649044821 ,0.972774944832278 ,0.979319427451508 ,0.832627362413644 ,0.879702027288212 ,   2.07885832352773 , 1.97306415058622 , 1.63544478912587 , 1.4265606360181  , 1.75251739497301 , 744.487631096278 , 551.100597390734 , 490.381470392047 ,728.736344376724 , 683.921823988447 ,    6096.36989453837  ,  1363.09648067832  ,    1010.59795275755  ,  2810.27356493954  ,  2507.01948853466  
 200 ,0.215 ,0.825 ,377.709824077126 ,1000 ,0.824742110064666 ,1.14516035783149  ,1.08288640954818  ,0.953553740923068 ,1.60078471554201  , 3469.88276288757  , 872.354342223858 ,  687.414126894898 ,1468.46758370656  , 677.468787310021 ,0.571606086129313 ,0.757126373433648 ,0.793449039916105 ,0.612862974165795 ,0.955080646242812 ,   1.27363732064025 , 1.7397150384315  , 1.4915871319314  , 1.66209996948793 , 2.74607780466094 ,1271.24869775072  , 555.813664008155 , 485.493832876266 ,751.494968922526 , 487.256860979273 ,   23731.3710885688   ,  2167.81819614897  ,    1248.42185610428  ,  5946.25443101543  ,  1397.05634994637  
 200 ,0.215 ,0.825 ,377.709824077126 ,1000 ,1.22434562876881  ,1.21847717013621  ,1.21388542488225  ,1.9724379048571   ,1.26538190154162  , 1031.37448879637  , 737.194636740331 ,  739.486382603051 , 804.671000909134 , 800.871710193198 ,0.986124571827949 ,0.933395868696113 ,0.959822505575651 ,1.07851632081337  ,0.8241096087855   ,   1.70043604917503 , 1.62429514124702 , 1.57857483906872 , 3.08455671458826 , 1.84319035100001 , 666.033508322119 , 530.481092279442 , 529.107911945764 ,546.333523052707 , 542.144201635217 ,    2082.70977999743  ,  1208.72221185312  ,    1232.76723590289  ,  2428.74646047943  ,  2105.28700112044  
 200 ,0.215 ,0.825 ,377.709824077126 ,1000 ,0.942487175026785 ,1.24872949466135  ,1.17665804357472  ,1.45505702265395  ,1.37388876733746  , 2499.96455088188  , 731.401291043521 ,  818.443583879706 , 583.561331676353 , 818.762528362834 ,0.514625169484901 ,0.904120401655999 ,0.894847036561067 ,1.06136449436022  ,0.779792949034835 ,   1.87846121786003 , 1.81868862189333 , 1.6247976843836  , 2.0389903241759  , 2.01919463643866 , 859.256101530733 , 497.686554769756 , 540.676838622437 ,441.863817061148 , 552.427179765569 ,   71181.7869060719   ,  1396.16264293401  ,    1621.78195766043  ,   993.906533041378 ,  2415.26052879977  
 200 ,0.215 ,0.825 ,377.709824077126 ,1000 ,1.3595518601852   ,1.37983226911966  ,0.920515588568196 ,1.59482592091136  ,0.826652342748866 , 1386.88847095384  , 983.852272899781 , 1131.24402365653  , 551.414726137252 ,2908.57286307249  ,0.81402291549509  ,0.974891547144169 ,0.596251166024946 ,1.24651319773687  ,0.588217116648457 ,   2.51555746448476 , 2.18504626629628 , 1.1996207413937  , 2.01552744869805 , 1.14071397861706 , 725.946664535718 , 624.124627829259 , 699.958356740191 ,440.73389272696  ,1243.84230767966  ,    8480.79147474149  ,  2215.91012702385  ,    3248.49033307721  ,   757.496952847742 , 14033.0160426174   
 500 ,0.215 ,0.825 ,377.709824077126 ,1000 ,1.06097679935972  ,1.27342332802177  ,1.15030522174669  ,1.49150855677494  ,1.30608168844125  , 1534.0930021724   , 802.832456837086 ,  580.003033744336 , 745.852669024291 , 803.542845258688 ,0.811304038115947 ,1.06914968360511  ,0.986559161679774 ,1.23157770530889  ,1.03877742303678  ,   1.34986170377736 , 1.56770189209743 , 1.32193882097228 , 1.90664804152724 , 1.69685751218462 , 919.39159912573  , 616.312899165647 , 475.852896542422 ,582.444208569234 , 606.349335730977 ,    3258.24023527028  ,  1145.47907494169  ,     757.144610684269 ,  1032.08338483527  ,  1199.64817629293  
 500 ,0.215 ,0.825 ,377.709824077126 ,1000 ,0.854320549522007 ,1.32464024506365  ,1.29795879941598  ,1.35140386594236  ,1.02150514735856  , 2889.77132493182  , 695.233025051254 ,  959.429869994839 , 762.614645684027 ,1050.15780967879  ,0.66292314371296  ,1.04601080492857  ,0.858328102075268 ,1.08226838464907  ,0.812501250178952 ,   1.15159869453393 , 1.63722313166693 , 1.87981314085256 , 1.66640654639709 , 1.22195808199861 ,1376.09634515467  , 559.949657993476 , 657.342925602869 ,602.778549282144 , 762.497045180169 ,    7623.70388765768  ,   968.474006435124 ,    2191.22943939798  ,  1085.13217621281  ,  1756.37140440143  
 500 ,0.215 ,0.825 ,377.709824077126 ,1000 ,1.14664286319465  ,0.928528676429813 ,1.14337323595774  ,1.28430363029979  ,1.22070223758769  , 1196.29442127091  ,1289.21098044051  ,  833.179406382157 , 913.936339286431 , 916.903683020621 ,0.943837725781874 ,0.711098682472209 ,0.955225109931695 ,1.04627232652903  ,1.01749564024281  ,   1.4066878485721  , 1.14477808964769 , 1.40832859350957 , 1.73140723870619 , 1.48381833314554 , 807.672791313538 , 845.089407989335 , 633.185363895226 ,671.09144411555  , 709.500330505727 ,    2006.76535583244  ,  2446.29589450679  ,    1188.84821725772  ,  1361.55929418206  ,  1380.20407651522  
 500 ,0.215 ,0.825 ,377.709824077126 ,1000 ,1.16654742857222  ,1.02059116592762  ,1.14669493919518  ,1.42635299549337  ,1.29129308697796  , 1609.29810959365  ,1059.38504657227  ,  784.129601838458 , 844.205889817053 , 823.571226289526 ,0.87722302894159  ,0.852384585474617 ,0.995065960201919 ,1.15256305608897  ,1.01010985475976  ,   1.63637138821188 , 1.24586094862467 , 1.3189483898458  , 1.77594193251579 , 1.63239314580497 , 971.275104312028 , 779.991442136375 , 613.571815348717 ,657.676182164209 , 621.602771760691 ,    3799.43975687524  ,  1680.78011315522  ,    1045.94317071761  ,  1255.34704675729  ,  1275.65959541662  
 500 ,0.215 ,0.825 ,377.709824077126 ,1000 ,1.38234704638723  ,1.48709146249011  ,1.01431072328364  ,1.23803261441175  ,1.17431721297131  ,  884.625879862806 , 609.018084285231 ,  950.267832945236 , 950.142982350044 , 902.370220416622 ,1.08042962809963  ,1.13693707820765  ,0.850655835967756 ,0.951430245727303 ,0.915358483893193 ,   1.78742650266452 , 1.90436651934611 , 1.2111908657629  , 1.54598145486904 , 1.47410812699468 , 640.391958737416 , 494.598388764226 , 699.927026724885 ,685.780883980116 , 668.988178159403 ,    1442.22812103709  ,   833.997259975309 ,    1428.4080583647   ,  1690.51757485882  ,  1492.26484954856  
 500 ,0.215 ,0.825 ,377.709824077126 ,1000 ,1.27478067977586  ,1.2788808372054   ,0.881609495922845 ,1.12104933633361  ,1.36717423834189  , 1325.38695872368  , 894.206485421447 , 1122.88599873054  , 868.542725660928 , 768.514443367807 ,0.97463648762234  ,1.00503364965538  ,0.714729003550572 ,0.912334484721776 ,1.15108949348749  ,   1.63832372140007 , 1.60409228556521 , 1.12644351020136 , 1.3317089277494  , 1.65658646344416 , 885.209742187392 , 654.949679684503 , 759.021074104821 ,663.096736554295 , 604.004394343294 ,    2733.21081348149  ,  1393.27366747501  ,    1901.21745954692  ,  1275.67045353396  ,  1051.25341717094  
 500 ,0.215 ,0.825 ,377.709824077126 ,1000 ,1.03186221617444  ,1.39835237628366  ,1.08067805100633  ,1.08958920486684  ,1.11945229236737  , 1344.20526742573  , 751.217249120742 ,  879.272867289509 ,1360.41713736046  ,1145.34916188047  ,0.821670561971141 ,1.16731128773563  ,0.89572589072604  ,0.917089574235004 ,0.852828094790917 ,   1.28653614261958 , 1.67212403132502 , 1.32327256579395 , 1.28425996938905 , 1.4119451084367  , 888.814862951312 , 592.144592541522 , 661.725705005293 ,916.074773673401 , 796.857331413325 ,    2498.38746746379  ,  1008.74456071078  ,    1340.1103257956   ,  2244.18954900225  ,  2189.50392078123  
 500 ,0.215 ,0.825 ,377.709824077126 ,1000 ,1.16951695238858  ,1.02561742042222  ,1.25502819789272  ,1.37783111750317  ,0.966198379774252 ,  971.268204798352 , 908.887110584696 ,  681.53345712235  , 747.310671084423 ,1517.6941283033   ,0.978987563298355 ,0.841591724405957 ,1.04938332889046  ,1.12856310029456  ,0.806147943723814 ,   1.39859829951702 , 1.24630803186435 , 1.48779284886133 , 1.70561420289769 , 1.16693920899103 , 733.69619117566  , 686.063703520688 , 546.606682121302 ,589.868020724136 ,1020.27033716511  ,    1456.10074880422  ,  1418.97410408314  ,     914.492098385574 ,  1070.50910724894  ,  2687.83578349045  
 500 ,0.215 ,0.825 ,377.709824077126 ,1000 ,1.37264281174947  ,1.36893600275207  ,0.905391113208202 ,1.10076077529175  ,1.59392447170764  ,  964.770158820527 , 765.754957171808 , 1047.06494703791  , 907.148368098604 , 828.881899291872 ,0.95158534967249  ,1.00630198683467  ,0.735456306006716 ,0.846230728454281 ,1.15371131996063  ,   1.79181014166791 , 1.82143042259289 , 1.11676970588167 , 1.35657388639287 , 2.28429187052225 , 714.968191920416 , 576.600424176824 , 738.826912491376 ,654.383769804742 , 614.603035852342 ,    1716.19945609036  ,  1245.10278337462  ,    1855.39486445245  ,  1545.86390619279  ,  1418.84758077715  
 500 ,0.215 ,0.825 ,377.709824077126 ,1000 ,1.20211195016932  ,0.920520962113703 ,1.02929653249807  ,1.36142629128864  ,1.4199307704756   ,  942.512946898342 ,1559.01663574031  ,  976.551928800301 , 851.674818665463 , 713.681973027756 ,0.954899787184484 ,0.677442018184343 ,0.834950706364443 ,1.11278975236801  ,1.13031825793271  ,   1.48300022197678 , 1.17705382358296 , 1.2727827656743  , 1.67352195570284 , 1.91004749889828 , 697.474942906344 , 974.192367662797 , 703.780450539247 ,659.978394962304 , 557.700577540543 ,    1497.08356957501  ,  3554.47619468022  ,    1565.92363540768  ,  1232.97691283039  ,  1004.76216643361  
1000 ,0.215 ,0.825 ,377.709824077126 ,1000 ,1.43884564344833  ,1.20332546426151  ,1.03228658863044  ,1.02467578450433  ,1.35491959945226  ,  968.319454177345 , 946.457950946336 , 1063.06218034344  ,1276.24607123602  , 754.843862239179 ,1.13382779402352  ,1.03290292554547  ,0.914264141951386 ,0.870449087251125 ,1.20200753648778  ,   1.8060360385932  , 1.39931450003897 , 1.1777534707558  , 1.22992567932485 , 1.54706161444569 , 745.753677068688 , 753.079615028955 , 853.502292926613 ,944.293732444338 , 643.237910773437 ,    1472.21961684083  ,  1254.3353362315   ,    1384.83593734914  ,  1910.63784709123  ,   939.273771583021 
1000 ,0.215 ,0.825 ,377.709824077126 ,1000 ,1.20308933000848  ,1.0763869531521   ,1.27753378916901  ,1.24599050931488  ,1.31381433401589  , 1198.70027505639  ,1134.46080145841  ,  757.178456468428 , 769.930280295011 , 861.484264435747 ,0.979715191545179 ,0.915052984898772 ,1.09194314445679  ,1.09409100360226  ,1.10123514188093  ,   1.49791238987453 , 1.26931845875008 , 1.48845330881558 , 1.46329898620041 , 1.52729875743385 , 860.633628621905 , 864.210882465185 , 633.633465781603 ,632.234872990283 , 709.280569757515 ,    1886.61513876201  ,  1674.62394826401  ,     976.899530707168 ,   950.741641119684 ,  1185.73330469506  
1000 ,0.215 ,0.825 ,377.709824077126 ,1000 ,1.17218277581738  ,1.16662972997212  ,1.06352574112171  ,1.17407042047384  ,1.27802129198088  , 1038.2147295034   , 897.76684705786  ,  873.235140759948 ,1155.95153808859  , 761.342513480183 ,0.998514175163887 ,0.994241840210512 ,0.919826954104074 ,0.967194574400306 ,1.11766383870137  ,   1.39824307308989 , 1.41772407279801 , 1.20032028609842 , 1.49763250423119 , 1.49756294317184 , 795.195104817889 , 708.227755114884 , 713.857281882279 ,828.266669533141 , 616.08437135109  ,    1478.48434333029  ,  1233.48387455136  ,    1167.72684137509  ,  1762.19560680777  ,   945.729713861041 
1000 ,0.215 ,0.825 ,377.709824077126 ,1000 ,1.2802365165992   ,1.06396835824382  ,1.14555685944219  ,1.00367196419757  ,1.25277603340173  ,  859.592363689999 ,1128.22153480765  ,  726.262425142602 ,1330.97619714353  , 824.800795636572 ,1.05546061156357  ,0.891403253519501 ,0.989620457210472 ,0.841213547016731 ,1.04182217115397  ,   1.54232172854542 , 1.32345422623976 , 1.32573475800002 , 1.20377012062364 , 1.51189039611693 , 672.109607905511 , 850.052581118248 , 604.718109677026 ,952.280034415376 , 667.364807839012 ,    1171.06049498886  ,  1839.25087770177  ,     907.239374952562 ,  2122.58922614651  ,  1090.47064276031  
1000 ,0.215 ,0.825 ,377.709824077126 ,1000 ,1.21228593207136  ,1.30522424458665  ,1.16621150174918  ,1.18277975933516  ,1.23359197221713  , 1204.91903685687  , 730.943144915544 ,  802.34830510151  , 913.621822114021 , 910.181132177251 ,0.988026077739477 ,1.0996359300381   ,1.02544790423308  ,1.03340321465295  ,1.05862528774023  ,   1.55640243109095 , 1.50086560878149 , 1.33692211484624 , 1.35131415662134 , 1.43284888013843 , 859.230055799527 , 605.868021800298 , 662.835201928358 ,743.568922553116 , 740.035068390828 ,    1843.3330301103   ,   936.472303382355 ,    1008.87526838613  ,  1241.53133655407  ,  1218.69834105159  
1000 ,0.215 ,0.825 ,377.709824077126 ,1000 ,1.06617709092836  ,1.33797089364748  ,1.11721277431196  ,1.31663923795243  ,1.20234959732099  , 1527.72675644711  , 752.62221683003  ,  779.568892986199 , 948.505512720338 , 928.437778777237 ,0.876484896237032 ,1.17526760844193  ,0.998375035581728 ,1.13911591003196  ,1.03219983442214  ,   1.29464494905069 , 1.54361099665401 , 1.25928305461989 , 1.55040169910998 , 1.38500459773905 ,1104.88080858486  , 634.139021203468 , 650.684679971658 ,755.901715352443 , 748.896616079183 ,    2631.81179874763  ,   938.414566754804 ,     976.028175924217 ,  1250.98351291947  ,  1247.35802939406  
1000 ,0.215 ,0.825 ,377.709824077126 ,1000 ,1.17471029885107  ,1.30274979585122  ,1.07333242196075  ,1.16877024332149  ,1.14340154744018  , 1294.55293727366  , 854.215661235015 ,  945.563367474025 , 867.231348940778 , 888.903928199376 ,0.887532794826447 ,1.12630666243734  ,0.875995832336093 ,1.00510236656453  ,0.971325869489687 ,   1.42354094054963 , 1.50045011826655 , 1.27013334179716 , 1.38111555807922 , 1.30514843502627 , 948.826440380643 , 697.096415630271 , 753.518764643761 ,699.542586865166 , 718.263917218182 ,    2727.51570020104  ,  1163.36524464355  ,    1426.88540631048  ,  1162.15856020588  ,  1198.01162615502  
1000 ,0.215 ,0.825 ,377.709824077126 ,1000 ,1.19359165766302  ,1.14898179277316  ,1.20707183881598  ,1.10250201835688  ,1.23315472477396  , 1203.15697630196  , 900.49543903287  ,  785.16877074894  , 992.019407762523 , 868.751847489533 ,0.944475109526065 ,0.96846851263534  ,1.04055198118965  ,0.933531563912321 ,1.02862138514257  ,   1.56224319413987 , 1.3708000940032  , 1.4166394264182  , 1.33579149384228 , 1.48007966731144 , 859.004453722793 , 702.394867962454 , 644.952262159267 ,766.336996479489 , 690.448460591628 ,    1957.77267973132  ,  1224.6478118426   ,    1016.64146290524  ,  1413.50774500372  ,  1191.35376251604  
1000 ,0.215 ,0.825 ,377.709824077126 ,1000 ,1.09723460589968  ,1.23571196580596  ,1.07340376657994  ,1.23981462197171  ,1.48133250965861  , 1156.38824326656  , 785.06938389402  ,  987.966245572712 , 894.477395133423 , 771.957163885374 ,0.901255648606659 ,1.05894760813875  ,0.888740394383299 ,1.01902234419483  ,1.23570335699758  ,   1.33344049321512 , 1.44370786064258 , 1.32228731923311 , 1.53253817762952 , 1.794481734463   , 866.90937318657  , 659.558005538297 , 755.054533597012 ,706.486933072041 , 631.260311672004 ,    1846.23902708434  ,  1037.23875005894  ,    1443.62359004448  ,  1267.34707913005  ,  1006.35487515765  
1000 ,0.215 ,0.825 ,377.709824077126 ,1000 ,1.04278840390498  ,1.36907434115614  ,1.19135405334495  ,1.41139778430477  ,1.2144602775829   , 1324.63772534711  , 679.51848370664  ,  827.839517391942 , 735.450781631098 , 903.356813365934 ,0.854714660218116 ,1.16041520790889  ,1.0199639699766   ,1.18832103562928  ,1.05849980132822  ,   1.29321189684604 , 1.60137420668215 , 1.38845626917    , 1.65912678726985 , 1.38177247376637 , 925.431020515614 , 570.394070508672 , 663.812530716244 ,609.78839011654  , 728.187985441897 ,    2312.04920710742  ,   849.439120974882 ,    1153.65053566283  ,   942.768406967307 ,  1183.76502634911  
  50 ,0.215 ,0.825 ,377.709824077126 ,1000 ,1.06946372296682  ,2.05970908606012  ,0.911859274896687 ,2.00495778702835  ,1.11266347748774  ,  637.64440425792  , 884.225881488539 , 1017.33590927991  , 502.297822253011 , 867.454195945747 ,0.686532081894658 ,0.576991649823825 ,0.652822317829534 ,1.11963800668957  ,0.771003385945978 ,   2.12830658397113 , 6.86447846469199 , 1.21598543479183 , 3.16816826611887 , 4.60118051810953 , 387.52563221463  , 389.262427110789 , 433.065766295469 ,355.388011033057 , 427.382076694134 ,    2385.38692949854  ,  3231.79931353162  ,    5400.06406934698  ,  1159.73615752862  ,  5855.10751581168  
  50 ,0.215 ,0.825 ,377.709824077126 ,1000 ,1.263674590837    ,1.72290578605662  ,1.30074774661033  ,1.53400246580822  ,1.36014905878035  ,  757.167466541398 , 746.97828160766  , 2005.03067034312  , 673.155498582539 , 936.551306009831 ,0.852775802716432 ,1.03970957807018  ,0.832535023082011 ,0.896330347005817 ,0.770950415773815 ,   1.84882943594276 , 3.86255056835079 , 5.17617168155575 , 2.50399095602209 , 5.85752002695805 , 413.797436118903 , 462.303096759231 , 579.764492868195 ,423.712655613036 , 437.821346669462 ,    2289.37352881717  ,  3255.40279083907  ,    6721.59052476293  ,  2917.53368022062  ,  4716.23269627661  
  50 ,0.215 ,0.825 ,377.709824077126 ,1000 ,4.39927699824661  ,0.657360008747954 ,1.11724532542491  ,1.03033910403947  ,1.02478895492304  , 3647.23937887455  ,1421.81287863683  ,  422.376550432874 ,1975.12304920838  ,1725.11205952526  ,4.71806412059595  ,0.361471826589652 ,0.807277381892775 ,0.432309721057909 ,0.672437022877967 ,1196.90208113052    , 1.4584151332415  , 1.46088407592357 , 9.91756651876417 , 2.01944080660314 ,3754.54518127824  , 460.581419737187 , 291.217476809247 ,411.911254909484 , 625.898465311916 ,  210872.383852689    , 40758.8847463293   ,     878.150901897223 , 41027.4719101316   , 15689.3180008294   
  50 ,0.215 ,0.825 ,377.709824077126 ,1000 ,4.0738814164166   ,1.19131490893899  ,0.923064917128108 ,1.13270983809821  ,1.23018176948962  ,  407.233082685364 ,1094.9326184658   ,  707.136249317572 , 769.405289896474 , 494.341090472276 ,2.07470399939672  ,0.667960484225498 ,0.675525928164622 ,0.655130230455637 ,0.802136228347124 ,   6.78749772019798 , 5.29352081852119 , 1.36987239599874 , 4.80488648009868 , 2.46059223337383 , 321.401471016227 , 440.040455307857 , 339.298270531441 ,381.00958813858  , 308.456227864113 ,    1326.38298339897  ,  5496.31486279919  ,    2312.9914854004   ,  5852.32031692889  ,  1605.52492035113  
  50 ,0.215 ,0.825 ,377.709824077126 ,1000 ,1.0653425095384   ,1.20286537546557  ,0.809202711263521 ,1.47560996932757  ,1.70745801197135  , 1060.74712468759  , 598.237074057957 , 2449.91962038414  , 531.146094529746 ,1903.59273961168  ,0.679810532311072 ,0.932172228991832 ,0.248100015556542 ,1.07855498685781  ,0.393517072485998 ,   1.8020729915897  , 1.61249819431351 , 3.56368770680208 , 2.18763443902087 , 5.24731867197339 , 523.057636231968 , 347.383724791313 , 442.140001070018 ,333.320772540891 , 430.052695697474 ,    7928.86408050153  ,  1515.604910345    ,21892317.4924433      ,  1253.17587159074  ,  8702.24024405135  
  50 ,0.215 ,0.825 ,377.709824077126 ,1000 ,0.832171164771299 ,0.75641510601648  ,1.02163644609824  ,0.858835202058526 ,1.04539943833812  , 2344.01261603273  ,2461.82117041076  ,  947.749749286542 ,4652.24911796966  , 873.987311619508 ,0.507856452652189 ,0.560314051674165 ,0.755756300894444 ,0.505864308888897 ,0.601185944246155 ,   1.30537884315091 , 4.63338385786353 , 1.43595895799046 , 3.94313416257262 , 2.14802439555981 , 744.327721863937 , 647.785793867191 , 486.249543861604 ,709.616363935495 , 440.823381166953 ,   34105.9119510198   , 15433.5810879423   ,    3353.26231286163  , 35675.5003356948   ,  5755.99309426371  
  50 ,0.215 ,0.825 ,377.709824077126 ,1000 ,1.22767668305415  ,0.695697685831191 ,0.820058756914321 ,1.57361051580554  ,1.51277844365072  ,  976.422225093331 ,2782.99456287861  , 1191.33040093892  , 823.28809066585  , 575.437454072927 ,0.69059858566269  ,0.465674099148788 ,0.59644034443152  ,0.779672550768291 ,0.896938667152349 ,   3.86956340513708 , 1.03120749609555 , 1.57517430664059 , 5.72093177187698 , 3.02537596379228 , 450.596855809639 , 810.413177428121 , 500.766558431941 ,453.663078677305 , 395.863252125854 ,    6023.20862887066  , 43977.5429648149   ,    8671.17720245667  ,  4455.2260188695   ,  1550.0733539935   
  50 ,0.215 ,0.825 ,377.709824077126 ,1000 ,6.34713468231527  ,0.822447790724349 ,1.58948816497166  ,6.51464383680759  ,1.12982879294461  , 3618.26636527162  ,1713.10518711428  ,  481.148346554637 , 494.040271272853 , 625.392193718585 ,6.34343074344169  ,0.538484110646273 ,0.966065958517645 ,1.2064889930304   ,0.714085744194161 ,   6.34726891559485 , 1.44287361181704 , 2.59511690687557 ,12.1757183819936  , 1.84290767311824 ,3617.37492495423  , 665.381255365362 , 342.732081711765 ,377.945709767164 , 361.522662635267 ,    3618.2988180885   , 13492.073220501    ,    1073.03497523941  ,  1271.06984295001  ,  1747.72362534862  
  50 ,0.215 ,0.825 ,377.709824077126 ,1000 ,1.43259808658725  ,1.15648690409972  ,0.944652877647565 ,1.0362237146125   ,0.989345295773475 ,  692.648177143984 , 706.24227229837  ,  649.012690578193 ,1270.44720210983  , 916.590912753422 ,0.918451424763573 ,0.676379313739833 ,0.662419902514715 ,0.431771207644887 ,0.577955622391046 ,   5.86391886992531 , 4.7576748107765  , 1.96232326480578 , 5.24340295056309 , 5.30001660126379 , 388.759277402176 , 363.823187186038 , 350.359355942426 ,426.250455937483 , 387.569656994632 ,    3186.32690584417  ,  4441.61828516216  ,    3214.69133516271  , 73121.3832082504   , 13502.9719722548   
  50 ,0.215 ,0.825 ,377.709824077126 ,1000 ,1.12669323592836  ,2.05253528175233  ,0.817395727229499 ,0.821095768384196 ,1.49940596946012  ,  910.693688363068 , 652.982334487717 , 1371.63366953223  ,1248.6515356386   , 829.238888677567 ,0.585277082173392 ,0.834484545619056 ,0.473306048120066 ,0.501963645716907 ,0.819989944680501 ,   3.81466281941076 ,14.4841799643337  , 1.50935128551503 , 1.41972212827668 ,10.2743543582884  , 442.843929982331 , 410.839496636647 , 545.133758343035 ,537.918196288107 , 415.263363490893 ,    8112.72609522844  ,  4784.9288439332   ,   20870.9856718905   , 14536.3167192197   ,  4913.8192509281   
 100 ,0.215 ,0.825 ,377.709824077126 ,1000 ,1.19413181145987  ,1.3002693444016   ,0.711307719582475 ,2.39684012081854  ,1.07524638458388  , 1050.57347995973  , 667.747007304272 , 2223.35210808992  , 700.696524728559 , 706.509044454875 ,0.774357027826685 ,0.97792170081927  ,0.447700619531688 ,1.25790679004285  ,0.758244809751828 ,   1.83502350549311 , 1.63333187081278 , 1.33009825861842 , 7.89126560781848 , 1.61799881975011 , 578.291073463277 , 441.175592718591 , 793.247866555896 ,436.375745241999 , 451.397357354108 ,    5019.39076623136  ,  1204.98207329971  ,   43380.7340207511   ,  2602.39463637603  ,  1594.67527776035  
 100 ,0.215 ,0.825 ,377.709824077126 ,1000 ,1.15979474078145  ,0.890412415306105 ,1.01993867075892  ,1.13175434664977  ,2.175117550734    , 1448.11981956447  ,1022.86154284606  ,  969.621337489949 , 770.217432951463 , 674.88370053867  ,0.689197421220114 ,0.64456670129136  ,0.768679593485028 ,0.713305590470363 ,1.49667597877747  ,   5.25834100926706 , 1.18594092703949 , 1.35893120717417 , 1.7104288874928  , 9.99467716080146 , 609.248748571783 , 582.110775228408 , 548.725096165218 ,490.151418210799 , 433.34669318879  ,    7379.92469131704  ,  3695.76919601953  ,    2612.29260249998  ,  2676.38543031844  ,  2075.9332051645   
 100 ,0.215 ,0.825 ,377.709824077126 ,1000 ,1.60489696845348  ,0.907075377944909 ,1.37105691800575  ,1.00739457790414  ,1.01095504070229  ,  742.158741345727 ,2529.11188977775  ,  908.643845244491 ,1114.89847483039  ,1188.11008124645  ,1.22962852057531  ,0.452807798784891 ,0.913005634291772 ,0.673313315329223 ,0.747950387784172 ,   2.45283858370194 , 4.66317661762028 , 2.26949328437354 , 1.65380480518647 , 1.40186359872831 , 514.341144296035 , 577.271418253244 , 557.443703512768 ,610.682787724612 , 636.987512062583 ,    1427.4342144821   ,123667.682100992    ,    3308.15272937843  ,  6073.13426264015  ,  3710.07101045269  
 100 ,0.215 ,0.825 ,377.709824077126 ,1000 ,1.83954192892762  ,0.990621426176206 ,0.811640476707141 ,1.093855439306    ,1.87272223596456  ,  688.614491626784 , 823.934757099673 , 3382.84273922457  ,1038.94696783209  , 716.83682991245  ,1.15776534001808  ,0.700018415116724 ,0.465064181254223 ,0.674479823389199 ,1.28085894313279  ,   6.59911910648045 , 1.54994726816016 , 1.91642719471499 , 1.73992116360593 , 4.15951334913697 , 453.73167868757  , 511.804403045997 , 884.517787440485 ,590.893487947225 , 484.028273525149 ,    2535.16671127221  ,  2292.96446179494  ,   64344.9585843544   ,  4323.01899655131  ,  1621.12485659212  
 100 ,0.215 ,0.825 ,377.709824077126 ,1000 ,0.828284944506406 ,1.56469136953988  ,1.35523158732454  ,1.22611727074955  ,1.25738342761814  , 5676.46304881636  , 668.939291047311 ,  585.449198382979 ,1478.91782890026  , 652.023720352887 ,0.552984674128744 ,1.11026590920582  ,1.10103534675083  ,0.729217764592255 ,0.937682549699921 ,   3.56549768000183 , 2.77019865553648 , 1.80103296615743 , 5.61555629976072 , 1.69142811426159 , 778.324903534344 , 452.783160084361 , 426.053111349175 ,457.991895317206 , 442.555077995371 ,   43059.6207723991   ,  1442.82732139668  ,    1021.18245096932  ,  6984.30893184311  ,  1270.76472671487  
 100 ,0.215 ,0.825 ,377.709824077126 ,1000 ,2.78319014288098  ,0.984001407263847 ,1.71454993248112  ,1.94048350043526  ,0.728745678445923 ,  606.682888096853 ,1068.78675947935  ,  574.064355010328 , 660.419284932851 ,2829.36881246978  ,0.958909260586082 ,0.616109422249353 ,0.890135326026416 ,0.598530431819555 ,0.368945698205768 ,   7.01015282911122 , 1.82411367500954 , 2.87493013877957 , 5.30476704406533 , 1.53229911872422 , 441.226534137302 , 541.298394513636 , 418.138156071456 ,429.216463322194 , 818.399567418812 ,    2756.12615025121  ,  4918.59430394834  ,    1285.23740945498  ,  3940.40665493376  , 85361.8052808793   
 100 ,0.215 ,0.825 ,377.709824077126 ,1000 ,0.873946837536675 ,1.41015899319934  ,1.14373978013358  ,0.952213027931551 ,1.20187924492607  , 1788.61841179604  , 503.27184911634  ,  550.407516100206 ,1028.86040368986  , 825.581146051663 ,0.49392077570717  ,0.975132634527304 ,0.923285316842359 ,0.783687929881099 ,0.619562218709178 ,   1.4626773352508  , 2.19475663218194 , 1.41715820374708 , 1.36864534400583 , 2.47257460096161 , 678.385175262603 , 364.856042200294 , 356.438614438346 ,528.476448078295 , 443.353226468161 ,   48141.9903619368   ,  1006.95573376942  ,    1013.44758380566  ,  3754.04973800137  ,  7026.87336936345  
 100 ,0.215 ,0.825 ,377.709824077126 ,1000 ,0.953312234243411 ,1.48381581617111  ,1.27899989660227  ,1.90012448081753  ,1.31858013871613  , 2093.65613083099  , 572.529801450926 , 1001.41965092055  , 626.894563156082 , 773.877820378504 ,0.638822549237237 ,0.930702545709597 ,0.831922285254853 ,1.1069331672251   ,0.97008050265777  ,   1.78140330440839 , 2.42579661502257 , 2.12334694251241 , 2.91805659952152 , 1.98453447815179 , 758.464605662524 , 412.305906044223 , 544.675502617175 ,448.832243134443 , 481.432438319464 ,   15322.9576550834   ,  1241.24318989302  ,    3871.36964731131  ,  1229.92203336516  ,  2057.87630809746  
 100 ,0.215 ,0.825 ,377.709824077126 ,1000 ,2.04254369678611  ,0.978340643255631 ,0.952803015596343 ,1.01502037203532  ,0.783636794557659 ,  637.357827381885 ,1868.71403164061  ,  828.142071591918 ,1171.66454246638  ,1930.43126350237  ,1.07868438516501  ,0.675832642170969 ,0.709267188936477 ,0.619136870756385 ,0.566169267784034 ,   4.36235736908844 , 3.64831289518857 , 1.4219379503779  , 2.71989043823453 , 1.08752150222717 , 440.495051508811 , 679.427231510128 , 506.321533181688 ,548.42433923635  , 802.721369890469 ,    1656.06301689933  , 11982.3907128943   ,    2370.38458474267  , 13267.8993865294   , 11193.0197334564   
 100 ,0.215 ,0.825 ,377.709824077126 ,1000 ,0.96074621924996  ,1.06859425140986  ,1.2076789706291   ,1.29015177038789  ,1.41459232045232  , 1806.65578810105  , 809.338885840234 , 1123.64073783294  ,1042.11463176794  , 589.953523883609 ,0.608842204371103 ,0.773030607751629 ,0.877192985111111 ,0.609264893776254 ,0.893319711358252 ,   2.70415788828446 , 1.53142460030084 , 2.01980622362392 , 3.76957062955684 , 2.09036167517057 , 695.429650393711 , 478.216357650673 , 578.86028772323  ,522.715366402645 , 419.656084911833 ,   15920.6775639376   ,  1944.47062826193  ,    3667.35396207182  , 20179.2582465079   ,  1477.66591621177  
 200 ,0.215 ,0.825 ,377.709824077126 ,1000 ,2.52753161643971  ,1.2261004372701   ,1.12839960318798  ,1.03296866559221  ,1.31526445280044  ,  717.265162711799 , 761.008819760704 ,  768.274659407151 , 866.565044690171 , 910.631843930337 ,1.07259861603204  ,0.928590388597328 ,0.86601727022328  ,0.794494431097987 ,0.900289801160933 ,   7.67519608714887 , 1.62068674643232 , 1.46379954765233 , 1.49616201276647 , 2.11536185597023 , 465.30924070005  , 538.595580034489 , 539.37405247528  ,582.548946838844 , 567.081315766399 ,    2743.62085655588  ,  1470.03908972485  ,    1360.78237713936  ,  1731.96409667772  ,  2498.10772657208  
 200 ,0.215 ,0.825 ,377.709824077126 ,1000 ,1.43003310722755  ,1.39553419053273  ,1.40041695742515  ,0.986449262012211 ,1.31457533878646  ,  853.381948128599 , 732.237296079501 ,  750.811839206967 ,1037.04976141014  ,1084.85362010576  ,1.02263523721966  ,1.03403720141425  ,0.995958591071577 ,0.718192904445984 ,0.918135471199191 ,   2.00997412481159 , 1.80464395710333 , 1.80527565610637 , 1.30292166049402 , 1.68984336772928 , 581.755487363279 , 529.909458346816 , 532.191449636918 ,637.768173608554 , 679.095594545238 ,    1901.69929449986  ,  1340.25611274114  ,    1373.38875447167  ,  2332.04876122493  ,  2765.16105898446  
 200 ,0.215 ,0.825 ,377.709824077126 ,1000 ,1.22618152055338  ,1.26454894723649  ,0.96463469263822  ,1.18050811767603  ,1.26639939023857  ,  900.382313959439 , 876.803847284766 , 1130.3237937484   ,1303.69111912344  ,1140.67791832985  ,0.842338286636378 ,0.861761056925454 ,0.678652033902064 ,0.816931523874819 ,0.693630212812789 ,   1.67901882693821 , 2.02115084893042 , 1.39169075406653 , 2.18903071701772 , 2.02838864786205 , 588.495675979699 , 576.995542387213 , 684.535863195884 ,679.038918916678 , 661.201301027578 ,    1886.00191588457  ,  1864.74663276165  ,    3115.3688552564   ,  4204.42586712744  ,  5552.80265077915  
 200 ,0.215 ,0.825 ,377.709824077126 ,1000 ,2.10837022182716  ,1.05695283574196  ,1.23656308875017  ,1.34612538487314  ,1.21888358004449  ,  719.450787255083 , 772.819427228472 ,  806.044981575817 , 780.441228272909 , 862.226229761474 ,1.31099141929753  ,0.798384040187387 ,0.975425608391095 ,1.04392834862706  ,0.893622688423499 ,   3.9054438464406  , 1.44965607031346 , 1.58087382119412 , 1.64757336813208 , 1.74351382246307 , 498.376102672536 , 539.670051824157 , 563.402268262473 ,568.448881006581 , 553.226456775532 ,    1639.35604252387  ,  1586.97619059056  ,    1419.24054399874  ,  1386.78283990241  ,  1759.54913857557  
 200 ,0.215 ,0.825 ,377.709824077126 ,1000 ,1.79459109986408  ,0.943650129579623 ,1.22788713302642  ,1.40899649606273  ,1.2474781274684   ,  748.535558117515 ,1175.79212625278  , 1082.39901712537  , 673.730604712768 , 708.804259738434 ,1.23698278963293  ,0.687113259456489 ,0.755739899884319 ,1.10673038421525  ,0.896421087705871 ,   3.06395462518657 , 1.39021339041913 , 2.31858930753154 , 1.90763188875686 , 1.6338892121665  , 511.728715088533 , 664.20913025187  , 582.669619063637 ,499.374007392232 , 483.01011398231  ,    1397.95480675295  ,  3701.93050664099  ,    3843.89205240372  ,  1040.96099464426  ,  1133.35791481969  
 200 ,0.215 ,0.825 ,377.709824077126 ,1000 ,1.16581260470158  ,1.60298217128784  ,1.00497941236801  ,1.41616664090771  ,2.15859869978054  ,  912.388309735924 , 552.738603344564 ,  864.492066175229 , 886.301385296968 , 705.935740084703 ,0.848291827903166 ,1.19561915140155  ,0.775861795475696 ,1.00421033729928  ,1.28591952322136  ,   1.47434824076339 , 2.03463635802851 , 1.32503388680057 , 2.13168768021597 , 6.7785862182955  , 601.16811957775  , 440.342450654957 , 569.269173212837 ,582.62786572956  , 433.121422222922 ,    2009.88315008287  ,   823.884032725086 ,    1584.0127351179   ,  1813.19780457435  ,  1652.1030556285   
 200 ,0.215 ,0.825 ,377.709824077126 ,1000 ,1.03736264671156  ,1.42840805592762  ,1.07302383254844  ,1.28065547555701  ,1.26669679073334  , 1406.12799467913  , 720.07494474593  ,  927.507237146867 , 784.168414658747 , 728.487265287881 ,0.558768042661501 ,0.949227027196627 ,0.73726971292839  ,0.924788695420565 ,0.791724073973015 ,   2.97668339713448 , 3.31196441658862 , 1.8253501757403  , 1.97890378811425 , 2.09900515571841 , 557.593372283559 , 471.751784351026 , 552.690658493844 ,534.302214670148 , 490.127296570863 ,   13054.5275417148   ,  1359.07909098788  ,    2442.51284802545  ,  1633.68381203744  ,  1715.73671632537  
 200 ,0.215 ,0.825 ,377.709824077126 ,1000 ,1.27111107642404  ,1.0233725866673   ,1.28360449333655  ,1.29295705221143  ,1.26045203472551  ,  758.772225276641 , 938.171745485474 ,  929.504111068719 , 602.316214225217 , 743.349726123739 ,0.903519384825421 ,0.814546845842215 ,0.822870004813908 ,1.06167940012766  ,0.887102227791377 ,   2.08354208887686 , 1.34039314254527 , 2.08145650700239 , 1.66330313794223 , 1.73729455069678 , 492.199857528837 , 587.130073073783 , 567.179277364256 ,444.718267052042 , 519.199435688543 ,    1698.26515375267  ,  1831.12603170632  ,    2595.24177069812  ,   912.535607809899 ,  1481.62626860464  
 200 ,0.215 ,0.825 ,377.709824077126 ,1000 ,1.83423100246372  ,1.08078205189073  ,1.36022150572785  ,1.12202732950557  ,1.27363503865583  ,  890.54148614336  ,1251.48554698517  ,  846.752561800242 , 827.905149207031 , 949.526166098303 ,1.24712324126559  ,0.755037484010429 ,1.01273626464739  ,0.863333904616429 ,0.857623520045651 ,   9.36761814286976 , 1.49046129499156 , 2.11915034708997 , 1.50020546908307 , 1.94931143191566 , 475.84624149258  , 764.804187645667 , 575.653930279861 ,562.319124243095 , 615.900218354141 ,    2462.47006014454  ,  4211.32018850826  ,    1556.69289769731  ,  1369.79925626126  ,  2662.41435785292  
 200 ,0.215 ,0.825 ,377.709824077126 ,1000 ,1.35705963597399  ,1.00103957689317  ,1.095412218592    ,1.06636526058498  ,1.74043231775889  ,  762.153881551615 ,1075.09508057372  ,  639.027157969454 ,1046.38955528817  , 614.244005079614 ,0.793115058315529 ,0.7348860051869   ,0.730820981991028 ,0.75152577078262  ,1.02562298444434  ,   2.07598218518618 , 1.43606478953484 , 1.7546626076978  , 1.55514207182142 , 2.75460382567833 , 506.562006910754 , 615.321779847822 , 450.696888254669 ,630.308426356843 , 450.003265237992 ,    2120.13634354128  ,  2474.82886199988  ,    1417.87464499688  ,  2840.14887444085  ,  1290.68006111598  
 500 ,0.215 ,0.825 ,377.709824077126 ,1000 ,0.938818308218184 ,1.16080644763521  ,1.14380473237176  ,0.945739381969095 ,1.35147567913364  , 1819.36708569641  , 906.42720770148  ,  738.336480348116 ,1224.71774340356  , 787.135869026225 ,0.681231616630319 ,0.9747943242203   ,0.994083748911836 ,0.730092546816568 ,1.01013690859863  ,   1.24628067910242 , 1.40844020773182 , 1.34978803639868 , 1.16943846358816 , 1.77622108899708 , 996.720798062862 , 684.402321202865 , 582.214144058299 ,815.956582635069 , 601.114765867404 ,    5448.2228490359   ,  1350.42338276902  ,     980.016012224557 ,  2296.50180010426  ,  1280.09732898022  
 500 ,0.215 ,0.825 ,377.709824077126 ,1000 ,1.25722230947079  ,1.11646876533513  ,1.2167750558197   ,0.914545661165882 ,1.39154977630705  , 1083.97023864191  ,1139.73454947132  ,  855.980119615234 ,1523.57367472579  , 683.46163256047  ,0.966799276164548 ,0.885793660415544 ,0.933268929725924 ,0.702622222880296 ,1.18739066646828  ,   1.63688481694169 , 1.48440340489776 , 1.6193185033941  , 1.1672200337954  , 1.6565757389272  , 747.093786749584 , 762.441189584225 , 638.603152130303 ,938.736197082309 , 548.949568533021 ,    1908.62804545826  ,  1938.79952294205  ,    1439.86772945353  ,  3016.78501397912  ,   883.599498834717 
 500 ,0.215 ,0.825 ,377.709824077126 ,1000 ,1.26517185194958  ,0.964589491711916 ,0.813692666111518 ,1.18782034957951  ,1.42493592201207  , 1072.6989196051   ,1040.77788809939  , 1714.37814554588  ,1166.86925337223  , 637.42593551969  ,0.928472218987714 ,0.787864705306596 ,0.649581126252849 ,0.976515160494251 ,1.15716534472512  ,   1.57652483152458 , 1.18749496521117 , 1.04169969324815 , 1.48080273613667 , 1.82874350252598 , 753.705134150032 , 751.360764968568 ,1037.43389498536  ,832.074524479795 , 523.001256627609 ,    2061.81826566682  ,  1601.12549279136  ,    3716.05546777067  ,  2025.16777599158  ,   850.593363576264 
 500 ,0.215 ,0.825 ,377.709824077126 ,1000 ,1.23252007622767  ,1.10626587655103  ,1.44533308420539  ,1.29956467537198  ,1.13717463695192  ,  863.785043354639 ,1072.51981747208  ,  681.98907900259  , 637.164774194131 , 950.958932980287 ,0.988870873523986 ,0.879217100705072 ,1.09574005154649  ,1.06997631396931  ,0.903430336538471 ,   1.56495427248411 , 1.36933111866143 , 1.89419446132102 , 1.56291510243808 , 1.40478772409225 , 638.140881346746 , 765.197454114107 , 538.277813481157 ,514.724809721345 , 683.937880971156 ,    1313.51270204672  ,  1827.11212367339  ,     991.870756587776 ,   862.639470958118 ,  1595.96261040519  
 500 ,0.215 ,0.825 ,377.709824077126 ,1000 ,1.30546753426557  ,1.18408617690373  ,1.1405981301313   ,0.98398899836007  ,1.19839201021775  , 1060.01284216773  , 829.988502844693 ,  831.815484997797 ,1368.71520872197  , 762.301866180234 ,0.955127447068168 ,0.97841981987046  ,0.926075391286378 ,0.776431603804441 ,0.947472137827304 ,   1.85814339135521 , 1.46128131798453 , 1.41244000241744 , 1.27994232322939 , 1.51333229012754 , 694.131414125971 , 626.723104117851 , 637.793385867416 ,806.158642882151 , 582.979869945578 ,    2168.19062814497  ,  1208.40071370439  ,    1210.52432933379  ,  2716.70292828679  ,  1179.17692728607  
 500 ,0.215 ,0.825 ,377.709824077126 ,1000 ,1.33268881044262  ,1.2004954712404   ,1.00964910726338  ,1.23331961219619  ,1.18831407195042  ,  971.658451887932 , 716.267550976497 , 1049.46590296828  , 870.863144951209 , 925.36268074575  ,1.0351696124029   ,1.00635053135807  ,0.851867076738989 ,0.936609085190023 ,0.940023708903829 ,   1.85955251640557 , 1.49170709349643 , 1.21896050785933 , 1.62090828854124 , 1.47289252788085 , 690.186512582741 , 561.526021991598 , 745.388117915145 ,643.885144901001 , 692.596424095328 ,    1639.248498243    ,  1023.08168953197  ,    1626.50961290793  ,  1410.25821989058  ,  1493.779814367    
 500 ,0.215 ,0.825 ,377.709824077126 ,1000 ,1.31572658322388  ,1.02308771802877  ,1.05761524659353  ,1.09049986797743  ,1.01308872701792  ,  848.05039108491  ,1098.40214859171  , 1208.37832699267  ,1108.71129620355  ,1102.90288792136  ,1.01503215179757  ,0.775088143478188 ,0.79889381909701  ,0.862664826759975 ,0.836731885048115 ,   1.69354185908907 , 1.48891294917356 , 1.40787269753343 , 1.37190178426237 , 1.25326108859557 , 645.484206243365 , 705.226876772042 , 789.620659908936 ,773.06411873266  , 779.979685637009 ,    1293.1040580006   ,  2071.87577210774  ,    2370.18302554339  ,  2049.02857772704  ,  1735.8725660894   
 500 ,0.215 ,0.825 ,377.709824077126 ,1000 ,1.33308495292469  ,1.45750515589921  ,0.935967756751044 ,1.15772106001944  ,1.35500898731012  ,  809.886733043008 , 654.303718904569 , 1023.90071725586  , 979.713204699207 , 773.751528300495 ,0.992368397985358 ,1.17004102557893  ,0.793381589562138 ,0.867847287328136 ,1.10558791100354  ,   1.66007593227334 , 1.73125700549292 , 1.10630737352497 , 1.49269580383151 , 1.75624375088728 , 604.23142108816  , 540.956390690093 , 750.001766838742 ,701.206934170487 , 588.641549595333 ,    1317.60216775305  ,   907.230746881531 ,    1565.42739078269  ,  1845.76238978764  ,  1099.90947091808  
 500 ,0.215 ,0.825 ,377.709824077126 ,1000 ,1.16681748304685  ,0.98405508913133  ,1.59982246505239  ,1.16328541386089  ,1.12115614581085  , 1015.56658470491  ,1082.64974800516  ,  568.771137068811 , 880.224776724983 ,1049.75339842074  ,0.821173974807786 ,0.769223781884055 ,1.27216709379742  ,0.897491670689485 ,0.76239875556438  ,   1.62739435394749 , 1.28591581375444 , 1.9883523662178  , 1.5720067137121  , 1.6262004713707  , 678.325702705224 , 732.277567856955 , 477.961393350244 ,631.740239377679 , 662.620930743743 ,    2115.46021902898  ,  2139.54591056632  ,     739.720391868973 ,  1440.28198562382  ,  2505.04141849505  
 500 ,0.215 ,0.825 ,377.709824077126 ,1000 ,1.87279615818116  ,1.25696202373599  ,1.24157208099585  ,1.55677936826762  ,1.06149507147201  ,  777.605813665842 , 843.605126546756 ,  763.340585751382 , 761.865226776522 , 973.826125176247 ,1.42757264941165  ,0.986968161854173 ,1.03858985385044  ,1.18548646408651  ,0.845506119549542 ,   2.55418743136549 , 1.51297264297945 , 1.52130864334614 , 1.99732986038679 , 1.32055741816879 , 598.066170990683 , 654.009895045101 , 590.299824067965 ,593.811048065052 , 688.298050808237 ,    1217.43874167503  ,  1280.91900991469  ,    1042.41861312793  ,  1149.25519000355  ,  1597.98131261246  
1000 ,0.215 ,0.825 ,377.709824077126 ,1000 ,1.38369403324805  ,1.07251203005531  ,1.27974546424162  ,1.18724328890797  ,1.06067312797931  ,  836.376460603432 ,1249.33876266904  ,  821.851569733596 ,1020.0873059691   , 913.209876207995 ,1.17230949568594  ,0.876508557811816 ,1.12156191292258  ,1.01427222163837  ,0.895633131047766 ,   1.65055538139791 , 1.27663360895882 , 1.45365765813263 , 1.43611059966055 , 1.25330795154826 , 679.364222081698 , 926.101948445874 , 683.969315980767 ,798.809376593995 , 712.417397279682 ,    1095.12203548247  ,  2034.14999231783  ,    1055.40982462234  ,  1450.94649520951  ,  1219.5421259727   
1000 ,0.215 ,0.825 ,377.709824077126 ,1000 ,1.22087485306245  ,1.22708705907557  ,1.11926920850999  ,1.09331373941389  ,1.27147069925957  , 1219.43172626782  , 789.489220468488 ,  746.092196515773 ,1109.00828941027  , 933.351793043151 ,1.00231647362362  ,1.02473380702778  ,0.971849062070209 ,0.925366946554899 ,1.01608783416045  ,   1.60906597579214 , 1.50628992031755 , 1.31945197408826 , 1.30630881238155 , 1.57848946507315 , 867.441533392227 , 638.125536253446 , 618.715456939798 ,831.404948710905 , 729.974882781384 ,    1968.86182696218  ,  1021.45965869439  ,     956.138547094774 ,  1632.37955562985  ,  1350.35005253538  
1000 ,0.215 ,0.825 ,377.709824077126 ,1000 ,1.33295175619552  ,1.2464556527701   ,1.19290811674962  ,1.13084829312757  ,1.08049418593092  ,  846.260816109192 , 920.405227626015 ,  844.787350620887 ,1092.83883789356  ,1010.30062527315  ,1.12879713895263  ,1.08196018159097  ,1.02093900504878  ,0.93429412018294  ,0.937241550833898 ,   1.58958560449943 , 1.45625683815993 , 1.41621263457626 , 1.35661534862202 , 1.25683426698447 , 681.689610847547 , 742.616226087369 , 685.659359143257 ,832.472457061128 , 811.526296990928 ,    1125.64459744557  ,  1203.70264003037  ,    1096.18819158628  ,  1646.05050307884  ,  1445.38299856271  
1000 ,0.215 ,0.825 ,377.709824077126 ,1000 ,1.2006564987995   ,1.19254595378228  ,1.22682483695642  ,1.18926329838219  ,1.14806805361123  , 1153.72427098559  , 973.594782065739 ,  719.818493877997 , 977.543197246514 , 879.406921800178 ,0.982450077378578 ,0.992394414796949 ,1.08901469950825  ,1.01421598559034  ,0.983545574181657 ,   1.49282744898925 , 1.43680434441603 , 1.37706319371562 , 1.43995614164663 , 1.34651436238339 , 848.174820624505 , 760.089607455341 , 616.880482565355 ,765.789010828731 , 702.142069491588 ,    1839.94740134911  ,  1460.34772201179  ,     893.345952548089 ,  1379.08818737182  ,  1189.70452956789  
1000 ,0.215 ,0.825 ,377.709824077126 ,1000 ,1.19554001898651  ,1.28477625528796  ,1.04338795249284  ,1.29785464515981  ,1.13449738357665  ,  995.020647175689 , 742.14333711798  ,  888.278632098002 , 786.445539453674 ,1122.06204888244  ,0.959801246483194 ,1.06607939611043  ,0.901177420750032 ,1.05814516869974  ,0.952341229413091 ,   1.46483856957532 , 1.5525426318094  , 1.2160465985377  , 1.65093305933663 , 1.38391438174957 , 742.605888508786 , 605.441700283161 , 708.240035867978 ,618.661730440867 , 842.700539211753 ,    1469.99709045447  ,   944.368654080619 ,    1186.35627620077  ,  1087.71882085116  ,  1651.30230427515  
1000 ,0.215 ,0.825 ,377.709824077126 ,1000 ,1.17618857613495  ,1.1893410049219   ,1.17414021935473  ,1.11136814298868  ,1.22354375754385  ,  966.63165904747  , 825.630515531548 ,  807.134143115234 , 918.317040768327 , 865.997360335698 ,1.00865805618581  ,0.992584314569737 ,0.952218844401597 ,0.95679821241363  ,1.03092626312326  ,   1.39861347110375 , 1.39649120659032 , 1.42443969107619 , 1.27748498150087 , 1.48379742515825 , 756.009489270736 , 660.744124801881 , 648.283513313914 ,740.141911630329 , 688.827955299514 ,    1365.29118655912  ,  1138.43854955127  ,    1177.2070172047   ,  1252.46887233036  ,  1151.43314687331  
1000 ,0.215 ,0.825 ,377.709824077126 ,1000 ,1.4342716432226   ,0.966830082982277 ,1.10795920036859  ,1.12007209148618  ,1.211854301812    ,  812.251970924352 ,1200.32025527544  ,  872.449177311914 ,1065.64280172055  , 915.734303637361 ,1.22188430773489  ,0.778518757096016 ,0.967708766555061 ,0.895410815560604 ,1.02211725011958  ,   1.70201509160546 , 1.15614044035865 , 1.27314850075827 , 1.37807235082762 , 1.47588774930888 , 674.061509945732 , 873.764894526261 , 709.464943755542 ,801.158780410599 , 730.675440990958 ,    1047.6327503487   ,  2013.59943974656  ,    1117.21645312398  ,  1672.46014896217  ,  1240.23312757249  
1000 ,0.215 ,0.825 ,377.709824077126 ,1000 ,1.36307997501919  ,1.23132105286872  ,1.24410842472464  ,1.37365137401078  ,1.01210898843076  ,  966.770239597859 , 711.066883061354 ,  684.41732329297  , 746.693348426783 ,1176.57187265137  ,1.09378979643836  ,1.0821744124801   ,1.08954108167478  ,1.16031035746854  ,0.843242659339801 ,   1.64539161521751 , 1.41081412211411 , 1.45568346748816 , 1.62368909428751 , 1.24865753818568 , 732.917099986049 , 593.601698697368 , 566.042073134879 ,609.243299969817 , 838.736687792329 ,    1417.52484836683  ,   902.546774720022 ,     859.944544387184 ,   959.230176900542 ,  1821.12654006529  
1000 ,0.215 ,0.825 ,377.709824077126 ,1000 ,1.20051986790626  ,1.23449946852887  ,1.14440731704068  ,1.23805292930045  ,1.25813498321886  , 1083.62138066416  , 890.628012145277 ,  835.375888560762 , 884.145663034262 , 817.669894686504 ,1.02498554983942  ,1.00587933570484  ,0.982706797128755 ,1.06503415300491  ,1.05705137619425  ,   1.4442609436275  , 1.5296439548907  , 1.34627494348851 , 1.45890455342441 , 1.49875696734925 , 819.636940410431 , 683.829009833201 , 679.758189840508 ,708.157726685271 , 663.825459492667 ,    1567.2972790899   ,  1254.5192554961   ,    1119.9496623349   ,  1176.02805261493  ,  1074.50816014435  
1000 ,0.215 ,0.825 ,377.709824077126 ,1000 ,1.36455247162096  ,1.329456574922    ,1.1635841595117   ,1.02319136553322  ,1.21463654151717  ,  893.975100789356 , 833.80898724957  ,  885.356318359225 ,1110.25541036039  ,1006.65747648611  ,1.15925204010492  ,1.0647902132299   ,0.946212834938271 ,0.796243921760844 ,0.995329002910946 ,   1.59753059135321 , 1.55937716121558 , 1.40245728621056 , 1.24122142067444 , 1.45164302287695 , 720.924332294766 , 679.435187647447 , 700.850314978064 ,827.183911431475 , 779.490408149402 ,    1177.77317092809  ,  1182.9870010721   ,    1295.0808244169   ,  2024.41221261441  ,  1435.00988187455  
  50 ,0.215 ,0.825 ,377.709824077126 ,1000 ,1.1226482913822   ,1.24651036900333  ,1.33484840575155  ,0.870809728968923 ,0.938223316463209 , 2739.07257619453  , 785.972188985647 ,  634.960086980179 ,1312.14970461632  , 730.766544794918 ,0.687985494439892 ,0.846548095763468 ,0.822788048590489 ,0.419953660156931 ,0.386978221959311 ,   4.86830031583887 , 6.52247884572064 , 2.48538221344725 , 1.65733983074144 , 2.00630988855999 , 787.527530753657 , 415.719756550244 , 366.565647755322 ,459.199749128281 , 387.676100529308 ,   11998.0922053472   ,  3959.8977829489   ,    3222.34501638058  , 29009.8021836371   , 69370.6755573252   
  50 ,0.215 ,0.825 ,377.709824077126 ,1000 ,1.2972691650057   ,0.769376652442195 ,1.52186931168121  ,1.86243901250111  ,0.962374024203633 , 1267.04241801184  ,1165.10941038531  ,  638.758304263406 , 760.326136225844 ,1543.38152540606  ,0.609937851316505 ,0.49238934465219  ,0.715235521904424 ,0.700655977756524 ,0.625032128858208 ,   5.92300230881166 , 1.17719200296758 , 9.84294126541407 ,21.9673660621847  , 3.36612555182636 , 421.236176781526 , 522.223605154603 , 395.371501666925 ,389.319806745201 , 563.856806394138 ,    9061.38930643078  ,  6037.9809265662   ,    3203.58696323119  , 10586.9368002194   , 16379.2865747728   
  50 ,0.215 ,0.825 ,377.709824077126 ,1000 ,1.92435047068402  ,1.70901551369716  ,1.10872878249729  ,1.19612834605333  ,1.25565178267093  ,  649.478861889002 , 935.340581443342 ,  567.188151207896 ,1056.39321587156  ,1317.17032419023  ,1.12336025448283  ,1.09602683250829  ,0.78314692481015  ,0.778012192257967 ,0.82172782905008  ,   7.41606464089628 , 6.51435737716635 , 1.51229290763233 , 1.90246841797242 , 6.52159657806571 , 414.488122278822 , 459.704241933118 , 344.704315322081 ,488.470992143476 , 471.245772669885 ,    2558.72157375285  ,  3870.4495389523   ,    1290.18106060652  ,  5612.98524810508  ,  6475.54715005353  
  50 ,0.215 ,0.825 ,377.709824077126 ,1000 ,1.37793098697263  ,0.947639380151455 ,0.859128692697904 ,4.08873692762232  ,0.900067970395527 ,  811.138662362285 , 819.760072944655 , 1151.28270384989  , 489.697242710136 ,1303.21439891927  ,0.765064676218746 ,0.435350746845765 ,0.61605257680892  ,0.929577186492191 ,0.554607766514491 ,   7.04309256862245 , 1.86147315958999 , 9.56120171458905 , 9.63071273158382 , 1.5823578378877  , 417.045349749709 , 388.909742866762 , 407.67894652425  ,380.148376265026 , 518.339982264299 ,    6483.17473812744  , 20852.3477226674   ,    6618.52439550848  ,  1524.01357032422  , 11944.2911434271   
  50 ,0.215 ,0.825 ,377.709824077126 ,1000 ,1.29269456115874  ,1.47260923803329  ,1.3387593907403   ,0.99460133181409  ,1.29498407705103  ,  630.819752509562 , 769.426115770354 ,  689.964254425289 ,1259.07891665379  , 640.606513898539 ,0.833709795683303 ,0.880725702485138 ,0.615580541608437 ,0.546899260026637 ,0.87427948411055  ,   4.74106554507591 , 2.52916344701981 , 3.86871383967625 , 2.0012939296201  , 2.030190868697   , 374.456536959828 , 400.568356447347 , 388.037735529481 ,506.620882059239 , 371.424479842398 ,    4339.71164775558  ,  3226.20124341095  ,    5574.71659103477  ,  7360.78718161769  ,  2367.7156183816   
  50 ,0.215 ,0.825 ,377.709824077126 ,1000 ,0.46804743355118  ,1.94337511969289  ,0.532450929394677 ,1.19719281492394  ,2.03461657739017  ,25990.7322608349   , 929.135482325596 ,17894.887685125    , 756.37235595938  , 554.901027443052 ,0.321929923923009 ,0.720358699349764 ,0.313853513198616 ,0.716166520934712 ,1.20339936798724  ,   2.87997288301383 ,15.5873875841829  , 2.69547588172501 , 2.35237331500914 , 3.28723516943033 ,2062.34067772116  , 431.117114877376 , 883.944484337379 ,452.933061861103 , 393.360703659976 ,  314277.421130215    , 12844.9988145329   , 1975580.76632028     ,  4801.55017626376  ,  1184.06015062963  
  50 ,0.215 ,0.825 ,377.709824077126 ,1000 ,1.15616846259456  ,1.31844633283072  ,1.15449194957829  ,1.22820527023878  ,1.63564454652284  , 1226.16020514306  , 439.739510101099 , 1641.34396686886  ,1043.10479706833  , 648.033728251591 ,0.472636157162301 ,0.839147523674935 ,0.504292549979312 ,0.866826050663181 ,1.07061868770254  ,   4.32061330389675 , 2.24210930729306 , 5.02074888679778 , 5.54235851385087 , 2.75317353586509 , 422.732441681802 , 305.50215967232  , 562.961614184983 ,447.000934494453 , 389.352499917709 ,   86226.6941923362   ,   988.768003072138 ,   13134.2649705911   ,  5021.02715499039  ,  2241.25031966099  
  50 ,0.215 ,0.825 ,377.709824077126 ,1000 ,0.871656495208538 ,1.45443129841388  ,1.10470608696643  ,1.26459853694964  ,0.922639608544444 , 1260.92207011374  , 739.157194602124 ,  706.106326380351 , 862.597703754618 ,2245.29585148445  ,0.429092913275686 ,1.03384054127119  ,0.649245611533951 ,0.746857138434575 ,0.496074812901799 ,   3.00127155333583 , 2.63019695380049 , 1.83212756234284 , 4.99423784835007 , 3.92679703374065 , 508.670398898366 , 409.582466393105 , 389.702826779145 ,495.063598355502 , 641.328476115252 ,   35637.5858352891   ,  2652.79135322495  ,    3768.09652407652  ,  5749.73656102147  , 11034.2332287773   
  50 ,0.215 ,0.825 ,377.709824077126 ,1000 ,2.9964800808236   ,1.0003571871435   ,0.915456199641602 ,1.14813167501158  ,0.883369736056618 ,  544.387802052978 ,1588.67278347542  , 2658.05694463933  , 906.348914890902 ,1389.47361059092  ,1.28797386631548  ,0.733059052662746 ,0.39478169494897  ,0.74659531255783  ,0.525409697710789 ,  17.2086114584862  , 1.48126497770586 , 3.14003193081059 , 2.65133377465431 , 1.64508301128342 , 410.206629330951 , 619.930707801019 , 628.968585190924 ,453.423177292559 , 582.014254654792 ,    2994.9083818226   ,  7458.39629207996  ,  591540.989534495    ,  4385.1694793665   , 17811.4226176098   
  50 ,0.215 ,0.825 ,377.709824077126 ,1000 ,2.70844567060051  ,1.564775309273    ,1.09522980616061  ,0.772753009260554 ,1.07916751824245  ,  550.692085249206 , 879.471323664891 ,  764.172391833615 ,1869.75161288436  ,1403.70333392896  ,0.762131882610946 ,0.877362348410747 ,0.66327280686267  ,0.354446380976743 ,0.442221452718407 ,   4.6432331926256  , 3.05587942098954 , 2.60733245994966 , 1.67380434223935 , 3.27484612924195 , 395.783317098578 , 486.328289425328 , 431.043801364848 ,589.256293624515 , 516.329313567895 ,    1741.79169569397  ,  3981.71252634967  ,    3770.79731704278  , 60598.1058898942   , 89480.4548452772   
 100 ,0.215 ,0.825 ,377.709824077126 ,1000 ,1.25767583746165  ,1.02596419655784  ,0.909245674225951 ,1.03299853528889  ,1.34490373706152  , 1695.17931924512  , 926.244048633856 , 1770.92547161969  ,1324.54583138324  , 542.382883375561 ,0.62965658472987  ,0.777115965184082 ,0.537772668298505 ,0.715280161998489 ,0.96130993386168  ,   4.91878750304641 , 1.34351321439125 , 1.42668929287048 , 2.79115959437188 , 1.98369206614019 , 531.378046974242 , 535.695572271254 , 718.282075323263 ,585.227966011346 , 380.375742819671 ,   28131.1201164975   ,  2530.09643311815  ,   19883.2792052827   ,  6038.59222311109  ,   891.122834250495 
 100 ,0.215 ,0.825 ,377.709824077126 ,1000 ,1.12611699298313  ,1.05183162604666  ,1.06795279116516  ,0.785296461641047 ,1.34381780552332  ,  888.475009434873 , 876.620785890251 ,  993.464431691502 ,2303.61674003348  ,1030.3857604519   ,0.802202812400708 ,0.724947238497148 ,0.770194629113717 ,0.615013442701486 ,0.780353889297649 ,   2.01688938356159 , 1.61593919095959 , 1.58034926908995 , 1.14053876684298 , 3.95075958638646 , 533.64994390975  , 519.255660545638 , 542.649125055814 ,874.828552889655 , 529.170015901701 ,    2499.11952492607  ,  2330.18565535968  ,    2687.53279414052  , 12952.5102060957   ,  4094.04475523582  
 100 ,0.215 ,0.825 ,377.709824077126 ,1000 ,1.4047748243619   ,2.23648304764556  ,0.806658199049407 ,1.14075507569673  ,1.30317377886053  ,  736.223491124728 , 562.193809779181 , 2490.81984078699  ,1294.82532676525  , 903.562216963432 ,0.61053929946246  ,0.921841153933817 ,0.464040061594784 ,0.519079484474834 ,0.83840828890064  ,   2.54551343603067 , 3.03482000353474 , 1.20483996861035 , 1.82293229339814 , 1.93354642265388 , 470.907920794619 , 418.69678509641  , 976.685679830871 ,651.077777758136 , 535.152878511135 ,    7258.22872873834  ,  1796.84319287461  ,   75884.6901448897   , 17002.70218908     ,  2572.6821115246   
 100 ,0.215 ,0.825 ,377.709824077126 ,1000 ,1.54864568755756  ,1.0014531345202   ,0.956128514022532 ,2.88344069123821  ,1.62669002413163  ,  529.389540386583 ,1070.37477713469  ,  789.889443182708 , 596.685225952354 , 761.278575389345 ,1.04650786756404  ,0.664506447514574 ,0.584817372736586 ,1.09765684286062  ,1.14676951533535  ,   2.28699751265826 , 1.53961894150623 , 1.69414351955084 ,21.4658596447149  ,11.3800906133848  , 392.031574697814 , 542.423676314534 , 442.512978035527 ,404.039035792101 , 443.426157165025 ,    1077.69453472956  ,  4667.79248523114  ,    3443.96149627317  ,  2057.47043573418  ,  2551.92005689289  
 100 ,0.215 ,0.825 ,377.709824077126 ,1000 ,1.12696035105139  ,1.29400951655673  ,1.30809663212134  ,3.80503091344253  ,1.07849656521018  , 1335.07551256695  , 574.562891662579 ,  626.064264218378 , 571.708803909044 , 857.637207429848 ,0.7809927964707   ,0.789929243262943 ,0.955313533853844 ,1.1093116636434   ,0.659361407516032 ,   5.51067119696055 , 2.51779243762202 , 1.97336113138734 ,18.9674319078186  , 2.11253386120355 , 517.282246511922 , 386.277988158417 , 412.886641726807 ,382.333284902524 , 492.888238818299 ,    7795.62383610829  ,  1921.07544118196  ,    1373.75662796431  ,  1767.82567970397  ,  2973.53215723654  
 100 ,0.215 ,0.825 ,377.709824077126 ,1000 ,0.87725000727627  ,1.3756035935323   ,2.14657541255178  ,1.21737913193614  ,0.988427569253892 , 3967.63148830022  , 652.570881825752 ,  580.301165820293 , 915.509131817789 ,1372.64369868475  ,0.593470365945551 ,0.870604815350856 ,1.344386323927    ,0.742595496880251 ,0.699660806719462 ,   3.99702348161745 , 2.43444247792081 , 3.53332075213455 , 3.01735129657566 , 1.30543577947467 ,1100.17613486959  , 456.980265045166 , 447.763155364425 ,508.16137117135  , 724.541488428555 ,   23966.2036708639   ,  1516.06445181133  ,    1115.75817349905  ,  4293.72055550282  ,  4689.90942535876  
 100 ,0.215 ,0.825 ,377.709824077126 ,1000 ,1.72294464509704  ,1.25189995870131  ,1.42954554781381  ,0.855795948122567 ,1.18522265871908  ,  715.270856936012 , 896.859330689278 ,  594.325748992256 , 926.620590396488 , 959.750246784704 ,0.926916510659322 ,0.758522496146521 ,0.818754820597301 ,0.565439052927803 ,0.736458265329846 ,   5.52665059612683 , 2.25975486136254 , 3.457480698633   , 1.32967739053906 , 1.74461827091702 , 439.54241341293  , 492.284747008009 , 419.440913632338 ,514.540004754987 , 555.385659465212 ,    2619.13801464439  ,  3106.31086214523  ,    1919.25308764014  ,  3872.83700379734  ,  3579.17199900294  
 100 ,0.215 ,0.825 ,377.709824077126 ,1000 ,1.24203401387078  ,1.27215449518406  ,1.60800720531335  ,1.18549144192495  ,0.959423026993294 ,  772.037473695888 , 509.696433745969 ,  569.817831148521 , 695.981922660314 ,2223.72552692376  ,0.828734114046142 ,0.881417136807146 ,1.02435760964476  ,0.750646648174879 ,0.46164207786456  ,   2.37445162588993 , 1.95162937479118 , 2.95642755012308 , 1.97984186392653 , 1.91498637446574 , 460.480037559462 , 370.358520565225 , 395.39160188767  ,443.194713993133 , 691.12846080903  ,    2386.98056956727  ,  1095.4132228343   ,    1166.96610401064  ,  2113.34869166245  ,126669.445492623    
 100 ,0.215 ,0.825 ,377.709824077126 ,1000 ,1.14130793450353  ,0.811075459145901 ,0.833734742858233 ,1.4388005891682   ,1.5739679562481   ,  854.308078084101 ,4079.75351134613  , 1183.18922494667  , 729.006603667793 , 475.391933380364 ,0.848996888143797 ,0.618082595406657 ,0.439471934107861 ,1.14678730353636  ,1.11425304451993  ,   1.96652029672877 , 3.97849082849693 , 1.19261396927447 , 2.08641139661448 , 2.08037433145507 , 496.778594238969 ,1110.2711642439   , 563.68183743968  ,453.842213118028 , 365.482384045572 ,    2640.89855803471  , 31418.7000870845   ,    9756.77284586749  ,  1580.65340148922  ,   775.719891480555 
 100 ,0.215 ,0.825 ,377.709824077126 ,1000 ,1.59973243823858  ,1.14666147672079  ,1.28401932117798  ,1.29430336245208  ,1.67294322030821  ,  563.621069514596 ,1208.36995424076  ,  597.775730136755 ,1288.98739119846  , 793.760322458141 ,1.24811618888124  ,0.721966774249636 ,0.964337505526021 ,0.785878702432162 ,1.11326578723313  ,   2.25353224837961 , 2.37518899076213 , 1.78778717290491 , 3.01855738257422 , 3.13700202898818 , 410.875074161455 , 585.635803767374 , 415.284760517826 ,573.408738910246 , 501.072144455183 ,     928.178393464954 ,  6040.13791962969  ,    1125.89749928925  ,  8780.95026022855  ,  2789.1252109436   
 200 ,0.215 ,0.825 ,377.709824077126 ,1000 ,1.35140908794802  ,1.01051336699374  ,1.33474395235308  ,1.31201613271253  ,0.970596152214578 ,  877.86079413998  ,1055.00579549785  ,  717.865382592824 , 837.943928078175 ,1241.54355385149  ,0.920717576564168 ,0.724982739790285 ,1.04927434043298  ,0.969788173758444 ,0.679780605695968 ,   1.90444746158868 , 1.318750906951   , 1.64674829380096 , 1.67981858518605 , 1.22910804315349 , 594.490071019125 , 652.795871094968 , 516.801244922331 ,574.17410201716  , 736.670376033789 ,    1900.61048071728  ,  2810.17815063138  ,    1190.51423571262  ,  1580.97075967977  ,  3483.73036979711  
 200 ,0.215 ,0.825 ,377.709824077126 ,1000 ,1.16473439228769  ,1.41771401486911  ,1.08999695282071  ,1.53144067336479  ,1.39512487743704  , 1013.21824988015  , 731.252624386699 , 1224.97226553698  , 922.257220379679 , 801.647620555064 ,0.759365469452231 ,0.954441617923698 ,0.796223116104805 ,1.09368322658074  ,0.789343596951566 ,   1.51430360794248 , 2.36247847246856 , 1.46202839210388 , 2.50788348708692 , 2.10765811342145 , 668.01789157955  , 506.892694295462 , 759.649493884494 ,610.066845722902 , 555.927154120349 ,    2592.04628200009  ,  1589.40208013014  ,    2655.27151356402  ,  1968.66479305998  ,  2065.62942714322  
 200 ,0.215 ,0.825 ,377.709824077126 ,1000 ,1.2410014359501   ,1.41040533790971  ,1.03428022274494  ,1.17377315288615  ,1.10910360771492  , 1215.15405833846  , 797.430036003637 ,  795.977372401271 , 878.009349614061 , 899.966019908348 ,0.872124286594363 ,1.05696539448406  ,0.842826112974992 ,0.689595433141634 ,0.811858858022369 ,   1.77030038901024 , 2.15245120127802 , 1.31510024574669 , 1.94310416865371 , 1.56097647837997 , 719.49135587314  , 552.654538042177 , 547.666181387605 ,567.374859389862 , 583.214130313327 ,    3257.27610614122  ,  1609.9861710763   ,    1335.18615173171  ,  3463.86066224309  ,  1780.20049015672  
 200 ,0.215 ,0.825 ,377.709824077126 ,1000 ,1.03987381482542  ,1.19111020501089  ,0.98424133909009  ,1.35769584432588  ,1.25858637282665  , 1422.90021425811  , 774.158628108589 , 1104.22894660572  ,1072.75474149648  , 699.247803447815 ,0.587072135860672 ,0.867113127606561 ,0.677859519571121 ,0.793341127663885 ,0.84289822014739  ,   2.49671310214664 , 1.73611130131078 , 1.50933920802245 , 2.23879730425789 , 1.83326937869806 , 589.673828599995 , 516.988522857571 , 621.982998853335 ,626.162931892698 , 506.71087743388  ,   12854.726379889    ,  1411.56499303345  ,    3572.57589066959  ,  4096.80905165555  ,  1360.0389376915   
 200 ,0.215 ,0.825 ,377.709824077126 ,1000 ,1.28258272721724  ,1.23319356501844  ,1.25826522585332  ,1.45122478377083  ,1.18144574575975  ,  818.238441880746 , 641.637187504165 ,  717.705548898789 , 729.357461570366 , 927.022847757285 ,0.657559892568539 ,0.887818338969999 ,0.871789542523421 ,0.903614364678881 ,0.770660714196141 ,   2.08248711771892 , 1.77058620938178 , 1.67769942159716 , 2.24186432226308 , 1.91944035811764 , 498.578166946539 , 458.463491020696 , 498.383348314404 ,502.198934716699 , 573.965903120863 ,    3514.3799752096   ,  1340.13896049287  ,    1415.33957217342  ,  2003.70154410587  ,  2684.25978936082  
 200 ,0.215 ,0.825 ,377.709824077126 ,1000 ,1.83355211176629  ,0.987458760418773 ,1.06805264940842  ,1.04818815396244  ,1.22876109082999  ,  735.892488451989 ,1408.59714674367  ,  804.768683411414 ,1061.97904033842  ,1299.36207413168  ,1.22773367590564  ,0.718003415199105 ,0.874821161999118 ,0.748021430373781 ,0.798499531634805 ,   2.7165485880643  , 1.39543237040307 , 1.32119216910942 , 1.4174566738068  , 1.8512687701063  , 537.948986249186 , 780.866769742465 , 569.045941876151 ,671.528307854325 , 702.759003029509 ,    1383.6997357455   ,  3709.21693482644  ,    1372.49080786452  ,  2601.35053896446  ,  3668.79002318495  
 200 ,0.215 ,0.825 ,377.709824077126 ,1000 ,1.29230359566153  ,1.60152211361872  ,1.00089214825014  ,1.21429063625553  ,1.34125625581042  ,  964.358170251488 , 765.800981270406 , 1051.39331061677  ,1142.40327296448  , 714.187335096125 ,0.948587919039527 ,0.946426382653379 ,0.722463567564853 ,1.01082711866437  ,0.950329128319606 ,   1.9160391480908  , 2.57651024124549 , 1.3381451702452  , 1.52672838042049 , 1.94756981685074 , 622.606469274823 , 540.996040023833 , 667.991696786547 ,715.989008165673 , 519.280616705741 ,    1990.06367955358  ,  2095.27456931632  ,    2568.58617956373  ,  2226.76771972084  ,  1350.86052860631  
 200 ,0.215 ,0.825 ,377.709824077126 ,1000 ,1.05760488483588  ,1.40830684640538  ,1.00676219810465  ,1.11639725124226  ,1.21747419723147  , 1086.67168556074  , 791.766950657863 ,  899.59749737381  ,1074.3486560802   , 918.793557508663 ,0.798067597378722 ,0.962067269186089 ,0.787887206445005 ,0.839222813673082 ,0.741740057662564 ,   1.40056225879538 , 2.23092649821069 , 1.25419092780235 , 1.59777380938687 , 2.37099430080761 , 678.000908644498 , 547.288641765456 , 608.547335444767 ,670.14773916109  , 538.798148860135 ,    2307.16467109861  ,  1631.01431551459  ,    1786.37337473142  ,  2162.50349601121  ,  3113.14856920591  
 200 ,0.215 ,0.825 ,377.709824077126 ,1000 ,1.4925674308664   ,1.55190260809062  ,1.0623881538676   ,1.29473977256766  ,1.9266987255211   ,  726.429486448183 , 829.122191840711 ,  858.248499271465 , 871.852047721094 , 600.514315458041 ,0.886615443804207 ,1.03037837455346  ,0.720860359504381 ,0.84640838265256  ,1.12114616708037  ,   2.59276092062442 , 2.36382229092065 , 1.51445367       , 2.14516274769565 , 2.94468505039572 , 494.144168511417 , 555.609324195821 , 562.38967588229  ,541.015010086348 , 460.773355539802 ,    1805.01317272535  ,  1830.27215416719  ,    1937.7919596532   ,  2336.86037584415  ,  1097.43320649549  
 200 ,0.215 ,0.825 ,377.709824077126 ,1000 ,1.21544829107965  ,1.20624095964015  ,1.52414708610534  ,1.36105987290313  ,2.11090304119323  ,  662.434040626135 , 792.900880715319 ,  703.735716613142 , 961.163767624661 , 563.628937074975 ,0.892722301140069 ,0.8511471074442   ,0.730328377949233 ,0.75215785445889  ,1.32717875084272  ,   1.58263726371134 , 1.70239973157492 , 2.51021236633338 , 2.11906039161761 , 3.4136361386608  , 474.99850083393  , 539.136274085806 , 466.754189131712 ,582.629983019062 , 439.247500424736 ,    1158.82582266699  ,  1574.54095214725  ,    3995.31196356458  ,  4276.51139243119  ,   937.981172822193 
 500 ,0.215 ,0.825 ,377.709824077126 ,1000 ,1.3682562839234   ,1.08834362039394  ,1.02372705967405  ,1.31256379681721  ,1.17563280606715  ,  955.37771338748  , 833.074259142234 , 1380.41997613795  , 895.737504600596 , 909.645951175931 ,1.03279094242122  ,0.862944305846792 ,0.716694474764309 ,0.980401395560072 ,0.896493272054184 ,   1.9004127440712  , 1.36794112621196 , 1.41064620363906 , 1.91690302294055 , 1.48700315503638 , 678.734219664072 , 621.845407749857 , 810.9805939374   ,652.508037515784 , 655.423108944945 ,    1605.3176945692   ,  1245.81569368725  ,    3815.68821838449  ,  1564.47171860751  ,  1508.02748722649  
 500 ,0.215 ,0.825 ,377.709824077126 ,1000 ,1.06971120102588  ,1.11378157067696  ,1.04566087043414  ,1.20384146998946  ,1.09729007624333  , 1498.95484366594  , 915.905241278994 ,  694.795644685402 , 934.546463520158 ,1003.20971397337  ,0.839546625815045 ,0.905177700532081 ,0.892766059080188 ,0.948556151239209 ,0.896171514437671 ,   1.52674372960254 , 1.41287463203065 , 1.23603110765084 , 1.55446278415785 , 1.42871275023094 , 882.854349808976 , 665.065358122551 , 547.015992932177 ,666.355317735499 , 716.21993132277  ,    3161.84335254061  ,  1409.34367020117  ,     943.160892817671 ,  1471.93439920807  ,  1620.03324554856  
 500 ,0.215 ,0.825 ,377.709824077126 ,1000 ,1.25811375355224  ,1.34809870694232  ,1.23583181757258  ,1.10055312626983  ,1.08251737146803  , 1286.11102803933  , 792.776017306829 ,  761.031760011851 , 886.398498920578 , 965.271862426442 ,0.901326411243697 ,1.00257081160082  ,1.05175157094152  ,0.906929691771684 ,0.890708438416072 ,   1.90634676312418 , 1.7445971518672  , 1.47959872030845 , 1.35471773961454 , 1.31525677636477 , 767.113559687423 , 606.014972383171 , 603.561720722546 ,663.253242167595 , 722.605180903106 ,    2932.73062342686  ,  1363.33831394732  ,    1060.92058480556  ,  1354.46015691205  ,  1529.28051201104  
 500 ,0.215 ,0.825 ,377.709824077126 ,1000 ,1.27421835303863  ,1.23722134885087  ,0.963179282606061 ,1.36546421328506  ,1.29664016370259  ,  997.403778942154 , 879.755723887966 , 1012.55330158556  , 801.535839052035 ,1004.16103510022  ,0.901515246262781 ,0.988223458066088 ,0.811344258222799 ,1.11010047635438  ,1.05849205861513  ,   1.82957118557912 , 1.57284684555634 , 1.16394826756875 , 1.73888214333468 , 1.63804517737997 , 659.719306997048 , 659.556146423467 , 734.082796419758 ,617.891215863121 , 723.41330047752  ,    2168.26813069521  ,  1365.65834595484  ,    1566.28137263854  ,  1131.18040342499  ,  1610.48204131546  
 500 ,0.215 ,0.825 ,377.709824077126 ,1000 ,1.00936654011096  ,1.27114370867195  ,1.22165659273619  ,1.40530717932907  ,1.18462004052736  , 1367.91983926471  , 853.574862770024 ,  784.28527360248  , 785.429738599561 ,1091.58310012744  ,0.838456567530497 ,1.00731917485507  ,1.01671452894151  ,1.1353543751733   ,0.884017507795693 ,   1.24609958332185 , 1.52482409860732 , 1.46011234317325 , 1.74072243394274 , 1.47896392529371 , 906.121978163199 , 664.059777977939 , 618.293940966336 ,613.460110267953 , 781.730208875601 ,    2282.89417537702  ,  1270.88420193757  ,    1090.22622655079  ,  1140.11962520039  ,  1934.84420013609  
 500 ,0.215 ,0.825 ,377.709824077126 ,1000 ,1.21987167336659  ,1.08161752060154  ,0.948052858025192 ,1.15344968763779  ,1.34672780501203  ,  934.663250611839 ,1052.17881992402  , 1107.7897778533   , 937.203236704306 , 895.62769384171  ,0.786688346184455 ,0.82588623505884  ,0.690847627390396 ,0.912512716910922 ,0.908276628997572 ,   1.61974791916732 , 1.35432307221741 , 1.39350553642666 , 1.58409514483156 , 1.78870765867141 , 648.001509630175 , 745.775994438693 , 682.26108679387  ,659.767463737748 , 639.805560115508 ,    2105.46737360521  ,  2038.9830659185   ,    2578.98850517996  ,  1504.14546639186  ,  1754.3511361721   
 500 ,0.215 ,0.825 ,377.709824077126 ,1000 ,1.6023912053751   ,1.31326765345996  ,1.25170653796122  ,1.09013697873464  ,1.2094071732772   ,  702.939437861836 , 844.952568371305 ,  773.977818389072 ,1082.14993206871  , 970.630022054055 ,1.17582681288781  ,1.04993972659362  ,0.989261204898401 ,0.873073138568587 ,0.906863572100164 ,   2.11553110720126 , 1.7100472995428  , 1.56027382509099 , 1.39078872990561 , 1.5742624252928  , 548.654681542797 , 631.825528130122 , 597.215746845626 ,760.549624344026 , 680.162426431801 ,    1108.17880297075  ,  1275.23963265677  ,    1112.92805405984  ,  1803.38985022556  ,  1770.22482572796  
 500 ,0.215 ,0.825 ,377.709824077126 ,1000 ,1.1160161310321   ,1.09255740081129  ,1.09645568628394  ,1.26599760181495  ,1.40699205933984  , 1248.1216738468   , 996.253336988112 ,  928.84877644049  , 976.196783657137 , 788.338702398578 ,0.835673390768521 ,0.881212546289694 ,0.850026010940713 ,0.969506221078888 ,1.06378764448867  ,   1.44402560232328 , 1.41305584723599 , 1.38277990807995 , 1.66674025048367 , 1.92955623919457 , 832.208574794539 , 708.681196807408 , 692.165618272722 ,701.067351392282 , 591.842302647963 ,    2441.37480489834  ,  1716.50516694798  ,    1562.56211353447  ,  1716.70413470238  ,  1207.01066419065  
 500 ,0.215 ,0.825 ,377.709824077126 ,1000 ,1.24633150413828  ,1.02190829321233  ,1.02140927190085  ,1.09358648573411  ,1.32301941449587  , 1050.8768547246   ,1363.87241976385  , 1072.95308270874  , 992.054330081972 ,1032.06726857741  ,0.994101489501242 ,0.809000459502643 ,0.870211688012924 ,0.886810834911964 ,1.0124874157322   ,   1.56275727428932 , 1.24576631313183 , 1.21675106587921 , 1.30808099456187 , 1.66051069729696 , 756.663399738298 , 895.977951431868 , 780.977284620408 ,738.822914392095 , 761.658282437533 ,    1698.70032671681  ,  2424.05118673295  ,    1590.11075021472  ,  1548.13406250171  ,  1764.63718910477  
 500 ,0.215 ,0.825 ,377.709824077126 ,1000 ,1.26429659972916  ,1.36499237561494  ,1.32805151661972  ,1.03793822607861  ,1.08138019695474  , 1069.23346821146  , 727.730565131753 ,  706.393787178864 ,1553.31332791661  , 965.279879097693 ,0.977758407139325 ,1.10668390341335  ,1.10659068438726  ,0.7483882862284   ,0.807013521567707 ,   1.62838371051754 , 1.6804113206354  , 1.59934926457491 , 1.3683766736737  , 1.36614578196412 , 732.193061360751 , 578.966638799354 , 568.155118174052 ,916.02112037636  , 682.19715615696  ,    1868.58176804933  ,   995.091343904682 ,     942.396883648824 ,  3674.60158396302  ,  1814.39606655408  
1000 ,0.215 ,0.825 ,377.709824077126 ,1000 ,1.42264860956025  ,1.27415189673887  ,1.11475352748496  ,1.12724378237443  ,1.3098873647412   ,  750.800067454113 , 710.4491806139   ,  827.565939440165 ,1190.18070717615  , 745.794860018309 ,1.23352801191245  ,1.12481396851932  ,0.940011486765717 ,0.97940494140892  ,1.14720883463855  ,   1.65073641841076 , 1.44741813774888 , 1.30433203395073 , 1.29809698645215 , 1.47781040708985 , 623.971751476853 , 594.407528857977 , 669.468894473347 ,919.687361250754 , 623.944287788053 ,     968.698672165398 ,   890.59302339011  ,    1180.45058698219  ,  1768.7841224724   ,   936.782506856497 
1000 ,0.215 ,0.825 ,377.709824077126 ,1000 ,1.15538254643481  ,0.986293605104588 ,1.05985358270308  ,1.37083548420577  ,1.37080218783815  , 1146.99233436529  ,1231.61486705034  ,  745.402365175093 , 743.757270712127 , 843.361822502497 ,0.962955858313963 ,0.853795452601701 ,0.944873661214242 ,1.17071393683289  ,1.12096912271264  ,   1.37255522612451 , 1.14992416026281 , 1.1905774021908  , 1.62154652664677 , 1.72531858257909 , 863.982408682769 , 940.098705481995 , 623.471341798338 ,616.083044171758 , 661.98067872952  ,    1769.29577134475  ,  1828.40871016683  ,     942.163021859121 ,   939.571840697178 ,  1166.63400493475  
1000 ,0.215 ,0.825 ,377.709824077126 ,1000 ,1.31205742414625  ,1.32804691296852  ,1.10192579947309  ,1.04023778510082  ,1.21117662052506  ,  848.742338752296 , 736.98186700679  ,  761.279662004532 ,1191.01462028827  , 853.174225338054 ,1.06886659526075  ,1.11617085872448  ,0.968638198578906 ,0.863862732734105 ,1.04159886674464  ,   1.56577063930869 , 1.58783911783243 , 1.25411239657927 , 1.24150793410437 , 1.46320434742303 , 679.967486951406 , 609.964528426405 , 635.578650145162 ,877.17113422294  , 684.997102040783 ,    1143.94418181339  ,   985.057480536054 ,     964.094668464161 ,  1824.37402331406  ,  1150.77145129529  
1000 ,0.215 ,0.825 ,377.709824077126 ,1000 ,1.40568895144196  ,1.11483639698102  ,1.10713626861952  ,1.20236122368116  ,1.24624924872657  ,  940.008788373509 ,1145.94152752768  ,  833.797622870801 , 782.312375302318 , 845.231822327903 ,1.17401864572413  ,0.911611057811362 ,0.970686904984964 ,1.02835683411664  ,1.04824903480461  ,   1.75187930332888 , 1.34367233348568 , 1.25305392385667 , 1.45140269166063 , 1.48300563084468 , 716.712446977833 , 866.381653972951 , 681.556747839519 ,636.776548695127 , 686.93333061848  ,    1269.16036881194  ,  1948.34806222169  ,    1093.61302420034  ,  1016.22134533571  ,  1148.90125474367  
1000 ,0.215 ,0.825 ,377.709824077126 ,1000 ,1.20475110896362  ,1.30237018309666  ,1.20921731561643  ,1.24129110297574  ,1.27292423197474  ,  957.544067319722 , 886.709959354262 ,  741.270425251668 , 807.863683690697 , 932.08562405833  ,0.960201841129332 ,1.06272115505025  ,1.04558405930953  ,1.05814244497198  ,1.07200072167335  ,   1.54021887371118 , 1.63379058310671 , 1.40356563928953 , 1.4747719343512  , 1.49658810401401 , 725.047463333305 , 698.766806487255 , 621.357391188069 ,667.121075779396 , 750.613447415006 ,    1475.01185622803  ,  1290.47168627725  ,     958.674760044216 ,  1087.5740185993   ,  1323.5071815951   
1000 ,0.215 ,0.825 ,377.709824077126 ,1000 ,1.4218299342076   ,1.10057591642426  ,1.03219402940155  ,1.3647763274186   ,1.27407486463032  ,  862.179026363544 , 893.459930439498 , 1050.19639868561  , 804.677836188319 , 929.378106505337 ,1.16833395706375  ,0.95951203766777  ,0.899697283985602 ,1.1454059785794   ,1.08746803771229  ,   1.72160782428669 , 1.26232791577625 , 1.20255551712962 , 1.64651218416076 , 1.53994350893619 , 688.823471609225 , 714.662313403219 , 828.221826383663 ,647.949937604438 , 730.05203272828  ,    1203.89098555034  ,  1216.27922092706  ,    1501.91292718216  ,  1054.68548743311  ,  1265.97780046255  
1000 ,0.215 ,0.825 ,377.709824077126 ,1000 ,1.2534700962365   ,1.09805489237676  ,1.22617655253139  ,1.06282968347324  ,1.26354828314613  , 1033.21104998477  ,1025.43246718006  ,  768.992446146331 ,1101.53359331202  , 786.654359725044 ,1.0470251040307   ,0.941205014489903 ,1.03652580525903  ,0.907687718193542 ,1.1010237684083   ,   1.50728102262447 , 1.29348147242353 , 1.44329800449833 , 1.2430511110533  , 1.48623719580042 , 795.647059000531 , 798.871618951573 , 627.840215212002 ,860.317512550405 , 647.821111948076 ,    1518.22823232157  ,  1493.00482573747  ,    1012.0579783796   ,  1608.41499164237  ,   994.23853690025  
1000 ,0.215 ,0.825 ,377.709824077126 ,1000 ,1.25090183309123  ,1.1271010728847   ,1.13055537753576  ,1.16154100557961  ,1.07657465140709  ,  967.078086015392 ,1171.55540398559  ,  832.75654953821  , 950.557295940308 , 939.634555667003 ,1.03110706962292  ,0.935543216669967 ,0.986795903644474 ,0.973233244928741 ,0.956897881133232 ,   1.52322812537    , 1.39362891078012 , 1.28700095528379 , 1.37099085016324 , 1.23615035103215 , 762.364249172637 , 853.638894240705 , 687.495650301304 ,750.995993021765 , 751.13684678459  ,    1443.90022446427  ,  1782.68825361118  ,    1056.80430245059  ,  1320.25713814055  ,  1214.31294635556  
1000 ,0.215 ,0.825 ,377.709824077126 ,1000 ,1.19943551771409  ,1.08104178776892  ,1.0807939582787   ,1.12955671506776  ,1.19299883341387  , 1105.46064981977  , 969.680102770394 ,  933.725069940493 , 929.97688247877  ,1029.2874306776   ,1.00968605322703  ,0.938319274312063 ,0.929289032906245 ,0.970456832586839 ,0.918602562123901 ,   1.43324189464297 , 1.25359018087438 , 1.2758641675191  , 1.30994230645612 , 1.48623431457575 , 851.152276728374 , 777.878480148498 , 735.732854258713 ,755.038867569597 , 782.05606535528  ,    1598.81406863989  ,  1338.09787704875  ,    1271.9758285216   ,  1261.63882736066  ,  1730.68542839618  
1000 ,0.215 ,0.825 ,377.709824077126 ,1000 ,1.33533512786113  ,1.07821085148082  ,1.2266948048628   ,1.29126412644571  ,1.15952922127997  ,  944.341640105804 , 964.816515565476 ,  845.038317437521 , 831.903405706147 , 865.588982818051 ,1.07843409729655  ,0.92560453592827  ,1.04483941780898  ,1.11563732917606  ,1.01270392985516  ,   1.64633466603351 , 1.25994187345484 , 1.45807855156613 , 1.52258243979696 , 1.3305042149212  , 723.385544413043 , 752.34976056548  , 669.087926213522 ,680.294040010779 , 697.384036670223 ,    1340.23483214228  ,  1318.96468796551  ,    1115.48453809224  ,  1078.5416681173   ,  1120.44475821957  
