"n" ,"p"   ,"q"   ,"tau"            ,"B" ,"shapes.1"        ,"shapes.2"        ,"shapes.3"        ,"shapes.4"        ,"shapes.5"        ,"scales.1"        ,"scales.2"        ,"scales.3"        ,"scales.4"        ,"scales.5"        ,"shapes.lower.1"  ,"shapes.lower.2"  ,"shapes.lower.3"  ,"shapes.lower.4"  ,"shapes.lower.5"  ,"shapes.upper.1" ,"shapes.upper.2" ,"shapes.upper.3"  ,"shapes.upper.4" ,"shapes.upper.5" ,"scales.lower.1" ,"scales.lower.2" ,"scales.lower.3" ,"scales.lower.4" ,"scales.lower.5" ,"scales.upper.1" ,"scales.upper.2" ,"scales.upper.3" ,"scales.upper.4" ,"scales.upper.5" ,"shapes.lower.perc.1" ,"shapes.lower.perc.2" ,"shapes.lower.perc.3" ,"shapes.lower.perc.4" ,"shapes.lower.perc.5" ,"shapes.upper.perc.1" ,"shapes.upper.perc.2" ,"shapes.upper.perc.3" ,"shapes.upper.perc.4" ,"shapes.upper.perc.5" ,"scales.lower.perc.1" ,"scales.lower.perc.2" ,"scales.lower.perc.3" ,"scales.lower.perc.4" ,"scales.lower.perc.5" ,"scales.upper.perc.1" ,"scales.upper.perc.2" ,"scales.upper.perc.3" ,"scales.upper.perc.4" ,"scales.upper.perc.5" ,"logliks"
 50 ,0.215 ,0.825 ,377.709824077126 ,500 ,1.45537641563316  ,1.04983751339695  ,0.857022857707354 ,1.29962490494367  ,2.1996178922644   ,2699.58512767705  ,1075.98981843141  ,1455.40320358356  , 759.156376533065 , 442.52231078589  ,0.745957580615398 ,0.620288589515122 ,0.594120027200716 ,0.785640446558436 ,1.01184314516566  ,4.87551816866169 ,4.63069787321076 ,1.6924871409323   ,5.96904403509867 ,4.12106710475777 ,459.628538420859 ,487.687509666094 ,526.785834842727 ,386.378776684823 ,341.0174493158   ,10172.4161938229 ,13755.7672537234 ,15245.492788366  ,5259.78263501219 ,924.222668833906 ,0.91140539393889      ,0.649185521873736     ,0.630342901277259     ,0.802729297766866     ,1.10191368252466      ,9.68372490474274      ,5.86148836743559      ,5.10531073783207      ,6.28399223966394      ,5.06073754529229      ,503.078534636056      ,469.045437572672      ,552.235481737363      ,381.987528054924      ,342.32995138176       ,12228.8418887115      ,10911.6125794912      ,18780.0148786591      ,5067.26290146934      ,963.435708919521      ,-297.021976845872
 50 ,0.215 ,0.825 ,377.709824077126 ,500 ,2.31658640929905  ,1.6947988633987   ,1.15267728343401  ,1.15784057449019  ,1.08678792544079  , 593.322571528757 , 741.398346085077 ,1649.15263090352  , 436.377350128892 ,1003.36347662432  ,1.16631851342646  ,0.646749838550314 ,0.803125904647091 ,0.810969960703892 ,0.78026827016559  ,3.29471721422608 ,16.3479240623532 ,5.18882942570528  ,2.11698816131641 ,5.1617241922127  ,385.356021995727 ,401.495666299569 ,502.378661916849 ,285.257231691601 ,426.993243724019 ,1628.00557223622 ,5359.72298437521 ,10389.0352840808 ,858.533767005315 ,4816.61124733891 ,1.56878883420627      ,0.819654638094567     ,0.904095897749844     ,0.799247562503455     ,0.7903630513769       ,7.28845131589869      ,17.9528999831903      ,6.24633928829334      ,2.05112036016284      ,5.97261413047842      ,396.989986300287      ,401.274817006344      ,518.418453246433      ,278.90599165659       ,471.878842821403      ,2296.34527855742      ,5249.68514323955      ,10693.3323578708      ,829.9225368471        ,5612.55246251979      ,-304.414863975045
 50 ,0.215 ,0.825 ,377.709824077126 ,500 ,1.24496585887315  ,0.786749413089435 ,0.990676837460012 ,1.43330781298909  ,0.899332479431835 ,1050.6453181329   ,1635.24033274048  ,1955.22491297965  , 762.657601183245 ,1710.46111288821  ,0.709763519368992 ,0.402471173349618 ,0.410348729592627 ,0.892565457531364 ,0.438095953006915 ,5.47094443260929 ,1.33500646716313 ,4.63541142331666  ,64.1550480495834 ,10.325573553745  ,480.413270187517 ,650.417267795112 ,661.396495854013 ,414.704966377988 ,519.146725690892 ,10117.7207599274 ,61126.3302369189 ,81542.9664688713 ,10707.3998354307 ,45075.9018198571 ,0.873469561807804     ,0.44600142803596      ,0.46913013369452      ,0.940799846308955     ,0.478780209454807     ,5.88023180766961      ,1.49945199387495      ,10.1218540499853      ,98.2185679355059      ,65.3276403698132      ,481.241451325165      ,598.189744401234      ,617.285936400007      ,386.067322968315      ,391.152469588813      ,10286.9932677026      ,20305.3958315732      ,56209.2258963477      ,3046.37188109297      ,28903.2931085476      ,-283.302880151852
 50 ,0.215 ,0.825 ,377.709824077126 ,500 ,1.05502096528659  ,1.12860227508366  ,1.06250481066245  ,3.48437404718628  ,0.627453208474194 ,1043.75404665814  ,1841.4953331993   , 898.175362147515 , 426.214895430563 ,4945.81242183671  ,0.467378077177698 ,0.588172503364514 ,0.695953935014611 ,0.934404674400596 ,0.370841902336898 ,3.42704621064241 ,8.38733708927105 ,3.10389017945157  ,7.9446101510805  ,2.35795042579743 ,456.198985212205 ,456.713886612132 ,433.548763316886 ,370.32243001634  ,604.232898592502 ,21291.4085234341 ,29863.610327802  ,3283.03384888354 ,1001.28660821614 ,130509.878655864 ,0.514116106457184     ,0.635449115990926     ,0.698594459359891     ,1.40367128985073      ,0.41936675737696      ,10.1760780947184      ,9.74736018136573      ,3.5061203377502       ,13.1699598869485      ,4.56029653292079      ,413.391792370934      ,457.456889968275      ,443.501291943273      ,361.412228055326      ,464.682408633899      ,11553.8929188966      ,30056.2603200223      ,3779.34313021612      ,837.284944548935      ,84395.2951433531      ,-322.147967637302
 50 ,0.215 ,0.825 ,377.709824077126 ,500 ,0.641093262281573 ,1.4674424234568   ,1.46441220727435  ,2.41294700767898  ,2.01331968678445  ,7615.27924144696  , 652.795908661011 , 455.53834691037  , 631.887922846755 , 561.960455902024 ,0.326892530931144 ,0.929217799797441 ,0.911265704432013 ,0.794259412151039 ,1.06042667563046  ,9.92527172079565 ,2.20419530104963 ,2.12353262199354  ,26.4733459528165 ,12.556001312974  ,424.6364919637   ,397.750663052444 ,330.816390830061 ,385.226580686471 ,376.280002701895 ,9677695.00196861 ,2024.09805982384 ,862.34662599857  ,7693.60227805914 ,2525.44859615427 ,0.339291680784495     ,1.04144328890965      ,1.06618912303644      ,0.746654160251473     ,1.05296882421862      ,12.11017401781        ,2.37711547471333      ,2.4799585112606       ,25.465602213878       ,12.3319583633251      ,416.822553252366      ,392.502052342916      ,313.210011309617      ,384.946764105162      ,375.726569061991      ,3607929.67559719      ,1841.4445616021       ,789.255088130987      ,7607.84646068787      ,2510.66489057899      ,-323.880179589704
 50 ,0.215 ,0.825 ,377.709824077126 ,500 ,1.24908182924629  ,1.75470599840783  ,0.994288231218437 ,1.54460834388009  ,1.25381706434259  ,1049.07428558397  , 933.218061495177 ,1026.16874741027  , 547.780800930382 , 837.294094041548 ,0.810704885322521 ,1.05487674273355  ,0.553597278315122 ,1.07071736653429  ,0.7221413725895   ,5.13549916515192 ,6.86360956524931 ,1.84488781213132  ,2.23675993194142 ,2.59511916547434 ,501.44467607957  ,386.281201853448 ,468.81117814297  ,357.66088748995  ,464.457364835081 ,7787.4559577404  ,4004.73256092523 ,7651.87960188588 ,1703.66003503902 ,6160.98117340087 ,0.834488495409077     ,1.21334551812938      ,0.619146465431653     ,1.11323895710305      ,0.746254628633087     ,5.65586137633714      ,44.6121725930415      ,3.2978687544094       ,2.53433727425274      ,2.63673315154107      ,489.788611820721      ,389.692303418315      ,464.446862313668      ,334.230138741563      ,441.39150803746       ,6738.85157927881      ,4576.41405261915      ,7149.14896816906      ,1374.960942506        ,4842.34581698007      ,-299.159964657952
 50 ,0.215 ,0.825 ,377.709824077126 ,500 ,1.56113530789281  ,0.877795029607864 ,0.920611232161446 ,1.1116333158437   ,0.779751285043393 , 694.720851765834 ,2295.60082235895  ,1461.81613085817  ,1845.16466459584  ,2173.31685522874  ,0.965391126287424 ,0.560279329530269 ,0.380247840501385 ,0.547933826416294 ,0.438325480225339 ,3.37179170688886 ,6.09871849888765 ,5.68776938499625  ,5.41401570216818 ,1.13145003084246 ,431.421732264353 ,542.727327976126 ,444.092400652347 ,523.552158419768 ,733.468058143686 ,2037.69047705538 ,27743.5925172875 ,84728.4291505308 ,33347.5152795118 ,21273.7676710564 ,0.932626236436435     ,0.569475436643115     ,0.437396335742317     ,0.581290349776729     ,0.452066423207575     ,2.93754100845149      ,7.80071518181198      ,7.91442834602772      ,6.16664445219864      ,1.22031155563993      ,439.111740370658      ,549.192646828551      ,429.512767286329      ,545.630622819696      ,725.627296656922      ,2332.86859018996      ,28082.0975338041      ,43581.1887176798      ,34592.9353445887      ,20916.3485374284      ,-279.446915060275
 50 ,0.215 ,0.825 ,377.709824077126 ,500 ,1.084036882797    ,1.16513732977757  ,1.36253796819285  ,1.19558517798394  ,1.38864220963746  ,1146.25547988554  , 941.789390136122 , 558.956645010564 , 885.383341279074 , 573.686982608095 ,0.71850429116676  ,0.670744108183448 ,1.02422159825398  ,0.681066559129025 ,0.827719684526745 ,5.0932480260029  ,3.92915093833111 ,2.00623880552662  ,5.04839277809051 ,4.0336833113342  ,449.459531535781 ,436.371533588378 ,365.736812787395 ,457.420536976182 ,382.012373388117 ,5963.3770747012  ,5954.1414970349  ,1400.87893045815 ,19903.9584879692 ,2858.29041767803 ,0.803007619972951     ,0.661850961716391     ,1.03015129602999      ,0.720801259849023     ,0.891719314068857     ,5.69430012637046      ,3.80965734630438      ,2.09104833406354      ,7.19078569598545      ,4.76555912679231      ,467.539068653285      ,461.407682408607      ,349.417356273858      ,425.20724809261       ,366.430506801236      ,6018.53324857195      ,9546.48674509302      ,1221.68852166909      ,4816.92703638731      ,1764.81395546993      ,-327.239376970269
100 ,0.215 ,0.825 ,377.709824077126 ,500 ,1.2372558716019   ,1.42259315086149  ,1.19954853607055  ,1.28397873213593  ,1.85874587433703  , 827.396531749755 , 639.259664607618 , 814.964014601718 , 827.453875943678 , 707.954833825669 ,0.741427688191411 ,0.85419045967324  ,0.723764428471162 ,0.840309949616688 ,1.0967410766894   ,1.88819571777425 ,2.40642512454746 ,2.0450417207298   ,2.32782248940819 ,3.39149747671232 ,504.547642567846 ,434.41916483577  ,491.781109414562 ,505.090550080227 ,453.686449838412 ,2639.64646885213 ,2080.96843742536 ,2763.05928963194 ,2276.26205440588 ,2988.83348357507 ,0.815693593644929     ,0.894520952423262     ,0.816085196239629     ,0.890660374479594     ,1.20655065332289      ,2.11255967387602      ,2.52927263317837      ,2.18106172917101      ,2.56292554968042      ,5.97669822483216      ,487.550117682576      ,422.415039704991      ,454.365122862492      ,475.867148241136      ,457.404922909062      ,2411.24046698652      ,1366.08659111145      ,2235.01375524284      ,2129.29011812565      ,3164.37684923001      ,-623.637139725082
100 ,0.215 ,0.825 ,377.709824077126 ,500 ,1.09459035251148  ,1.71358869876274  ,0.805691819007545 ,1.64895695714985  ,1.99483432381089  , 778.256336836982 , 710.236200132253 ,1467.87724422065  , 479.917841667326 , 653.610611930144 ,0.595746894320327 ,0.99457612374631  ,0.514102175016371 ,0.876113716761399 ,1.22045168432838  ,1.75873171421702 ,5.82087156205087 ,1.36976865855107  ,2.38936572823914 ,6.78955064457606 ,471.464392702335 ,433.633720773455 ,633.142772203287 ,367.76076979274  ,428.019128303311 ,3977.01946716866 ,2916.82906446775 ,11148.3425885768 ,914.528798963198 ,2486.9189614185  ,0.686473540426575     ,0.99753193918517      ,0.529209869575738     ,1.02726648675885      ,1.2294445925426       ,1.96266756157687      ,5.87755678357392      ,1.47774902135779      ,2.73707979884842      ,6.84331374782671      ,448.797925923516      ,433.857922893895      ,634.433947547079      ,357.758514388432      ,429.187754170969      ,2753.98228530793      ,2945.60057529131      ,11383.4738121043      ,883.858950423017      ,2491.61812678334      ,-634.295841405309
100 ,0.215 ,0.825 ,377.709824077126 ,500 ,1.03823121744075  ,1.14133300159198  ,0.94358972969684  ,5.5290660735479   ,1.07769156394026  ,1144.66586628872  ,1048.82952296382  , 799.370551519009 ,3602.00835574307  , 940.777813529055 ,0.755132718557496 ,0.78512753171299  ,0.683853134496906 ,5.44746143892117  ,0.710611784169381 ,1.44625464147233 ,1.80093917196491 ,1.2844101842174   ,5.54073084696925 ,1.6650839106691  ,630.667490191413 ,556.162570545456 ,496.975762096871 ,3577.55190908781 ,539.186201407672 ,3063.18707760486 ,3159.54251635432 ,1590.884777767   ,3605.55128644949 ,2757.5083846717  ,0.774880353777863     ,0.78666444422658      ,0.716114249102812     ,5.51276474820721      ,0.745338301099873     ,1.50651428908342      ,1.80440898114869      ,1.32012857298445      ,5.56187820230635      ,1.84550147977148      ,633.393280238613      ,565.817085747153      ,503.416515805922      ,3597.00397809105      ,535.793936942797      ,3164.98483725981      ,3612.85797497789      ,1653.37224676855      ,3611.84373112706      ,2570.90463180379      ,-572.547278498629
100 ,0.215 ,0.825 ,377.709824077126 ,500 ,1.25257774862924  ,1.77135100041983  ,0.992139029901762 ,1.06055594132072  ,0.986987691506423 , 984.592488675849 , 628.925011584927 , 743.26315134752  , 835.262674964614 ,1406.96429717794  ,0.863879798570924 ,0.993273652475884 ,0.740569450980399 ,0.792403702971151 ,0.751096245838656 ,43.4141505438575 ,3.69459222641671 ,1.32752765661589  ,1.4809857714327  ,1.53709370229782 ,537.89113600966  ,442.268366894936 ,459.375895565797 ,466.759424208375 ,625.072889355106 ,5648.98072754389 ,2488.17415316358 ,1883.20418767448 ,2018.64085020223 ,6523.68353308487 ,0.877413576105577     ,1.16978698499477      ,0.741468580608814     ,0.803331415538701     ,0.752833387268251     ,47.6058198675392      ,4.88715047251498      ,1.34513673700236      ,1.58037500631052      ,1.54113925431427      ,399.170598494295      ,425.283654410432      ,459.907587267067      ,473.273323127669      ,627.304939040095      ,4734.26491130834      ,1564.36864507842      ,1886.02014626648      ,2301.35693073944      ,6660.17180836411      ,-607.683084304838
100 ,0.215 ,0.825 ,377.709824077126 ,500 ,1.5298106840458   ,1.35586269756704  ,1.07256968287355  ,1.57563887953431  ,2.2416556999804   , 747.137742327159 , 639.420491348757 , 824.662335020461 , 671.279723568004 , 472.49490544951  ,0.984417227001098 ,0.951607366791203 ,0.604375129824258 ,1.01246383335969  ,1.43802405462724  ,2.40948079792065 ,1.82807313413522 ,1.45139010767267  ,2.23552485768873 ,3.74434552193869 ,456.349109295515 ,439.808014963003 ,500.687785085152 ,436.256727955167 ,377.487635052216 ,1726.36771600811 ,1306.1776791089  ,4670.83741580991 ,2270.55481452031 ,875.52843346724  ,1.03044511019528      ,1.00454047071975      ,0.750879975500278     ,1.09192640800702      ,1.4982125690115       ,2.47740213324794      ,1.9055554480248       ,1.63175175518584      ,2.50470114518831      ,3.87157713720025      ,465.094082858828      ,434.052748408836      ,450.331964122431      ,433.234131454667      ,372.393271455271      ,2044.04387883593      ,1211.27541289899      ,2611.82540415556      ,1954.78630030363      ,820.122806693055      ,-636.010434742877
100 ,0.215 ,0.825 ,377.709824077126 ,500 ,1.00924988308496  ,1.14597506643031  ,1.11811034368099  ,1.21533535959996  ,1.88501510145206  , 881.62824645532  ,1100.14695753623  , 736.913995805497 , 792.176902691662 , 921.799897888073 ,0.622793653179466 ,0.72440529211548  ,0.880212053055924 ,0.876169394082907 ,1.1326270645048   ,1.70019886864884 ,2.14119607625276 ,1.45738155270713  ,1.87060209730533 ,6.63680735563192 ,491.798115210399 ,575.343321000651 ,480.890636082268 ,471.335075905763 ,496.979688427474 ,3996.10577374853 ,4942.70254693935 ,1401.95919488733 ,1706.12469390682 ,3684.70515481462 ,0.659186164960659     ,0.74787871213914      ,0.887731598320237     ,0.879162587745472     ,1.1338904603145       ,1.97311114026549      ,2.28561983468893      ,1.50163971663498      ,1.89266668120069      ,6.66978810123869      ,481.468367554758      ,566.762998607648      ,487.892782286133      ,486.3702110442        ,508.936674663311      ,3389.50993296808      ,4748.97660067391      ,1458.87371524426      ,1872.76870040932      ,3886.69498297415      ,-618.56408406249
100 ,0.215 ,0.825 ,377.709824077126 ,500 ,1.54147947135035  ,0.946715175893298 ,0.913433923749895 ,1.06328421307899  ,1.2262025397718   , 807.22243689089  ,1060.98647653376  ,1409.47944194475  ,1181.34784020415  , 749.358322269774 ,0.615525638492984 ,0.4766678655782   ,0.7172453871432   ,0.569161203025617 ,0.777633233649987 ,3.17834955878046 ,1.47449645836747 ,1.30119231759781  ,1.75256927999484 ,1.83364930311462 ,493.832114138874 ,558.04759185226  ,657.125303733029 ,624.407144136237 ,464.44697999631  ,11524.2897580178 ,9855.96464553039 ,5975.06597344299 ,10193.2692668653 ,2307.38334900387 ,0.789457241465533     ,0.59857809057113      ,0.717249188758197     ,0.628340454779651     ,0.789479217391526     ,3.77540783965682      ,1.67700734836629      ,1.30137929743224      ,1.92759360351905      ,1.86353382304816      ,470.027692986293      ,531.921805328345      ,647.989946683818      ,591.515717503643      ,462.667750230146      ,4165.56798094608      ,5068.43024956577      ,5380.25114078124      ,7493.22424822428      ,2268.68864300152      ,-609.720207621762
100 ,0.215 ,0.825 ,377.709824077126 ,500 ,0.978217966333039 ,2.08872991942488  ,0.600074439829751 ,1.35091947789985  ,1.30548184688122  ,1299.42061518566  , 716.839994497712 ,3855.52676557288  , 769.545370488579 , 597.524657629211 ,0.61819811601173  ,1.19710835231411  ,0.405735192908954 ,0.903027051145878 ,0.768318458867939 ,1.74145479701523 ,3.78218769985169 ,0.981539913635042 ,1.79610223916518 ,1.9663687604183  ,587.575189233122 ,478.279646139667 ,1265.30920621203 ,500.492782032965 ,423.77685784941  ,6039.5104250262  ,2485.03966378872 ,87189.3558333    ,1850.15514195912 ,1508.65813382535 ,0.627718697741802     ,1.23941212565779      ,0.421369080137555     ,1.00323490582543      ,0.864891641866815     ,1.79443752869753      ,4.47847643422784      ,1.05926761912992      ,1.95639579104601      ,2.16370284787854      ,583.605073631045      ,472.804746873293      ,1070.72720745398      ,472.176954754041      ,403.662098861768      ,5797.49279116891      ,2340.82032953479      ,56985.7744361571      ,1631.49853560791      ,1206.51302202908      ,-608.773294493825
100 ,0.215 ,0.825 ,377.709824077126 ,500 ,1.73742692826467  ,0.995547222392656 ,1.21773385997434  ,0.979941137447103 ,1.02328488875538  , 883.256860379288 , 957.783196162987 , 866.117680059037 , 865.179028140346 ,1554.60790194189  ,1.05415165529906  ,0.712564009736628 ,0.721663725805726 ,0.612058230931652 ,0.646007779121033 ,3.50370012363061 ,1.42078262180142 ,1.89419448744349  ,1.4741816510443  ,1.41493267772999 ,509.29641182629  ,562.573296491378 ,549.148866436192 ,499.292599395834 ,786.794846318539 ,3201.59626798053 ,2790.05053211948 ,4326.38185707999 ,3118.05352958979 ,10573.4897480976 ,1.07338090594443      ,0.731428496081428     ,0.762210488242344     ,0.646063852737002     ,0.728078621391255     ,3.66318098981468      ,1.5382677440339       ,2.03827403025601      ,1.55692821225108      ,1.54581306795553      ,518.205078235016      ,541.868071378317      ,487.401034570306      ,485.671779099341      ,746.278418151228      ,3420.02267634193      ,2428.81551803935      ,3099.84870840182      ,2862.33882859832      ,7577.60006843421      ,-603.718301985418
100 ,0.215 ,0.825 ,377.709824077126 ,500 ,1.18091504327603  ,1.0175975944827   ,0.957571448359096 ,1.59175302103905  ,1.06041384475354  ,1371.85927824676  ,1728.28233042849  ,1292.52371511435  , 550.011183876216 , 977.615944933412 ,0.881683925145842 ,0.478691612649164 ,0.598406477879925 ,1.26553984436826  ,0.824158437309462 ,5.25757301721096 ,4.26621467210827 ,1.67983206327159  ,2.17244701683644 ,1.5809915266392  ,585.448437968996 ,551.391390522105 ,605.080992329929 ,407.547141974605 ,562.542728542048 ,5970.89582560759 ,441872.730650031 ,7463.13733741738 ,826.238316454975 ,2165.16827605234 ,0.901104325779388     ,0.495368831543418     ,0.608233129229265     ,1.25269239656577      ,0.835798123551498     ,5.40660790250223      ,4.37329960120923      ,1.71810641491241      ,2.09751794655458      ,1.60889949296971      ,624.420239053526      ,529.206461118685      ,606.179311294413      ,411.57750911919       ,577.248074021382      ,6467.63162409981      ,68641.8510771331      ,7638.61865011688      ,829.663776697569      ,2205.95145199852      ,-607.393093581761
200 ,0.215 ,0.825 ,377.709824077126 ,500 ,1.16782344137104  ,1.43045599855943  ,1.13194100447905  ,1.69510093410525  ,1.13306903186763  ,1589.52832648502  , 711.609311457655 , 902.280061899439 , 674.099609638084 , 813.392133859134 ,0.814112282973812 ,1.06726138824049  ,0.882590135130263 ,1.28434309266406  ,0.823216850270331 ,1.83389840882851 ,1.97692856808732 ,1.56412560260859  ,2.31753512623143 ,1.61605207122277 ,745.706630904649 ,517.816988620644 ,600.531155073736 ,503.569794803794 ,542.296506102118 ,6292.51315881646 ,1235.9670997633  ,1678.14020351772 ,1033.92630488354 ,1675.95171470273 ,0.81532342203386      ,1.08774392179275      ,0.885542572752765     ,1.25450280127171      ,0.831917943465106     ,1.84486179360048      ,2.07893228181577      ,1.57267810055037      ,2.28656986175952      ,1.63968774803161      ,773.50340399011       ,511.616842565771      ,594.564156801231      ,514.589819056227      ,534.922964191252      ,6513.61974939517      ,1154.67853775352      ,1645.94592189275      ,1123.74435359579      ,1646.35915328171      ,-1233.64501833001
200 ,0.215 ,0.825 ,377.709824077126 ,500 ,1.03838186851393  ,1.10230910076681  ,1.59759281495792  ,1.29528679117957  ,1.43623929097405  ,1229.2464332004   , 761.595469700668 , 667.384005191758 , 864.4103920937   , 601.515612524456 ,0.724826668620395 ,0.785392039824095 ,1.04555299548952  ,0.743656708405601 ,0.83394417812684  ,1.56460005176847 ,1.50343601194768 ,2.34079232072702  ,1.86304874127395 ,2.2082588098404  ,698.41512651357  ,548.96448651684  ,494.646176614128 ,558.504128701399 ,456.600020335798 ,4274.32720671856 ,1523.7293296659  ,1286.66992326739 ,2876.97019465079 ,1199.85101253128 ,0.76126751607685      ,0.850162117566515     ,1.08814540668225      ,0.797671508380854     ,0.923420612389766     ,1.66778148097137      ,1.64609705537564      ,2.37596491461853      ,1.98836967387811      ,2.44034225177082      ,655.535557964271      ,505.878339717374      ,486.359501985998      ,551.042995799837      ,439.998799513619      ,3801.95438308785      ,1279.69426308719      ,1220.42283011324      ,2443.78132232392      ,1047.14463665685      ,-1273.25121154101
200 ,0.215 ,0.825 ,377.709824077126 ,500 ,1.16814343772862  ,1.03443459707352  ,1.12185950704664  ,1.33104592624899  ,1.04733283654941  , 962.942570521783 ,1771.48679466392  , 735.984750135083 , 802.957486302392 ,1060.40444013609  ,0.800918704203582 ,0.666109346157824 ,0.82119624978732  ,0.930640453863784 ,0.573564081616566 ,1.76446072217951 ,1.94636522577075 ,1.66507501994748  ,2.05740319755534 ,1.64749372020497 ,638.015791468343 ,804.963716951192 ,506.869988685141 ,499.420130248169 ,646.645774358549 ,2253.06515759536 ,10806.6894848306 ,1315.90676448311 ,1770.61602436269 ,6490.08617380896 ,0.821795287684219     ,0.69635132237956      ,0.845196305576322     ,0.93381406644146      ,0.655181844859523     ,1.80226194410953      ,2.03998820001082      ,1.80533253508341      ,2.06329211450175      ,1.82703113235645      ,628.652802561794      ,767.905535503127      ,502.66035018531       ,502.856986312046      ,593.890904534786      ,2172.99180728711      ,8271.19187265752      ,1294.16315365835      ,1835.83465651401      ,3189.25194535792      ,-1238.65435301372
200 ,0.215 ,0.825 ,377.709824077126 ,500 ,0.84803197110429  ,1.26027909384498  ,1.22225019432694  ,1.3055665736312   ,1.61346842489839  ,1218.31178549042  , 603.425281662363 , 652.067100505458 , 881.608322275034 , 755.437197602883 ,0.533225180549053 ,0.951514857724992 ,0.706473699823309 ,0.777804509933547 ,1.00934123546196  ,1.2602481828037  ,1.7294267087077  ,1.71103948383867  ,2.37682015439332 ,2.84023528100128 ,654.98277389784  ,450.423076497615 ,463.11505106947  ,534.317006243567 ,499.548706401491 ,7006.39249806885 ,1060.27635574007 ,1712.31215152966 ,3080.09362166676 ,1673.64797139631 ,0.590074149459365     ,0.977982908451864     ,0.807331286392867     ,0.793128411673334     ,0.976190398415353     ,1.37860412018266      ,1.83811062891782      ,1.82404256045101      ,2.39020068548241      ,2.78734653039208      ,588.458269097123      ,432.421730316937      ,453.496613684744      ,515.070970433566      ,508.781621170306      ,4229.25973093537      ,966.708930969846      ,1513.76659429061      ,2673.10001584278      ,1740.04806141338      ,-1282.5385310846
200 ,0.215 ,0.825 ,377.709824077126 ,500 ,1.10676613858909  ,1.04665081845251  ,1.39959119853419  ,1.23721019146572  ,1.05971457383964  , 960.881874312561 ,1217.14675126142  , 579.968396658882 ,1000.63146075973  ,1215.7220217505   ,0.80543628571506  ,0.79398803858863  ,1.11268941102043  ,0.716345275909338 ,0.798718965326096 ,1.41293189178586 ,1.39925039206952 ,1.74058067815119  ,1.81923817830156 ,1.39132944405046 ,618.880666662775 ,712.312283505008 ,452.20794337669  ,611.383559301826 ,687.437222601014 ,2002.7909264849  ,2815.63082540347 ,886.096642719719 ,5353.81843970917 ,2563.77186517348 ,0.84054397421437      ,0.800187677409834     ,1.1409490816591       ,0.817646111519568     ,0.813539839413699     ,1.49468096078594      ,1.42455718593816      ,1.78598337790111      ,2.0237712063692       ,1.41820068153816      ,621.308450193155      ,713.156414431928      ,449.587167164331      ,590.347460110157      ,723.032156262139      ,2010.22910473706      ,2821.76220147709      ,867.338687349331      ,3068.37949225103      ,2834.78902594295      ,-1238.09055132153
200 ,0.215 ,0.825 ,377.709824077126 ,500 ,1.06920027853198  ,1.31341107615995  ,0.844155919406167 ,1.56147706215708  ,1.35282955538371  ,1676.97296976615  , 682.705708308362 ,1508.66595842547  , 527.563779661111 , 999.15418098098  ,0.705962182999294 ,0.931824371475341 ,0.493400206176259 ,1.01289626512323  ,0.665659110581465 ,1.77058225093891 ,1.84334052066558 ,1.2254407699318   ,2.31925248339888 ,2.62033177409734 ,812.219463116939 ,505.318042908057 ,766.284530738529 ,426.333167837745 ,597.722598332956 ,9146.34906361662 ,1218.99415682953 ,9754.98161807826 ,816.114455857455 ,3909.90976882009 ,0.704884918155037     ,0.967183101015661     ,0.538698261072064     ,1.04840174043055      ,0.715106019509562     ,1.76044078964875      ,1.92220152833797      ,1.36955123861271      ,2.33559832529313      ,2.83714101017809      ,774.72637320913       ,500.856611555078      ,705.545572052535      ,420.90030795489       ,570.857955212051      ,7158.83969001557      ,1159.42751959007      ,6721.77215126189      ,806.647287994054      ,3520.67794224945      ,-1256.91484688434
200 ,0.215 ,0.825 ,377.709824077126 ,500 ,0.962686363287636 ,1.06443373582055  ,1.9159077775747   ,2.43349556720143  ,1.54931864891871  ,1110.501309137    ,1200.35475202931  , 662.600640871948 , 614.389878277002 , 662.307264113593 ,0.683983647982487 ,0.678182836825604 ,1.45429486118528  ,1.44939487447373  ,0.799719726427907 ,1.4165763194438  ,1.4465806515428  ,2.61698025296405  ,3.99781150417557 ,2.15932423254794 ,657.944560705792 ,695.254641583322 ,520.196844630029 ,464.073834454008 ,488.424045162648 ,3276.26154487499 ,5369.64226671761 ,1135.72106583791 ,952.487865978459 ,1554.92085780575 ,0.695407581211783     ,0.730778158989418     ,1.45604437521505      ,1.52737578614361      ,0.918216804202557     ,1.5121743297706       ,1.6116508950817       ,2.63280166587065      ,4.30788992442677      ,2.34293121704184      ,625.095701859845      ,641.656828318232      ,512.497880493588      ,474.440971432379      ,488.46221080861       ,3090.41106450108      ,3910.20416232957      ,1061.58239098201      ,1103.96489088948      ,1558.40989479735      ,-1223.71503979755
200 ,0.215 ,0.825 ,377.709824077126 ,500 ,1.38241321934221  ,1.20084561288765  ,1.24320470579057  ,1.37869931537089  ,1.64063407240532  ,1017.99283414312  , 780.34443077857  , 675.250981595795 , 928.297037548415 , 558.485166340925 ,0.805045751587996 ,0.965644909256937 ,1.01202206420948  ,0.900617950325623 ,1.09467525176409  ,2.86077916040073 ,1.61464277051094 ,1.67622054239107  ,3.48944547821275 ,2.38794263931176 ,568.847176819867 ,547.447720237266 ,466.824249020024 ,521.95172320339  ,441.305577860119 ,4718.12364382016 ,1452.13014617679 ,1073.89051271145 ,2390.16770230799 ,960.331048999636 ,0.848965788270629     ,0.954041396707897     ,1.00720596662051      ,0.902780688110729     ,1.1422105515133       ,3.16844843775377      ,1.57222305648826      ,1.65212330924656      ,3.59966774540513      ,2.48757922056873      ,512.999040001365      ,544.972157810239      ,480.02789394587       ,498.341291060778      ,437.586434161521      ,3826.99563477241      ,1346.27135063573      ,1178.4345947166       ,2176.43983202155      ,917.346112734265      ,-1288.61469712458
200 ,0.215 ,0.825 ,377.709824077126 ,500 ,1.34072361721706  ,0.975279813236055 ,1.55225843097018  ,0.896715236863853 ,2.14297103203253  ,1163.01870154801  ,1107.60174260783  , 770.35243206477  ,1497.77278004854  , 598.039819102666 ,0.60706553830361  ,0.761082561649295 ,0.883827989822532 ,0.676533978572864 ,1.59822156406535  ,2.33434219403789 ,1.36320044069715 ,2.60459729392042  ,1.18888211586069 ,3.08181729522675 ,642.668327971899 ,689.465488174916 ,522.856893076265 ,813.866844152781 ,475.960584647782 ,7351.34210839977 ,2577.32359845271 ,1990.43053170097 ,3946.98123643398 ,901.64922312701  ,0.754955715147516     ,0.758537814069486     ,0.903846079697472     ,0.686739723362582     ,1.60039088598463      ,2.79599187296263      ,1.34129053941893      ,2.74822453694639      ,1.19477217001837      ,3.11340385966126      ,602.379075363771      ,677.513100313216      ,516.715846216034      ,816.096004819242      ,484.279089829839      ,4860.58696473759      ,2462.92191250468      ,1958.90088795217      ,3985.94455527718      ,931.123402695742      ,-1191.18800178206
200 ,0.215 ,0.825 ,377.709824077126 ,500 ,1.27766371921839  ,1.31934112926371  ,0.959605544327539 ,1.52057014796936  ,1.38601758848215  , 837.352035933978 , 660.062151179409 , 983.728766433691 , 901.557065244907 , 882.721096386167 ,0.856805483092254 ,0.837772947282084 ,0.677230070547065 ,0.986213658334646 ,0.644833659596918 ,1.98920278156563 ,1.72522662551284 ,1.19707871324933  ,2.50797180287107 ,2.40263195619137 ,537.487330914053 ,490.754326787732 ,676.319601951253 ,582.313757621794 ,567.721873161113 ,1908.38764123247 ,1239.05549226415 ,2429.1670950634  ,2219.41023916403 ,6356.34079941604 ,0.910204920210338     ,0.991204084138742     ,0.723714728105913     ,0.988940143338988     ,0.647359229218306     ,2.2921480849767       ,1.91980287910252      ,1.30974155644678      ,2.51585001439872      ,2.41520900027058      ,530.351808368334      ,471.881435926793      ,624.832658929422      ,568.436016671195      ,559.751331448881      ,1864.96788669968      ,1081.10389071352      ,1898.71423146147      ,2106.35207752456      ,4764.47980138181      ,-1241.18828668109
