"n","p","q","tau","B","mle.1","mle.2","mle.3","mle.4","mle.5","mle.6","mle.7","mle.8","mle.9","mle.10","coverages.1","coverages.2","coverages.3","coverages.4","coverages.5","coverages.6","coverages.7","coverages.8","coverages.9","coverages.10","lowers.1","lowers.2","lowers.3","lowers.4","lowers.5","lowers.6","lowers.7","lowers.8","lowers.9","lowers.10","uppers.1","uppers.2","uppers.3","uppers.4","uppers.5","uppers.6","uppers.7","uppers.8","uppers.9","uppers.10","convergence","bias.1","bias.2","bias.3","bias.4","bias.5","bias.6","bias.7","bias.8","bias.9","bias.10","var.1","var.2","var.3","var.4","var.5","var.6","var.7","var.8","var.9","var.10","mse.1","mse.2","mse.3","mse.4","mse.5","mse.6","mse.7","mse.8","mse.9","mse.10","loglik"
25,0,1,Inf,500,2.24512994175391,587.778857930913,1.19048770692743,576.773080713057,1.07351698407598,719.548215207845,0.478371436518604,29622.535361611,1.20542202681689,649.944787508763,FALSE,FALSE,TRUE,TRUE,TRUE,TRUE,TRUE,FALSE,TRUE,TRUE,1.5137441015394,-124.480327629865,0.539803349937373,92.1402088531826,0.308550812449051,143.320565141433,-0.466875435842018,1278.39225084279,0.520732130789856,150.560664379802,3.06987828759924,938.680264740301,1.5870889912755,1035.0184100363,1.66380381924311,1208.10710630471,1.73228129150813,2518.03779020235,1.74572094720298,1091.06337717332,0,-0.162381486387819,150.813817888344,0.0849497804349969,31.226891283047,0.104932498735868,38.2202039445959,0.257287243686959,-214.160545377417,0.07283531379539,33.17934033155,0.157278172864638,73412.8541351065,0.0712368432942176,57741.1671629904,0.119293045725547,73637.5743109959,0.314113593046038,99808.9327982465,0.0974627397454404,57450.5873465873,0.183645919986156,96157.661801165,0.0784533084901718,58716.2859021936,0.1303038750165,75098.3583005624,0.380310318810071,145673.671994599,0.102767722681113,58551.4559714241,-190.824717792543
25,0,1,Inf,500,0.768324201495344,4197.49642208302,1.58155444307352,398.420200395449,1.39865251907776,848.295828896632,1.11342261118886,737.15443787971,1.16559806009622,524.772754503463,TRUE,TRUE,TRUE,FALSE,TRUE,TRUE,TRUE,TRUE,TRUE,TRUE,0.00654172007841314,696.075136979912,0.195874137080907,137.749145140556,0.376664924039218,232.216067040603,0.503855134823592,355.810940333156,0.539828067614974,217.135161543972,1.88017369984497,1674.71958290483,2.18211798163601,603.93696631028,1.74347354749391,1338.12996353923,1.5142438188341,1300.26198505345,1.58507032870411,908.472613886776,0,0.203286905122017,33.1079004402418,0.135098994064312,34.5370178921761,0.222645377793202,79.0146878718022,0.0788920019487699,-15.6820005757053,0.0525129123192102,11.4491388618479,0.228004253432273,62204.8488771709,0.256235616766388,14115.4983407169,0.121336031996493,79435.9325681446,0.0663057688333379,57933.9673983962,0.0709591311850232,31042.3461717355,0.26932981922636,63300.9819487318,0.274487354963578,15308.3039456014,0.170906996249171,85679.2534676229,0.0725297168048226,58179.8925404526,0.0737167371452683,31173.4289524133,-189.030363394576
25,0,1,Inf,500,1.53371160633456,866.432366219837,1.10844641947728,613.570162941092,1.27526658055432,1074.97319641844,0.986955174519406,681.496904842631,1.7907335413456,565.143408419419,TRUE,TRUE,TRUE,TRUE,TRUE,TRUE,TRUE,TRUE,TRUE,TRUE,0.244084521819977,312.295080980506,0.611274334630948,174.020803987144,0.596555120247034,388.057243415809,0.240403238209106,307.209345311925,0.700892389080423,123.933250174352,2.21065012445771,1560.56802107327,1.38835347590366,1071.22415569528,1.70608565782175,1505.7615443559,1.5496061704886,1155.9289185776,2.36320948160463,971.011936344374,0,0.196903729869863,20.3723446021715,0.0569517032655894,25.9895069345814,0.167358904914945,38.6950504218892,0.0836661661155315,-17.8423614287602,0.0880607130120962,47.9495800047222,0.251183579539292,101203.021748188,0.0392197545221012,52282.4754934199,0.0799563365852524,81138.7311907991,0.111323872849973,46784.5874296187,0.179474234176981,46603.858676338,0.289954658375956,101618.054172778,0.042463251026953,52957.9299641225,0.107965339639582,82636.0381179517,0.118323900202445,47102.9372909732,0.18722892335318,48903.0208989672,-192.825359771927
25,0,1,Inf,500,0.863969693311156,1538.43436546378,2.28524490122312,621.660538922134,0.44202271492791,8749.00542977543,0.613155750589283,3102.43153880509,0.8625080172342,806.129636123668,TRUE,TRUE,FALSE,TRUE,TRUE,TRUE,TRUE,TRUE,FALSE,TRUE,0.458560180681854,230.894655833521,1.63332833428599,311.145402637794,-0.156179541716352,344.631910031567,-0.0727468339853586,315.117994843305,0.39846181013161,92.0848633502735,1.42150715521068,1650.41187990525,3.12098060781323,939.278596549512,1.16198815574241,1879.07923849881,1.4084757914454,1779.09621358159,1.27387975129284,1172.00363458243,0,0.0554034823198198,107.16170458444,-0.0118855094270676,6.28036477451451,0.13019172305972,63.3617141772609,0.127274483990473,80.6847624004046,0.0592273467404888,61.1976400008046,0.0602253196765681,130874.700537208,0.143739863646242,25625.8250481518,0.11285367274568,152924.947026244,0.1425000583997,139201.398500462,0.0497743106371081,75745.4496898874,0.0632948655297306,142358.33146665,0.143881128980583,25665.2680298528,0.129803557498938,156939.653849725,0.158698852674741,145711.429384072,0.0532821892390262,79490.6008315555,-189.91853696113
25,0,1,Inf,500,0.877159756738838,2332.36192213238,0.594655856148234,2776.96366084797,1.50190707505457,590.692855053219,0.476856823975908,201008.950895045,3.03288815766205,1130.35451664212,TRUE,TRUE,FALSE,TRUE,TRUE,TRUE,TRUE,FALSE,FALSE,FALSE,0.0596784609325062,836.599312745037,0.0557648640181373,577.310827234849,0.722810075739582,369.71122693543,0.087384746149296,1433.5761232582,1.5890838766828,917.968199576293,1.60149757818468,2265.41780553094,1.06820190503883,2049.35171380783,2.23131336162581,859.39642033656,2.49912151690147,2425.06514015672,2.8670809084572,2144.24745435646,0,0.187450775615127,-48.1978705528616,0.127782451755477,6.64690512695624,0.0822975856058367,-2.0281186254242,0.190294484474968,12.6385838020293,0.111610556277967,-20.7257187795468,0.154397840031704,132595.410744777,0.0665748841947645,140738.88748652,0.147797432252061,15574.2919961711,0.377775838154528,63848.4242238908,0.106080133647196,97668.1879939829,0.189535633310417,134918.445470607,0.0829032391714054,140783.068834287,0.154570324848611,15578.4052613299,0.413987828976122,64008.1580244118,0.118537049919873,98097.7434129118,-196.041573895539
25,0,1,Inf,500,0.645812257788836,9801.5329459343,1.35554358719935,850.348592637547,1.01007182633866,569.255562842508,1.25503082887258,1080.83473167997,0.931901733036718,1591.50321700297,TRUE,FALSE,TRUE,TRUE,TRUE,FALSE,TRUE,TRUE,TRUE,TRUE,-0.369598928262912,1369.08811210144,0.404196796566426,100.043566948021,0.271091320198558,212.483213189174,0.359119749823117,413.742834684406,0.0305917672318519,690.369436388891,1.77954912429296,2632.4729776898,2.02418989079298,1427.20613015918,1.68617851640736,818.698899908492,1.80754332887198,1728.84185285626,1.57215525006517,2037.6519815868,0,0.319544895060598,-206.282186381033,0.150394698520112,71.8768527058665,0.0703618212003152,26.3187085464049,0.178581281084656,-6.88471686136652,0.22168521637068,-125.87414930152,0.29999017900888,103668.235839157,0.170451447766515,114399.101376622,0.130059107920311,23868.6968301702,0.136259107564618,112328.840247042,0.154346645790247,117894.008541945,0.402099118968168,146220.576257296,0.193070013109471,119565.383331523,0.135009893802936,24561.3712497208,0.168150381518455,112376.239573304,0.203490980947562,133738.310004326,-196.914792888472
25,0,1,Inf,500,1.10328655237565,811.504140627035,2.09199577926249,552.916475831069,0.832099740926283,688.702200301081,1.83172444158251,530.563269425879,5.19060709475138,459.856056962484,TRUE,TRUE,TRUE,TRUE,TRUE,TRUE,TRUE,TRUE,FALSE,TRUE,0.332944059028674,278.566918243032,0.861284849966619,-86.0687942758891,0.370819089760608,238.804704630833,0.951984008888733,73.3920854608084,1.80654791106928,-201.628526248098,1.58012353847816,1336.93076227079,2.273116207371,1086.59946399656,1.17404538558257,1053.4599312534,1.98602218521559,960.420799661186,2.97905293179146,1039.52072495052,0,0.106273532124341,9.51623324173451,0.0939092385470235,138.868640854724,0.0496313347663767,5.07426669332704,0.0358845056221123,72.2590206017293,0.0267003509783354,159.088174595505,0.101025796000299,72751.9030186124,0.129461315286685,89315.0627359739,0.0419034907953876,43104.4456613006,0.0694460444592468,51103.3917444451,0.0892901988289152,100051.219639627,0.112319859630482,72842.4617137234,0.138280260371167,108599.562148812,0.0443667601860798,43130.1938437756,0.0707337422029902,56324.7578027663,0.0900031075712815,125360.266935756,-186.981048476223
25,0,1,Inf,500,2.39867215982369,594.014288584578,0.801553166968786,1546.29226087779,1.29416160647423,563.158689405567,3.36238383215226,492.768948036566,0.946605825837411,2024.32399248478,FALSE,TRUE,TRUE,TRUE,TRUE,TRUE,FALSE,FALSE,TRUE,TRUE,1.55354417894634,-131.59052520286,0.116575994307781,483.203021598805,0.188912091344922,278.459962634838,2.06248926107588,-52.8425043553783,0.183894835090729,805.892961348,2.49758650468909,1151.71673592217,1.48315832004558,1599.74011501797,1.81083068078234,1011.25143328845,3.39766178035963,794.198243454943,1.83794757427332,1830.06908613777,0,-0.0805087402973578,157.064753102193,0.131914401666566,-21.8936232400067,0.177064431085604,-24.8025962375287,-0.290907569515244,127.512329194104,0.188266564714709,-95.6110091367895,0.0578838354440229,106963.516213504,0.121295856958849,80969.3549307748,0.170856879735259,34876.6834292738,0.115784157007868,46599.684248651,0.177694126796345,68127.6898948414,0.0643654927082903,131632.852880557,0.138697266325897,81448.6856693501,0.202208692490927,35491.8522093956,0.200411371009134,62859.0783451566,0.213138426185823,77269.1549629967,-191.87291991337
25,0,1,Inf,500,1.7059601979335,578.695275734237,0.973772829138425,815.642024086392,0.633579811016293,2453.217607687,1.88219091540713,883.734666038196,1.37180178577356,1175.57519871094,TRUE,TRUE,TRUE,TRUE,TRUE,TRUE,TRUE,TRUE,TRUE,TRUE,1.10901961161741,221.13025634864,0.354284759870005,378.16206927036,0.302819000070045,513.780215119311,0.77582870928948,179.688366465967,0.209246803222352,393.642338454733,2.14265510975025,1098.93268369881,1.47758328801994,1296.55219978738,1.283665587871,1741.71603750372,2.13123296704776,1646.5873295682,2.08176174307644,1616.14887845796,0,-0.000425363268923399,-15.2979208778126,0.0682558375236232,-18.3975665938588,0.045180736016529,-4.97169463061415,0.187423955624429,74.993885357948,0.277728671140984,34.8889823609267,0.069391967224164,50045.8330515154,0.0819529795160988,54780.8521617388,0.062485110055773,97932.2440618513,0.119319674251648,139757.386649955,0.22773246694237,97068.1494641441,0.0693921481580746,50279.8594346993,0.0866118388721501,55119.3226183143,0.0645264089627683,97956.9618093514,0.154447413393556,145381.469491036,0.304865681716107,98285.3905543252,-195.259452196842
25,0,1,Inf,500,1.31895427726743,1073.34679976402,1.02036446332469,1204.05454412236,0.99823953203414,884.790241641328,2.75402144374261,828.228592517988,1.88525546848426,583.70209446727,TRUE,TRUE,TRUE,TRUE,TRUE,TRUE,TRUE,TRUE,TRUE,TRUE,0.260805528012769,437.67027888473,-0.0725787682920211,505.409650060031,0.367875301284879,309.061747547529,1.10847441014269,496.53203411349,0.917255021408708,283.209303214807,1.94718808730108,1625.05643143833,1.84241665030701,1632.22527276991,1.53366118653033,1372.86877070606,2.3018124679362,1951.07697955182,2.20429696622276,977.107316883366,0,0.205067756834427,10.1517384671896,0.205290762430043,-30.5842571420747,0.0865852978891787,10.5663783929175,0.17947914798133,37.1666764666035,0.123321182923396,-1.55689564461015,0.184708368387925,91571.0781504124,0.238182498445179,82466.9793322759,0.0882697615727634,73502.155331727,0.092491399431508,137413.265041982,0.107586993049987,31272.7200066404,0.226761153281028,91674.1359443187,0.280326795584287,83402.3761172085,0.0957667753833212,73613.8036840693,0.124704163991612,138794.626881555,0.122795107207613,31275.1439306886,-198.004361275547
25,0,0.75,311.586721566695,500,0.899752321542852,6752.81890743437,1.05654012355894,649.352157870279,2.03313344135922,409.70682236979,0.658544306389542,23819.0265710636,1.33130174304914,997.743304397799,TRUE,TRUE,TRUE,TRUE,TRUE,FALSE,TRUE,TRUE,TRUE,TRUE,0.103039382405556,788.236402313896,0.338270651869842,216.152552058532,0.984005047743477,70.5133537426407,-0.0386973439048792,917.618904219721,0.495151538616999,409.505530273205,2.32673359270466,1717.91352270676,1.61390592282789,1123.83130709673,2.56067893792081,713.010079641099,2.2762478533914,1693.44290964984,1.88845426079692,1359.96947184034,0,0.32513961618471,96.106412331193,0.0618126479647165,8.57493330421315,-0.0676441916157814,52.8763585110276,0.312029019415686,79.6114658389474,0.172482204024789,22.173081692232,0.321162254977929,56135.6368340393,0.105688420052472,53510.4630351358,0.161457461257304,26811.1971216066,0.348061346846987,39093.1615868715,0.126085556367661,58673.9948866607,0.42687802499067,65372.0793252126,0.109509223500882,53583.9925163075,0.166033197916656,29607.1064109933,0.445423455804502,45431.1470798974,0.155835667072911,59165.6404383911,-147.509000334662
25,0,0.75,311.586721566695,500,2.47405013895752,632.104459537745,0.962325841884413,5545.72566114495,2.57673625626584,466.708540678686,1.31879884883479,449.636951646765,3.03921434382944,430.086500008802,TRUE,TRUE,TRUE,TRUE,TRUE,TRUE,TRUE,TRUE,TRUE,TRUE,0.842998680501315,413.036964298115,0.560129701300636,764.522050547324,1.00210489560038,248.885892446887,0.398029418959214,294.006882201345,1.13299353538687,153.424039579102,2.17994647226325,1678.72137865126,2.52928648848776,1652.87013956464,1.87994986194885,1231.56328909822,1.61606559606469,955.290872212485,2.10877136647895,1071.84512452041,0,0.175417666989728,27.7847977015118,0.163222856339727,90.0335539777631,0.143103877125072,-6.76115802407012,0.0832435260318913,-61.1070581892452,0.155373490387297,17.2193327756619,0.116092259631394,104045.962568337,0.251845944226522,51255.5281318812,0.0500506836901668,62718.5921508537,0.096359545526294,28402.0955830073,0.0618409655845119,54784.5450113488,0.146863617523513,104817.957551651,0.278487645058221,59361.5689737479,0.0705294033383945,62764.3054086801,0.103289030152516,32136.1681435511,0.0859818870996434,55081.0504325878,-152.635594082155
25,0,0.75,311.586721566695,500,1.41845901504671,678.23684832954,1.37393473672435,522.888601519365,5.34613453353181,4216.00086901892,1.11998368651561,1689.81848865835,1.01109823317585,611.237759833594,TRUE,TRUE,TRUE,FALSE,FALSE,FALSE,TRUE,TRUE,TRUE,TRUE,0.62762354777576,93.2449174092063,0.703932295027572,-83.759705511845,2.77384969200808,1714.09896244166,0.174334733477004,655.287646269051,0.738794382395358,106.24520490971,1.90862837143965,1187.49027180459,2.32454057402431,836.257755753485,3.47980888083122,2135.69043681841,1.91051649012793,1754.78394035118,1.35979991736584,980.729879923824,0,0.0629937770912397,93.4399791115533,-0.0940318756479241,124.473293498809,-0.338813296890392,-186.812964815041,0.27335799458876,-17.0993408221307,-0.0149759810562533,44.7156617777979,0.106580044715782,77768.512276329,0.170580928620448,54975.1607530182,0.0323693187111523,11544.044906134,0.195778386438597,78516.676399055,0.0250475533306318,49668.2403459272,0.110548260668003,86499.5419726965,0.179422922258314,70468.7615474588,0.147163768860889,46443.1287291198,0.270502979644186,78809.0638556064,0.025271833339229,51667.7307541536,-146.124035650002
25,0,0.75,311.586721566695,500,1.40426650576682,534.833580513484,0.951713237424044,800.775337840358,0.645503443450407,1188.01628938558,1.85101747707054,735.141663967331,0.637449898492802,6813.10158161344,TRUE,TRUE,TRUE,TRUE,FALSE,TRUE,TRUE,TRUE,TRUE,TRUE,0.273906638615988,196.438725690516,0.260805545111756,284.3655994303,0.350066233840257,366.526236889713,0.610917781672315,198.069292118469,-0.269580801550729,635.491799822522,1.80364984105085,1138.74992833296,1.41839451593039,1315.40662664859,1.08689165758814,1304.00671403458,1.92025745886271,1586.08017118829,1.99533301713713,1516.53320704094,0,0.145551560497257,-6.74745974837824,0.113218959262045,-9.75657064642721,0.0221156729796103,-12.5328623533931,0.221250490388245,67.7060446694993,0.218036123458752,31.2979245810475,0.151988746064631,57671.7428966265,0.0870328346164969,69044.050589096,0.0352617265316131,57081.9541922899,0.111347129394411,125129.614930242,0.333179084810934,50415.8400148467,0.173174002827818,57717.2711096825,0.0998513673528775,69139.2412598747,0.0357508295229542,57239.026831059,0.16029890889145,129713.72341503,0.380718835943854,51395.4000979277,-152.920223775158
25,0,0.75,311.586721566695,500,0.914231425873142,1006.96009861378,0.872161366992119,687.174427345975,1.09401454862014,623.733609564314,1.21203261322055,1188.91524017686,0.990269787301688,884.082440044687,TRUE,TRUE,TRUE,TRUE,TRUE,TRUE,TRUE,TRUE,TRUE,TRUE,0.467673326413676,354.930273698282,0.0837546635729558,312.121892853715,0.21069780729209,223.530278081213,0.275276638041155,425.644341139709,0.26399264413463,278.260154772324,1.35532461828646,1315.46364168636,1.39988403297604,1205.90292342407,1.53463200893683,1218.80775922103,1.93811515605227,1506.51018951612,1.65021272343617,1200.92251703299,0,0.0634310777286791,25.047023704031,0.123435892785661,-41.8739965490591,0.161669607538328,-22.6908629753687,0.191514131250269,57.5028153894469,0.111874144710482,7.33375809301434,0.0511751526591532,59923.7910189358,0.112504923563061,51884.3803069936,0.113843220010624,64337.2840943573,0.17958684460197,75878.3638354492,0.124806940901668,55291.7044487186,0.0551986542809749,60551.1444153661,0.127741343190854,53637.8118939842,0.139980282012221,64852.1593569243,0.216264507070515,79184.937613162,0.13732276515637,55345.4884564855,-160.817860864713
25,0,0.75,311.586721566695,500,1.72284693795261,696.32935280708,1.57564617311066,764.861162794633,0.916925698762995,1795.10543333594,0.944252948582285,688.30112209021,17.2452438150909,352.421398777456,TRUE,TRUE,TRUE,TRUE,TRUE,TRUE,FALSE,TRUE,TRUE,TRUE,0.617071290321423,277.157780404167,0.562835265936117,306.349795586502,0.375862528613262,528.081115339122,0.678385093679518,196.12662489487,1.31110580960623,356.277475213392,1.87457018886953,1516.7280317058,1.88578543377926,1486.94304532339,1.72524072214102,1411.06035476462,1.09468282013356,1270.48942288561,2.50429815471944,1731.21441513693,0,0.176188450610924,10.2775611564607,0.162740030977776,16.077531670541,0.0926434424271913,57.5603304957338,0.0280689658855739,1.00757829276802,0.24758707681781,34.9290992888715,0.102704528836056,99796.8096674193,0.113674051566911,90526.3394330953,0.118261053350401,50637.8610900566,0.0112559575365597,74968.0632171224,0.0924688134646689,122783.477166616,0.133746898964734,99902.4379307441,0.140158369249559,90784.8264577126,0.126843860775161,53951.0527368347,0.0120438243824452,74969.0784311385,0.153768174071857,124003.519143748,-133.218722500226
25,0,0.75,311.586721566695,500,1.80659446304831,893.992236128234,1.08903106633903,1436.62105881007,2.54600441940359,629.454347596538,1.24517316299537,760.579959771003,1.73481314498902,554.971066729539,TRUE,TRUE,TRUE,TRUE,TRUE,TRUE,TRUE,TRUE,TRUE,TRUE,0.657251266065467,375.503404124885,0.227274622317003,476.055272389092,0.831659099659128,283.74732512059,0.32888025440308,199.69976249602,0.97481828540763,161.5005630187,2.09863092848722,1661.07115661095,1.88267977403628,1614.47333537181,2.18587626091317,1573.3270932324,1.76000321994473,1394.16394869987,2.02781084723145,1010.08698466364,0,0.188207417068849,51.0996943755575,0.181520632022458,31.2646518082027,0.199817236577557,57.0378226396406,0.140738882319406,22.7325315074727,0.0482211687245184,29.6721354544572,0.134937030263799,107340.671495314,0.177984823706368,84173.9919080644,0.119110759546329,108011.697107479,0.133023469209439,92666.0462341032,0.0720153332520835,46769.9089535146,0.170359062103527,109951.850260589,0.210934563556201,85151.4703607525,0.159037687579821,111265.01031895,0.152830902205954,93182.8142228414,0.074340614365242,47650.3445759423,-137.645682817036
25,0,0.75,311.586721566695,500,1.88106819638025,423.123075057947,1.40804619874724,614.466392335207,1.00826407312115,765.002293667708,1.19385494641581,950.256969538935,2.14919480354769,361.691884133805,TRUE,FALSE,TRUE,TRUE,TRUE,TRUE,TRUE,TRUE,TRUE,FALSE,0.898913370598373,-69.1642462146025,0.718318292892062,184.514397929951,0.400727519414857,300.742596461373,0.426234928539548,442.666328597446,1.04175589848208,-11.8465319653439,1.89923666168765,804.046320586373,1.895110411206,1185.85307901383,1.43081323272988,1195.08147514878,1.66354649370991,1452.0220294087,2.39657381367377,597.516308589882,0,0.00739380211958721,109.690581250947,0.00995530978619259,40.5681438070668,0.0960068966535811,-3.19369221057444,0.134382645900727,-5.93457181095697,-0.0345227259410593,73.0839423280203,0.0649912858588087,49523.6143418708,0.0899443463314694,65123.2931702696,0.068916163952971,51949.1671739266,0.0994334509883963,66170.2611141701,0.119216462134737,24117.1676311028,0.0650459541685923,61555.6379570415,0.0900434545244084,66769.0674622205,0.0781334881580224,51959.3668438625,0.117492146507677,66205.4802567495,0.120408280741139,29458.4302573082,-173.681979838895
25,0,0.75,311.586721566695,500,1.33647372359371,1044.43329038308,1.15746322748471,1308.2328862175,1.28833537791655,1510.10471435682,1.42274841062876,781.985679128909,2.11926301824895,544.848450924185,TRUE,TRUE,TRUE,TRUE,TRUE,TRUE,TRUE,TRUE,TRUE,TRUE,0.383768007184962,369.902960620033,0.211414721624696,414.926475654055,0.334936003780724,476.194242955175,0.709540680344277,277.684366304252,1.01018035165594,82.2716900677897,1.91003209001409,1645.32015258963,1.97026222064134,1690.60459595798,2.20117519378394,1611.65873895667,1.69481677690839,1439.36498437611,2.1981123615567,1073.21990586954,0,0.189513503722341,26.278388701369,0.177056674207011,14.2625285023771,0.197531180764555,63.9676197209364,0.112687216480151,10.1487230930052,0.132042281027617,55.4563428244278,0.151298191321824,105652.286756202,0.200923501972464,105695.520445241,0.226208530347279,83737.7883308972,0.0630507506203484,87649.1794882537,0.0916552904094432,63778.791821774,0.187213559414942,106342.840468942,0.232272567853712,105898.940164522,0.265227097721518,87829.6447036595,0.0757491593783929,87752.1760686722,0.109090454388419,66854.1977812344,-131.936355502477
25,0,0.75,311.586721566695,500,2.12672225167372,516.81242872435,1.42353326244461,423.972534985239,3.76852833099213,516.043207703279,0.84138219257887,705.417668983616,0.742442494386546,4557.15104056013,TRUE,TRUE,TRUE,FALSE,FALSE,TRUE,TRUE,TRUE,TRUE,TRUE,0.874337058307654,84.6548026518551,0.713113274943334,-51.4526459901896,1.26603181843074,492.706715341772,0.0575938822128477,289.244316133323,-0.045171340020204,729.813903083085,1.87082946545543,1181.92059332567,1.5500619685273,696.464512092676,2.42046115530373,1695.33773001167,1.33932712034388,1201.43562288264,1.94318820840066,1500.3049614215,0,0.113944634240305,105.622732315133,0.0370475540010421,110.570020099102,0.108168570959116,32.7701322852573,0.104966972941082,-40.5879103963139,0.209533401925212,-17.8988561515213,0.0644944518166855,78198.4323559111,0.0454958768329454,36331.3353898694,0.0865583715540795,93937.5366303059,0.106701287848645,54043.8432969298,0.256781780736092,38557.5627445118,0.0774778314888425,89354.5939376253,0.0468683980904055,48557.0647345852,0.0982588112974167,95011.4182002991,0.117719353257059,55691.221767269,0.300686027258445,38877.9317960447,-151.325332651214
25,0,0.5,175.362296728008,500,1.38856613379775,587.076936893348,1.2805218137908,526.565210108082,0.655406249640948,1860.40072333728,0.922875910303582,1845.86828243619,4.47119858081604,3074.55405745056,TRUE,TRUE,TRUE,TRUE,TRUE,TRUE,TRUE,TRUE,FALSE,FALSE,0.320013609571091,77.5690707726808,0.689314462062548,153.779188337998,0.054826917361649,368.428527508849,0.0226143108311063,611.252178780094,2.46770724338746,1246.28005711283,1.81025830023459,1308.66336866476,1.45781912858254,1047.10348324495,1.44288666591481,1509.49254355035,1.79630104177453,1513.72952549522,3.32916913733327,1571.34572092811,0,0.140811173612526,50.6634685288356,0.0474670914873511,38.2206978092903,0.103600355293529,-48.0016500774724,0.210852498013734,3.34917542195152,-0.106670633502529,-39.1159135951135,0.144241268944162,98436.6912781632,0.0383590096321516,51831.3664452708,0.125138426283775,84565.7271872404,0.204328149593337,52898.9420784966,0.048199941487167,6863.04053631837,0.164069055558299,101003.478321536,0.0406121344064202,53292.1881862999,0.135871459900721,86869.8855974005,0.248786925511969,52910.1590545036,0.0595785655389978,8393.09523269875,-100.629821890364
25,0,0.5,175.362296728008,500,2.22687835011231,313.41837529105,0.933154329295448,1155.8260054553,0.96465178729602,800.117001837708,0.572972432298951,9257.32022921325,13.6901288812579,209.667648491749,TRUE,FALSE,TRUE,TRUE,TRUE,TRUE,TRUE,TRUE,TRUE,TRUE,0.842592903469046,-21.8389427954901,0.307309483864076,477.60685214362,0.570436085975609,379.555597702912,-0.157262291365565,722.656198784549,0.584388605703558,18.6177487582806,1.80755858899514,940.831642071997,1.632406523617,1402.60825334183,1.39362409302642,1249.80142056445,1.84229828658282,1599.43106157325,2.3353180343849,1435.77031016127,0,0.0385437299830097,56.5352114838012,0.094340890857831,-23.9403825542174,0.0282037866139982,-33.1744604744123,0.158467488751143,-6.59210464098154,0.355384142314083,96.6247671228492,0.0604780956968866,60190.7523176347,0.114043289426424,55572.3995031601,0.044012135072177,49187.8978730648,0.259682988034381,49928.7332956161,0.199118518465668,130439.035863745,0.0619637148178897,63386.9824551528,0.122943493114273,56145.5414200024,0.044807588651545,50288.4427008332,0.284794933025475,49972.1891392138,0.325416407073984,139775.38148529,-106.616998076148
25,0,0.5,175.362296728008,500,1.27913571768597,899.139144995241,0.306521524590208,365673.139373358,1.04859083696945,690.013754670351,1.28949525690425,1520.30877706733,1.86717644306747,287.736696749132,TRUE,TRUE,TRUE,TRUE,TRUE,TRUE,TRUE,TRUE,TRUE,FALSE,0.246439111665703,450.57451654209,-0.545244721856331,827.815015654335,0.513789125362121,359.075126154274,0.139973777069834,467.284353905994,0.922926645687385,-84.6445510149306,1.95619188512209,1468.1112861048,1.63892241570797,1693.82450150739,1.60031861726736,1194.72678506264,2.17417792565838,1457.74412704967,2.01333466174542,518.862722581287,0,0.160976122901052,18.5451230713895,0.201211096343837,-29.9451476710611,0.0284832049096934,-19.8458900995282,0.285859213653364,100.283418741598,-0.0766209558770396,93.8162143564865,0.189863289795852,67247.2596667446,0.309846150569039,48710.1723371495,0.0766756393273927,45354.9745146237,0.268759261641153,63715.9336328953,0.0772240259226722,23655.895077335,0.215776601940107,67591.1812564776,0.350332055860928,49606.8842061912,0.0774869322893203,45748.8338684663,0.350474751671673,73772.6977073981,0.0830947968021835,32457.3771535172,-112.184439813831
25,0,0.5,175.362296728008,500,0.891698811425668,1251.24936340616,0.60771036362351,6967.33884133079,1.53103732730343,362.535963651857,1.55117000782056,413.840705723844,1.31079353361034,848.87865076767,TRUE,TRUE,TRUE,TRUE,TRUE,FALSE,TRUE,FALSE,TRUE,TRUE,-0.16015279543743,275.171428745531,-0.279290333084902,876.960768090511,0.613949767168764,-76.4720993455963,0.752443811809706,33.9164389442844,0.0843490385954795,340.733179142888,1.45193491033903,1373.49980426015,1.84651179849223,1845.20636810969,1.71744320731479,771.993473658727,1.59044383039482,924.858160684872,2.13762483987915,1326.71407450354,0,0.26048068590346,35.3074945078426,0.218617751620552,-135.993862454015,0.0447460665367956,86.0052783650198,0.0258171699792917,83.9788037162208,0.218134402700585,6.61691509954366,0.168791938078405,78349.9593653147,0.293508068400803,60889.9240200314,0.079088598474214,46756.5887369442,0.0456102470310823,51555.257664578,0.273822382947252,63140.9872297458,0.236642125807142,79596.578533736,0.341301789724428,79384.2546451931,0.0810908089447294,54153.4966435887,0.046276773296822,58607.6971381856,0.321405000588793,63184.7707951804,-122.899389200884
25,0,0.5,175.362296728008,500,0.709555802059127,12842.637388562,0.654623782571348,6468.60613812049,1.82635136279907,360.400242793675,2.26471717301487,631.337926271608,8.22110901791409,5929.09556432892,TRUE,TRUE,TRUE,TRUE,TRUE,FALSE,TRUE,TRUE,FALSE,FALSE,-0.560257815626858,754.647443445994,-0.211655176950618,800.489539373364,0.8942293418262,-150.086112873691,0.648902629751908,382.210617457743,2.36448785205532,1221.64897275423,2.17091189854492,1545.01147634597,1.81974788457009,1641.81532593807,2.03974075642908,693.487392553456,2.37198485173867,1692.93270336459,3.16209767407628,1538.79082931371,0,0.475183800544298,119.880888500598,0.208824563885698,14.9979023173765,0.0032011807561185,112.903621265422,0.188946440968465,39.4053757939314,-0.0216036229686088,-8.52246708744221,0.484475415400183,40572.213772961,0.268019611415151,45972.9918992593,0.0852262167388586,46218.9665235173,0.192835225974384,111582.375455559,0.0413195282679883,6532.53125654329,0.710275059699906,54943.6412006538,0.311627309897203,46197.9289731808,0.085236464297092,58966.1942183632,0.228535983529034,113135.15909702,0.0417862447933581,6605.16370179982,-71.6216683864039
25,0,0.5,175.362296728008,500,2.53646132096407,526.780259315716,0.975805024261054,3637.89896103664,1.07233165965516,512.229414416452,1.0381162966595,1535.78114601071,5.52748758196719,232.820421279199,TRUE,TRUE,TRUE,TRUE,TRUE,TRUE,TRUE,TRUE,FALSE,FALSE,0.431097562664427,318.265688992392,0.017648524603274,580.52816406531,0.223291548298843,126.302641840574,0.079822525384099,542.146684437096,1.39669279612343,-137.4421891575,2.22048361435121,1565.51240358472,2.21521294799626,1427.13985804225,1.64909088138423,1080.42852886301,1.86132461181974,1426.9518642618,2.36621538182315,785.719339832197,0,0.281749382569966,99.4605785459879,0.306041039515199,104.742792685497,0.0813751390916122,-13.4808922898481,0.212238586561086,40.353137208693,-0.0243589845451392,113.004019023844,0.207961271110922,101036.68884616,0.313658888532727,46552.4876776175,0.132035642281314,59126.9839322138,0.206132769635826,50847.5088697524,0.0610506411678777,55351.5470221608,0.28734398568948,110929.095530863,0.407320006400271,57523.5402971744,0.138657555543494,59308.7183891443,0.251177987261273,52475.884552336,0.061644001295948,68121.4553377022,-99.5189884056269
25,0,0.5,175.362296728008,500,0.426771273899281,106168.510513803,0.658989416670031,2891.17886279773,0.837472230201039,2458.14810026287,1.93999190654716,417.590290593674,1.04417843969315,1409.2451874754,TRUE,FALSE,TRUE,TRUE,TRUE,FALSE,TRUE,FALSE,TRUE,TRUE,-1.37552972572332,2180.60478266218,-0.026585906865584,816.226122776213,-0.32598656685613,884.916627480502,1.12944920370827,-447.274842460352,-0.0842933242713264,685.269086184123,1.83655456901846,3209.40273886436,1.40005427397044,1790.97296014252,1.68123569342786,1827.74302133568,2.49080549473993,755.93902285335,1.99319449757675,1589.69163394175,0,0.54383665697265,-596.87798062953,0.149936930829504,-124.078439450206,0.315596174635402,-158.380631694219,-0.162981295425253,283.976025821316,0.249399079918943,-100.089839273078,0.670113297194813,68743.9611825344,0.132191421018387,61710.3539580805,0.261676846444021,57734.8220520402,0.120369920358472,94028.6116493305,0.280318229328884,53127.2247541044,0.965871606662001,425007.28494292,0.154672504244959,77105.813094479,0.36127779188852,82819.2465479,0.146932823016966,174670.994890599,0.3425181303933,63145.200679815,-87.3079234473236
25,0,0.5,175.362296728008,500,4.47943000454459,321.04313996991,2.00593541557179,415.975570852001,1.37871730585362,525.504710483484,0.964337990295279,1213.7755820242,6.10267825860645,271.711769871836,TRUE,TRUE,TRUE,TRUE,TRUE,TRUE,TRUE,TRUE,TRUE,TRUE,0.567111420982393,213.32472722657,0.69508339932117,130.062280558337,0.582902205599462,183.554038488703,0.198177625451962,459.462022911553,0.584534182042831,63.421396399867,2.22681097390543,1649.45919668696,1.85994545356387,1244.36394913038,1.64883117661887,1149.49635566151,1.67606479233116,1463.26627703653,2.3482728995372,1428.60910145512,0,0.285822110711681,76.3272678052451,0.11367317219844,17.1865541908558,0.0762010037808846,4.60609568807761,0.119249121963961,-3.12338938326744,0.37138611781981,113.564624383029,0.178909467020152,133956.743129399,0.0881299176571031,80645.4611389902,0.0737956734045555,60600.5761384614,0.141859009741792,65444.3911529751,0.202042561170846,121048.414281704,0.260603745991833,139782.594940012,0.101051507734759,80940.8387839454,0.0796022663817699,60621.7922559491,0.156079362830968,65454.1467142146,0.339970209680116,133945.338192963,-94.3976266459789
25,0,0.5,175.362296728008,500,3.57709861540477,288.511149722321,1.07084304757146,452.310337625253,1.35166525566644,1331.82971559941,1.76535304458733,287.378541965826,1.50729169429459,1059.07147154012,TRUE,TRUE,TRUE,TRUE,TRUE,TRUE,TRUE,FALSE,TRUE,TRUE,0.670553004312293,151.206294030424,0.570385387183359,212.747224170099,0.255378801072484,433.067317511414,0.735250308950258,60.7748577595241,0.282307698912049,425.549183047919,1.81024830713129,1279.59793577414,1.32386293140038,1034.23833180114,2.15235913130171,1353.66447094226,1.51366684860191,749.731176655844,2.21564382865896,1231.86721725672,0,0.192488967211391,78.8531479438572,0.00181819495915532,-11.1177781328255,0.263299210106329,85.9392523667159,0.00727924283424395,27.0800772236845,0.285536953285561,79.4043529847136,0.0843629746541778,82697.8252973407,0.0368735537244189,43830.8710358211,0.233722231069049,55044.4609812539,0.0393548696479046,30828.8797198975,0.242766692780112,42226.69726735,0.121414977152286,88915.6442379965,0.0368768595573284,43954.4760264318,0.303048705111666,62430.016078604,0.0394078570241445,31562.2103023382,0.324298044471713,48531.748540271,-118.332264020781
25,0,0.5,175.362296728008,500,0.361822041511714,770895.469325295,1.74450668971265,581.596299680411,1.00272627272699,772.131225958029,0.699125813881226,2421.81620040179,1.61243173239483,502.592328196025,TRUE,FALSE,TRUE,TRUE,TRUE,TRUE,TRUE,TRUE,TRUE,TRUE,-1.15857059228817,1637.28427024925,0.409003460396003,43.4414896104348,0.362699715516592,218.699260646607,-0.282348500328289,813.370058041187,0.55505002510329,-105.95644310717,1.91648134702918,2438.63722971957,2.04234835510765,1240.07069286704,1.48025210789175,1212.30113375385,1.37703124697146,1832.95495099103,2.42685277137874,972.261755111571,0,0.57439937355237,-308.441517258765,0.168206144075959,140.779320158162,0.0909479401454952,27.6106763805168,0.259778114783685,-151.078959737571,0.00407781833105426,124.032908253942,0.614156820437763,41708.258661272,0.173272709552912,93002.2729573432,0.0811166773602692,64120.8352651107,0.178840525938563,67518.2460394184,0.227559268049799,75507.0813042378,0.944091460775118,136844.428230161,0.201566016457815,112821.089941537,0.0893882051769778,64883.1847153004,0.246325194859129,90343.098114805,0.22757589665214,90891.2436341685,-102.246330753188
