"n","p","q","tau","B","shape.1","shape.2","shape.3","shape.4","shape.5","scale.1","scale.2","scale.3","scale.4","scale.5","shape.mle.1","shape.mle.2","shape.mle.3","shape.mle.4","shape.mle.5","scale.mle.1","scale.mle.2","scale.mle.3","scale.mle.4","scale.mle.5","shape.lower.1","shape.lower.2","shape.lower.3","shape.lower.4","shape.lower.5","shape.upper.1","shape.upper.2","shape.upper.3","shape.upper.4","shape.upper.5","scale.lower.1","scale.lower.2","scale.lower.3","scale.lower.4","scale.lower.5","scale.upper.1","scale.upper.2","scale.upper.3","scale.upper.4","scale.upper.5","convergence","loglik"
1000,0.215,0.825,377.709824077126,1000,1.2576,1.1635,1.1308,1.1802,1.2034,994.3661,908.9458,840.1141,940.1342,923.1631,1.36836670993213,1.16463782274059,1.06939365218439,1.13570981517051,1.21963764504354,773.168659905815,892.314311333308,957.736993295748,915.943668638488,1064.99289121409,1.12541407231381,1.00073447556761,0.936108041740252,0.942732594791211,0.967249516540889,1.60863312619199,1.37712774847486,1.21759053721159,1.374612795043,1.56710805328793,642.598428410094,711.449537855974,772.864063510553,713.386397977553,777.669049415872,1043.63435323761,1222.82361657772,1291.56468318396,1278.32189218269,1750.15342029759,0,-6227.17260199232
1000,0.215,0.825,377.709824077126,1000,1.2576,1.1635,1.1308,1.1802,1.2034,994.3661,908.9458,840.1141,940.1342,923.1631,0.995111872579587,1.11524943579028,1.22756917073305,1.50242686583119,1.3093673741742,1675.80842822688,847.579973823193,700.743624460849,691.464773777591,763.994757481909,0.815273944852313,0.963367822432135,1.06390331555503,1.29105353505926,1.14155692069247,1.2221377206592,1.2804682238836,1.37779764013911,1.73887290967955,1.50881009501204,1132.64498214926,692.15819260977,593.640547615548,594.501422902219,639.170005737704,2985.6119109048,1150.40689653673,868.191229614676,867.798464183055,978.110049401682,0,-6274.32901549429
1000,0.215,0.825,377.709824077126,1000,1.2576,1.1635,1.1308,1.1802,1.2034,994.3661,908.9458,840.1141,940.1342,923.1631,1.36524381589407,1.34551616729317,1.12013095706736,1.06054780202255,1.11290291314062,772.860626837502,763.643690908308,801.969818207661,1177.68270912448,1051.1406117363,1.11745161955328,1.13921397997661,0.944540735186758,0.869721879901113,0.934180202723422,1.72616443216472,1.57254009139422,1.2952826747108,1.27144497581395,1.30568059662857,621.922351086842,635.524684972995,653.659926451929,868.783404018441,821.611882442919,1039.70632852262,993.535317959248,1069.92775662136,1874.91759206071,1555.09830853691,0,-6253.71611986395
1000,0.215,0.825,377.709824077126,1000,1.2576,1.1635,1.1308,1.1802,1.2034,994.3661,908.9458,840.1141,940.1342,923.1631,1.3512493137143,1.08284202298894,1.0775943515506,1.16220310730994,1.1800952426723,965.787100802113,926.56169838486,780.508423503023,945.557248593159,899.24316437665,1.07613549993148,0.915027575854171,0.928642902672925,1.00243727519328,1.01042755611523,1.73631922283782,1.2607673850729,1.22904590297025,1.38189084965056,1.38273209753882,718.664204949415,720.836205585481,655.83002837994,742.766756109709,720.266850379979,1464.80312228844,1346.2071638789,1046.06693090327,1289.68687547302,1230.09327003151,0,-6222.62855171482
1000,0.215,0.825,377.709824077126,1000,1.2576,1.1635,1.1308,1.1802,1.2034,994.3661,908.9458,840.1141,940.1342,923.1631,1.40578471977497,1.28310834346468,1.19461881490769,1.04043610821981,1.31869677592215,846.070180353063,735.688915989476,1004.46562274408,943.286988293465,892.205346544914,1.18780762060268,1.12143484816896,1.00642750642304,0.914329686855899,1.11397942653897,1.70595177151475,1.4493798716538,1.43788726409253,1.19331243852861,1.54008341840175,684.152253047451,623.142506845844,761.297506991544,770.813934172263,722.131613489891,1144.57442467753,941.879105085837,1405.41920821773,1229.08140838025,1184.17022981443,0,-6179.54076209992
1000,0.215,0.825,377.709824077126,1000,1.2576,1.1635,1.1308,1.1802,1.2034,994.3661,908.9458,840.1141,940.1342,923.1631,1.18991247758898,1.18713533702236,1.08564794361201,1.15814324866748,1.26373723630657,1131.19920788761,881.745908370642,870.161146521259,931.869054579094,754.818493099086,0.975644020214553,0.975166887569629,0.937851634661202,0.935844531357456,1.08847298612247,1.50686217763125,1.44936553733644,1.29498782350399,1.41838407398054,1.48451800775157,820.830965591606,688.754578767859,682.297454652544,732.356732933691,622.996465785149,1810.21698768729,1250.92361966399,1162.54085370253,1334.34206455188,962.39206494285,0,-6295.37315446456
1000,0.215,0.825,377.709824077126,1000,1.2576,1.1635,1.1308,1.1802,1.2034,994.3661,908.9458,840.1141,940.1342,923.1631,1.30211823187851,1.04159036675812,1.1608175520541,1.22370507994254,1.1290583115294,1052.49870825294,1123.86312338799,765.132295866142,802.536688737341,1027.17886945436,1.10998095159025,0.880044140829583,1.02202301051302,1.04937512195479,0.992345923675938,1.52798316175631,1.24429778053621,1.30859645368051,1.44093869816938,1.34654136203087,813.358926016307,853.407206714418,642.499542138029,644.646039418908,798.080340826029,1538.74943590072,1606.92546039166,948.401241908062,1019.40881762274,1391.34163299584,0,-6165.45110330067
1000,0.215,0.825,377.709824077126,1000,1.2576,1.1635,1.1308,1.1802,1.2034,994.3661,908.9458,840.1141,940.1342,923.1631,1.60099947394952,1.08565858452432,1.07594706771974,1.16204578118907,1.50149540259236,720.825822355622,928.89053248784,979.012746120391,899.862314317624,725.3123061247,1.29235526958963,0.865325606636315,0.83061398317884,1.01059521330638,1.29102361355936,2.0348198169466,1.28105406904505,1.32835213126006,1.34839947531494,1.78321197181349,595.74475863791,728.932596509136,751.728575722341,724.765614284335,604.111032163657,972.453843597268,1414.6029366958,1677.02817987211,1212.18172715709,918.942592592387,0,-6279.99200628367
1000,0.215,0.825,377.709824077126,1000,1.2576,1.1635,1.1308,1.1802,1.2034,994.3661,908.9458,840.1141,940.1342,923.1631,1.32236363694597,1.24633407487491,1.11668785123283,1.24800400778598,1.11427778089771,867.9386842486,849.644288720472,949.713208754046,855.512309447762,1110.07664541841,1.14641466400354,0.993325230541592,0.918429954417791,1.07868751561505,0.944910001380309,1.54020692705707,1.52835227675083,1.36570974405627,1.42301540170593,1.30926605590045,710.515878945611,677.974236590415,742.044923933835,727.44801671856,855.075282788617,1143.77394046418,1214.99769472209,1431.41174565206,1153.17852776907,1614.93873536687,0,-6149.52089251197
1000,0.215,0.825,377.709824077126,1000,1.2576,1.1635,1.1308,1.1802,1.2034,994.3661,908.9458,840.1141,940.1342,923.1631,1.37410097965025,1.22728764770718,1.07822881499092,1.30556816321509,1.26024202883065,963.405840228783,869.697988429746,823.438557333201,855.978949167128,755.922147182284,1.14802207608273,1.02016947394358,0.930787607869492,1.12038150809295,1.09676702895865,1.68101954029986,1.51757090767224,1.25720670711654,1.55205802246537,1.44949071025423,746.591988638001,672.72538635921,660.392845547668,693.87452139717,625.216728401307,1414.99844248555,1199.62104940509,1106.35835973619,1168.85377595379,981.772564002147,0,-6290.69034822757
1000,0.215,0.825,377.709824077126,1000,1.2576,1.1635,1.1308,1.1802,1.2034,994.3661,908.9458,840.1141,940.1342,923.1631,1.10768170131762,1.19513161135813,1.05506969320213,1.10520524251151,1.30975517806118,1113.57640430506,862.685649479746,891.486500683913,1036.58084299039,907.470969189106,0.940531204650899,1.03388782736624,0.945465653371229,0.904249018879713,1.12409272522987,1.31058249507365,1.40143440554482,1.19464673785689,1.31742435606026,1.56435114227101,855.253351401889,692.10228371575,727.222963429152,795.181385073022,731.069762132515,1559.4516670021,1138.4142240556,1131.7246612908,1632.44869917097,1227.42447599037,0,-6185.65632505329
1000,0.215,0.825,377.709824077126,1000,1.2576,1.1635,1.1308,1.1802,1.2034,994.3661,908.9458,840.1141,940.1342,923.1631,1.30712797213287,1.10872834463208,1.163080228536,1.06564414168941,1.30731584826053,1103.07331386199,866.973894572125,838.083555233307,987.661457981818,776.267070164284,1.03103929749187,0.982405412160149,0.995230512829329,0.926691224885801,1.13775789993928,1.64448697953632,1.26983876091245,1.37445698032557,1.22754716209835,1.54291392327246,816.459811434409,712.505631337046,683.872767820045,779.498162745502,639.856397952899,1775.85056809116,1147.08811513796,1163.97473928128,1304.98966537834,975.101970327767,0,-6210.3904522311
1000,0.215,0.825,377.709824077126,1000,1.2576,1.1635,1.1308,1.1802,1.2034,994.3661,908.9458,840.1141,940.1342,923.1631,1.50302023007792,1.28214075749333,1.0957491415624,1.08468235418965,1.06595220349452,882.898268833302,747.471138874153,786.977113698797,1205.43317447629,1032.63223603964,1.20068956832516,1.11625953056548,0.952937273021426,0.866643972493353,0.930862313972833,1.87610932944017,1.49024406336512,1.28479904803417,1.33052200226253,1.23483419148617,696.967012863498,634.407843324346,641.337208859424,867.60957915287,801.320053506346,1259.56917065987,955.841052905613,1008.48308932753,1993.30093291027,1425.79035721873,0,-6206.40365776513
1000,0.215,0.825,377.709824077126,1000,1.2576,1.1635,1.1308,1.1802,1.2034,994.3661,908.9458,840.1141,940.1342,923.1631,1.19688887216126,1.12047664720847,1.05143183236291,1.19372623631495,1.24244858987296,1078.11639528436,821.198976569344,921.16632339123,1037.89594310083,943.277609898585,1.03365250904811,0.975133853596771,0.916575645110766,1.0121128932606,1.04886114212924,1.41944123012564,1.3081021106383,1.19997413266928,1.43935591060553,1.52818611836299,833.76267510787,672.402502399429,748.229843310825,793.603745298291,733.100376848731,1525.59557809429,1060.54389630295,1236.50905694241,1465.18569125062,1275.25301395826,0,-6162.66180191671
1000,0.215,0.825,377.709824077126,1000,1.2576,1.1635,1.1308,1.1802,1.2034,994.3661,908.9458,840.1141,940.1342,923.1631,1.49521607890867,1.09439839529371,1.25671534319257,1.36794756927728,1.19806997720303,895.632526440715,911.249190053902,810.222754264505,825.958802150198,884.285735007169,1.28174674323048,0.945298117822156,1.1004532447298,1.15654942723032,1.02100811929809,1.75472748854956,1.2487767896715,1.43487423407928,1.61699027411794,1.38199272393661,739.390840405014,736.087163753566,672.677455887307,682.811545744319,723.570052630751,1204.76780922852,1255.88222788714,1030.71910363819,1104.66285529967,1180.01765357764,0,-6168.10345939125
1000,0.215,0.825,377.709824077126,1000,1.2576,1.1635,1.1308,1.1802,1.2034,994.3661,908.9458,840.1141,940.1342,923.1631,1.39505811122767,1.13812891593096,1.15281987486533,1.31008142303455,1.1667433227289,858.64100139672,1030.8426523486,790.095862491148,789.203389636516,854.684850133195,1.11408726837678,0.956624894792903,0.998316733213829,1.09265274078147,0.972534012661542,1.70195655139685,1.33995606522178,1.35882600268149,1.53646162506612,1.40038311319061,679.873867808868,797.737408179588,643.407204287847,656.183911222971,679.419231594199,1243.0077467839,1536.09656977182,1024.94079871458,1067.39668185674,1147.26573029649,0,-6282.60548688019
1000,0.215,0.825,377.709824077126,1000,1.2576,1.1635,1.1308,1.1802,1.2034,994.3661,908.9458,840.1141,940.1342,923.1631,1.15073307623663,1.12677285583787,1.10627092781217,1.25766942076689,1.16424716600481,1074.02528290826,1012.63589399308,687.252675088789,792.013550718959,1044.92683399063,0.984768810928779,0.941046265767762,0.983964335899754,1.08307536697791,0.968954142682321,1.4285825154194,1.35869470180442,1.25118455182594,1.45895690355888,1.3875874593721,808.690284765191,762.125394971618,578.898595508533,647.028801044868,814.356637488787,1544.10969130777,1502.18827175023,839.970944049117,1034.09261358753,1585.14542825452,0,-6245.44243241126
1000,0.215,0.825,377.709824077126,1000,1.2576,1.1635,1.1308,1.1802,1.2034,994.3661,908.9458,840.1141,940.1342,923.1631,1.21288964950186,1.218787037564,1.08082279310043,1.20038655145028,1.17048948950462,954.690917908831,868.462058697982,965.877588930822,992.643730844666,955.700017535294,1.03701865774287,1.00920238916645,0.932523340504806,0.989351989308821,0.992533054368514,1.45202089434684,1.43489117751848,1.27427271551139,1.39248859800676,1.3804015712022,765.843727252863,690.666063465727,754.329336621577,807.619142299208,758.136258846608,1280.21609041135,1176.80627170619,1311.26876073872,1423.02874509164,1376.04845999936,0,-6179.28739049565
1000,0.215,0.825,377.709824077126,1000,1.2576,1.1635,1.1308,1.1802,1.2034,994.3661,908.9458,840.1141,940.1342,923.1631,1.34402760015333,1.08181644827356,1.21538007371049,1.18893755024168,1.13011196238629,980.39230643484,1109.56603347746,727.886820261791,959.380417895558,1032.85928836733,1.13526394902062,0.93067716069432,1.07629745530652,1.03773073723046,0.937409005533091,1.61755081003769,1.2725224053074,1.40779359641155,1.39672312915826,1.3422313387376,769.14040395574,861.703398809203,616.22312890061,757.715838450904,803.704744068682,1298.96126054438,1543.65627287315,892.910778751406,1314.56133022339,1524.4788425623,0,-6166.71727524743
1000,0.215,0.825,377.709824077126,1000,1.2576,1.1635,1.1308,1.1802,1.2034,994.3661,908.9458,840.1141,940.1342,923.1631,1.23049706816382,1.05326051118669,1.1463583692803,1.06596503118251,1.16515638909981,1111.78744394285,1084.38074623769,876.545965987084,1189.00285582165,946.307823910944,1.01647182362324,0.912970927239981,0.991318811500226,0.917896026626451,1.00680842356505,1.52620925424242,1.22655877592863,1.32555067094118,1.22017534676543,1.36422282018953,833.492115936401,839.590312592497,707.61514549093,918.963480646619,749.806982259233,1686.98896509654,1528.83501443908,1142.86113174676,1743.51528646895,1275.12315152436,0,-6064.52090122057
1000,0.215,0.825,377.709824077126,1000,1.2576,1.1635,1.1308,1.1802,1.2034,994.3661,908.9458,840.1141,940.1342,923.1631,1.40724476621017,1.36630114731864,1.11685609942656,1.07589925134384,1.15443997861652,815.611007482467,818.92827324676,881.512863977542,1144.74920438887,897.403022475172,1.20454819957585,1.16284369092693,0.945267614770164,0.914323464374579,1.00494113056053,1.63264859296515,1.60197847904148,1.31677331624595,1.28253342122153,1.33778137170829,683.63969916521,670.98185018265,703.485796878071,868.599509115068,714.82951806919,1088.33929708561,1049.87518909382,1213.23014678542,1722.10565998393,1196.60345622925,0,-6198.22755062279
1000,0.215,0.825,377.709824077126,1000,1.2576,1.1635,1.1308,1.1802,1.2034,994.3661,908.9458,840.1141,940.1342,923.1631,1.32165729632195,1.33352886069398,1.02842593453175,1.26468964916412,1.26955223706023,939.375170189465,682.776148779777,961.702033758997,826.635746057713,900.291277219564,1.08729404793064,1.18540140395987,0.887500121827102,1.09469286781065,1.07970244788925,1.64523779939825,1.52852241330248,1.18649143217494,1.45623817552942,1.51475482370054,703.309675520133,583.742866336153,748.341253099517,683.114453251521,714.024949937773,1342.03084486129,840.24921851407,1300.9002552902,1080.05803685321,1274.01815331668,0,-6297.5027236941
1000,0.215,0.825,377.709824077126,1000,1.2576,1.1635,1.1308,1.1802,1.2034,994.3661,908.9458,840.1141,940.1342,923.1631,1.37161185579399,1.04586938043672,1.22248211409474,1.15633483995374,1.34948723639541,875.632706598893,1113.62087123698,731.229322423862,884.295578220131,862.046132975361,1.17666627024897,0.895229850674865,1.07930220810104,1.00240280777203,1.09671450112095,1.59390083763593,1.2141400704635,1.4077877720683,1.33586321599255,1.62691486674073,710.875079311203,843.277104629718,616.64881683142,714.902235664226,685.880735549474,1138.66206591157,1594.52236418938,920.321080302971,1181.94505721779,1223.44033949091,0,-6215.27305163376
1000,0.215,0.825,377.709824077126,1000,1.2576,1.1635,1.1308,1.1802,1.2034,994.3661,908.9458,840.1141,940.1342,923.1631,1.29042245896097,1.23027665177375,1.10625985233242,1.07165141430396,1.22868346707129,923.322248709244,843.970251945005,856.08536471185,1112.81878360955,812.286992559418,1.07755950927042,1.07158718999519,0.954266963603655,0.903670753802493,1.05837932149612,1.58780818709395,1.44617329009777,1.2773026466165,1.26096990781544,1.4581664972713,709.94632035882,674.542150861629,710.963633044005,856.279212909077,663.636356329622,1282.76271405072,1076.39872105995,1165.39550684645,1634.50835269102,1058.34061728171,0,-6234.39767359982
1000,0.215,0.825,377.709824077126,1000,1.2576,1.1635,1.1308,1.1802,1.2034,994.3661,908.9458,840.1141,940.1342,923.1631,1.56220656832385,1.24137740315302,1.15925094131589,1.07420598814591,1.27975634268277,769.319889427833,812.704605210774,801.312767954542,973.514183539187,888.868544407901,1.24779457363888,1.02548914640916,0.985135347456421,0.897488214157801,1.05289914833132,2.01737331422147,1.52421299300888,1.36545258030591,1.27139371836222,1.57938196023049,609.26170467613,645.900101644515,655.352099838714,768.953437709753,696.364185411223,1051.23818947927,1130.31878322298,1054.11165537576,1363.80893103179,1288.12198758853,0,-6343.47926058913
1000,0.215,0.825,377.709824077126,1000,1.2576,1.1635,1.1308,1.1802,1.2034,994.3661,908.9458,840.1141,940.1342,923.1631,1.30966485341028,1.16433451023119,1.24493591428335,1.17892389138073,1.17932284272451,896.439483760226,852.598349164172,688.802040185989,924.723691401022,988.345064927539,1.1196440633118,1.00300246186495,1.09110746675677,1.0137478264445,1.01598175820726,1.57396367204594,1.37653608867523,1.43064769943144,1.34791732751704,1.38597440651675,710.326595006946,685.173383276762,589.299844882357,737.873953252771,768.423560727862,1205.27952273769,1148.44389564769,854.475179462176,1300.49958261034,1339.05607497495,0,-6271.22139145987
1000,0.215,0.825,377.709824077126,1000,1.2576,1.1635,1.1308,1.1802,1.2034,994.3661,908.9458,840.1141,940.1342,923.1631,1.20370351136126,1.03693686545076,1.15581370141144,1.09507435474334,1.12308936993957,1055.49132922233,937.666688908803,812.614985115526,1177.9629989281,1009.62902614058,1.02605329522,0.885152730057178,0.956781849293312,0.912898655664914,0.953753885463513,1.44291584358248,1.20969995092528,1.37859793426675,1.35692846353391,1.28273544885207,795.079204099893,749.168769037967,665.993651256669,852.899696557133,814.920150910747,1492.23520679851,1324.80322185386,1158.69643454017,1795.46288799768,1428.61677821697,0,-6134.43203019073
1000,0.215,0.825,377.709824077126,1000,1.2576,1.1635,1.1308,1.1802,1.2034,994.3661,908.9458,840.1141,940.1342,923.1631,1.24970890678236,1.12959997479597,1.19533302595149,1.05649810474347,1.22085899432894,949.895581457495,1104.36663092602,718.626651820921,1084.16317656112,823.590006071323,1.05871799617328,0.959280163688588,1.05971641618296,0.884971254333517,1.06463586070469,1.48600951900466,1.31786095067012,1.37615570149296,1.30388856041851,1.40207833684126,735.681600536832,864.300321164962,600.141266191839,805.915455364588,671.48534283202,1318.06071711498,1539.36698450351,883.708302846153,1633.31040223294,1069.82166687139,0,-6181.69593480204
1000,0.215,0.825,377.709824077126,1000,1.2576,1.1635,1.1308,1.1802,1.2034,994.3661,908.9458,840.1141,940.1342,923.1631,1.35467358128411,1.17129825336333,1.09143272444184,1.38094125900014,1.2262660380532,998.590653373649,750.086887581301,846.508604970645,791.657783316685,918.486897018396,1.0979098512398,1.01294686291614,0.952077390988139,1.14236668970382,1.0272318814924,1.61304011313674,1.37895756758688,1.28251074948606,1.66026527764371,1.45850816210124,776.495052923553,614.762436157205,677.003754563893,635.673586555685,710.832046514682,1513.60541780116,961.153439798171,1088.84216201368,1054.71260699596,1298.13169674297,0,-6255.37757916707
1000,0.215,0.825,377.709824077126,1000,1.2576,1.1635,1.1308,1.1802,1.2034,994.3661,908.9458,840.1141,940.1342,923.1631,1.37524581445481,1.28244204183614,1.08399389071724,1.18632458244614,1.09300278952642,1014.91804598002,769.849711924475,988.621088050367,1007.3812620249,964.262523275818,1.15415076774417,1.10034140634684,0.956003874148768,1.01715853696042,0.922739263846195,1.71586866083096,1.52081728742013,1.23996249814302,1.39719922990504,1.29377029561746,777.399661030706,635.133736966086,790.35107207075,800.917437439671,762.838846958625,1379.21585227857,972.663346623329,1337.71653592087,1365.66185408195,1358.64368125582,0,-6151.54255630881
1000,0.215,0.825,377.709824077126,1000,1.2576,1.1635,1.1308,1.1802,1.2034,994.3661,908.9458,840.1141,940.1342,923.1631,1.16647975364617,1.1429855634532,1.22291586782173,1.21136547652219,1.13938359788038,1092.22793618125,902.304814789341,826.933700823908,892.842639641852,987.58943955683,0.980367822896503,0.979099064616505,1.06328973410882,1.04621421170064,0.984711924595578,1.36238934822423,1.36248744425287,1.46028079856623,1.41258557990412,1.34380493030272,847.657014600579,713.865029642346,676.617657470757,729.245962428216,776.352494823884,1567.06653451941,1213.39457229308,1068.63221312675,1161.32881678681,1360.10417516241,0,-6169.2654520399
1000,0.215,0.825,377.709824077126,1000,1.2576,1.1635,1.1308,1.1802,1.2034,994.3661,908.9458,840.1141,940.1342,923.1631,1.06965776446082,1.22034877912474,1.25820997023296,1.2274535763286,1.09148749227296,1346.80616549116,889.63498500884,777.215795733995,818.900706566039,987.555942463654,0.894829080202216,1.01532595625825,1.04018241527055,1.05424208839098,0.878150379799577,1.31030694005336,1.47970377045999,1.50581232740924,1.44000071774882,1.34836418762647,963.992305398825,706.869925642933,625.434283777508,665.506060629731,758.313695666905,2140.11773283584,1256.22199305434,1011.13456742836,1085.95997060582,1516.11696194401,0,-6205.44818476562
1000,0.215,0.825,377.709824077126,1000,1.2576,1.1635,1.1308,1.1802,1.2034,994.3661,908.9458,840.1141,940.1342,923.1631,1.26780019327366,1.20611649590141,1.12078745595368,1.33349213900802,1.19117074399252,880.586489964319,870.958303695736,795.624878841733,834.528109365816,871.715942623524,1.04176415742717,1.01299079014194,0.963584881846201,1.09536579889278,0.977135315109386,1.51198718789944,1.44080204443498,1.32305135538012,1.6141512739357,1.43435974573689,707.912460975046,692.009286936177,643.455430859968,674.73038383879,680.62762627506,1279.06820708224,1225.08972527126,1065.28143740392,1162.99814667667,1248.51731922328,0,-6347.56135673927
1000,0.215,0.825,377.709824077126,1000,1.2576,1.1635,1.1308,1.1802,1.2034,994.3661,908.9458,840.1141,940.1342,923.1631,1.21488374643359,1.10532788536784,1.20254726824583,1.25413685836024,1.25227988494982,987.383526504238,886.771219377992,723.577264160979,880.393672385121,898.654500742458,0.983823348489953,0.981351206676247,1.056548456612,1.08143896076357,1.08008132889683,1.47787608755308,1.26697580790898,1.38915281087779,1.47448128508912,1.48517348339759,744.454848658893,709.787759136477,615.681931322009,700.271152000396,710.220391353536,1485.28881604173,1132.38786179289,937.586697897271,1188.91986817124,1201.97148622497,0,-6297.34206824406
1000,0.215,0.825,377.709824077126,1000,1.2576,1.1635,1.1308,1.1802,1.2034,994.3661,908.9458,840.1141,940.1342,923.1631,1.40549383057432,1.22567765636249,1.05162022791493,1.10483742671611,1.21687385696822,870.280055370117,783.855788527293,1005.10505479794,1072.12721311741,936.712787860953,1.09689203996878,1.05733262068985,0.871076858560651,0.920306098120775,1.01788753248422,1.84078750732511,1.45577584604421,1.26951669465841,1.35572646727667,1.47108250627858,650.618026631178,636.488476325715,776.838353393821,804.985165410204,732.6443174968,1307.05099720068,1001.85356571604,1466.60289875062,1623.81573248759,1320.17384190214,0,-6212.26997997587
1000,0.215,0.825,377.709824077126,1000,1.2576,1.1635,1.1308,1.1802,1.2034,994.3661,908.9458,840.1141,940.1342,923.1631,1.24986677190585,1.12739317908179,1.07126167318357,1.24341998311913,1.20261152856863,1092.26646891977,959.529382677094,869.3187509958,940.775531877248,916.067487549342,1.02579921962475,0.99516842877812,0.939827239739424,0.99240524390003,0.971385078058604,1.56729570819252,1.30815600005413,1.24949119223779,1.50627407734832,1.47476269025719,815.254507031044,765.528121449122,701.054697006227,735.741581891512,712.262055481127,1680.72501601384,1319.47291080767,1166.99826945658,1345.512685452,1342.74722949763,0,-6174.88925983621
1000,0.215,0.825,377.709824077126,1000,1.2576,1.1635,1.1308,1.1802,1.2034,994.3661,908.9458,840.1141,940.1342,923.1631,1.19089761707246,1.14904151461103,1.01417590633153,1.11298113520602,1.35737502622722,1111.88428585433,1169.22510313142,962.128745877234,958.835204564145,822.994961783264,1.00647154516777,0.958217556276351,0.882109298342322,0.95722454692413,1.14796559248561,1.42401314842481,1.40789172388776,1.16697124177133,1.30165394165773,1.6082172340691,864.520107523682,855.072303986428,764.350969893942,754.482866884273,663.120082610755,1605.64504497601,1788.41224262657,1309.35266170161,1302.4243949696,1070.43701720118,0,-6084.37260676636
1000,0.215,0.825,377.709824077126,1000,1.2576,1.1635,1.1308,1.1802,1.2034,994.3661,908.9458,840.1141,940.1342,923.1631,1.10700489660973,1.16431255209291,1.12162888670098,1.13943182830533,1.05980077870093,1006.4979693417,946.563121587598,834.719762409196,966.621643541033,960.230317352222,0.961878019139405,0.997025663061597,0.952037410358189,0.982718394874746,0.912379851484296,1.28123474544911,1.36568296247597,1.3427040167633,1.35022472888726,1.23326136981244,803.509002544774,759.637877538303,668.685640168258,768.091692276202,756.635638443573,1420.74307406371,1364.97870845284,1113.5782657829,1333.12003177881,1339.39006007078,0,-6231.14858217275
1000,0.215,0.825,377.709824077126,1000,1.2576,1.1635,1.1308,1.1802,1.2034,994.3661,908.9458,840.1141,940.1342,923.1631,1.34302032966113,1.13405728913663,1.22940169090546,1.09240066910443,1.13950942973426,807.733236684169,931.812343973524,735.287631116533,995.259932045722,901.896400532985,1.11275250712018,0.98074801055198,1.06760492407187,0.936424047340452,0.997981655566415,1.61565157438355,1.30655984675253,1.4236701847163,1.28447970234613,1.3316966574022,654.6222570006,742.565301249096,604.722038457741,780.144295948224,713.802405358364,1100.39977807996,1263.20407068592,932.487293298047,1409.25482761562,1194.47842727261,0,-6274.40920232826
1000,0.215,0.825,377.709824077126,1000,1.2576,1.1635,1.1308,1.1802,1.2034,994.3661,908.9458,840.1141,940.1342,923.1631,1.33952588277714,1.20807072572943,1.12250263363422,1.22524663340944,1.23399655917314,780.974897108862,875.367895426165,874.014263206867,927.522315056527,896.272211639505,1.12639841359478,0.984204577064439,0.964563908770842,1.0063226551084,1.02026527434346,1.62508259373172,1.48620616097796,1.32276700855081,1.52554247701024,1.53221311590664,632.519814202656,695.993971777434,702.021556382585,713.71201861853,701.323088918074,1028.79892401648,1273.34998626866,1211.78433499153,1282.94677913199,1300.85867446766,0,-6272.51028094091
1000,0.215,0.825,377.709824077126,1000,1.2576,1.1635,1.1308,1.1802,1.2034,994.3661,908.9458,840.1141,940.1342,923.1631,1.28415329901095,1.26497331823867,1.23015569932923,1.15189363342045,1.12659893662237,952.626330578211,863.340282964913,686.926669310453,1129.50762519256,911.993119066109,1.07591862162289,1.09159373699574,1.07966839933117,0.932904865214758,0.975414463541678,1.54240896007691,1.48007378819415,1.41705172315426,1.42522500099977,1.29663097169459,745.175679266783,698.378253319736,580.868826889827,838.22449590848,733.547551024688,1337.05502980318,1141.87695503112,847.775242420702,1781.70378952278,1221.09358409308,0,-6247.24021361412
1000,0.215,0.825,377.709824077126,1000,1.2576,1.1635,1.1308,1.1802,1.2034,994.3661,908.9458,840.1141,940.1342,923.1631,1.1678276309452,1.15977220004807,1.1296250657972,1.17181479545804,1.23985972436279,1466.929202977,996.283777434483,730.003690808832,919.116543877683,977.57273418919,0.983957811490124,0.952206448217482,0.971466135717706,0.97412530291502,1.03254374137557,1.40868985481517,1.43590190389022,1.29839920793483,1.42379001492665,1.48528536739405,1050.43369216947,758.220758738749,611.505827144713,705.968627929067,759.103964537678,2426.70086836975,1448.20606799216,949.708581746818,1282.20396302246,1378.38348362355,0,-6102.081056748
1000,0.215,0.825,377.709824077126,1000,1.2576,1.1635,1.1308,1.1802,1.2034,994.3661,908.9458,840.1141,940.1342,923.1631,1.16078041350834,1.16862863813435,1.07799519658763,1.39308945949512,1.1312317129611,993.765233915914,950.74083716356,916.058225916267,745.607365714123,946.23992115874,0.919993725026583,0.966441946127204,0.90789614409645,1.16320376733906,0.970755766745441,1.44239662817272,1.44459183349597,1.30682001670138,1.70930654407322,1.33371591290063,761.422234606903,726.499229439704,720.012365603622,616.763198966467,743.339740565659,1586.4827934964,1408.97827588969,1259.074869577,986.585585768361,1300.64285205621,0,-6295.10222299819
1000,0.215,0.825,377.709824077126,1000,1.2576,1.1635,1.1308,1.1802,1.2034,994.3661,908.9458,840.1141,940.1342,923.1631,1.11004331776362,1.13292296488889,0.955724589299724,1.3043079548689,1.41502745919802,1202.41747480732,1144.96677218607,1063.61997624022,741.655585403709,748.51243495744,0.947721561146923,0.981392512322593,0.845971796685837,1.1100052469269,1.16211252025169,1.33849777283247,1.36736516054801,1.08072515455847,1.53405661059284,1.69484563580337,894.286668533764,873.893689742218,831.68065377681,613.044240435161,628.55549846009,1745.90713000248,1646.28388373608,1489.75998943976,914.210406895963,1002.40652512691,0,-6164.49975398084
1000,0.215,0.825,377.709824077126,1000,1.2576,1.1635,1.1308,1.1802,1.2034,994.3661,908.9458,840.1141,940.1342,923.1631,1.13229083110592,1.16577702991271,1.21712458000326,1.25147224296672,1.4414808142965,1056.41332509352,880.21907719773,775.230468886987,818.300420801505,832.247958993266,0.930325012175737,0.989501840877423,1.05453422189173,1.04234993484837,1.17985984829503,1.34744527540542,1.38855254780983,1.40117962117526,1.48952110289851,1.78452811602027,807.997543727334,698.665081226666,643.133665129655,662.229077603999,657.834393981001,1505.1222336119,1175.12467394255,1030.20284025644,1133.04175924142,1114.7889998339,0,-6251.58263771592
1000,0.215,0.825,377.709824077126,1000,1.2576,1.1635,1.1308,1.1802,1.2034,994.3661,908.9458,840.1141,940.1342,923.1631,1.5010321621333,1.18643515708421,1.06457127843332,1.30138197831501,1.11492169198982,736.633800979445,943.879561916037,860.621957532396,685.422041816841,1076.78933999903,1.24294608921387,0.977274920910504,0.915584399737183,1.10405666346502,0.926905339253821,1.82977169763202,1.46088117649612,1.20462801420216,1.50547408153176,1.36437375422825,607.012116765236,713.628286106064,701.862179595669,580.398107915476,791.334004408453,996.95768448759,1327.13191271822,1200.23305395922,867.629153924352,1593.1591141657,0,-6316.0925088998
1000,0.215,0.825,377.709824077126,1000,1.2576,1.1635,1.1308,1.1802,1.2034,994.3661,908.9458,840.1141,940.1342,923.1631,1.23295120197203,1.22019857733301,1.05840841225365,1.13528450606595,1.34901121435417,1066.20868637792,867.046927357866,888.650581906629,1055.54421822862,862.661083441983,1.08131491640414,1.05130922223859,0.907006868333254,0.962429965154067,1.14448128231432,1.41962982018317,1.42389574496146,1.23952169022773,1.33799745833711,1.62540672865053,859.558819436047,704.986711830876,716.108824760856,832.072302125805,691.608875828269,1501.44178699779,1150.10686460528,1204.92184655849,1469.8510853812,1128.70029597829,0,-6157.04459037905
1000,0.215,0.825,377.709824077126,1000,1.2576,1.1635,1.1308,1.1802,1.2034,994.3661,908.9458,840.1141,940.1342,923.1631,1.08241764349373,1.0763843837045,1.18496775870636,1.19210782934637,1.21124774291451,1470.43971664102,944.764279520251,827.239756094253,820.931903634055,893.064050093374,0.872664577859815,0.921016721591849,0.935024135742226,0.992749720514981,0.993146552208624,1.30013027867337,1.27560929104331,1.45992503201964,1.41042601354819,1.44401486922559,1019.40158858305,739.250689109237,653.061675556406,668.205739184068,719.213990819556,2364.04927201901,1315.99349890309,1229.4569093433,1128.77145966095,1252.68335228384,0,-6217.70424862459
1000,0.215,0.825,377.709824077126,1000,1.2576,1.1635,1.1308,1.1802,1.2034,994.3661,908.9458,840.1141,940.1342,923.1631,1.17181151320115,1.07938287390939,1.14804929524112,1.20461512394997,1.41174639833927,906.561738921841,1107.477575505,813.032661120073,901.24913480037,807.130975836375,0.98871204274587,0.9113055119342,0.982208121145178,1.03109095000994,1.17221043636075,1.40734446624084,1.27080645072752,1.33679797458025,1.44539556366618,1.698916563867,721.916170906732,852.079310642567,652.765976737594,709.758261908298,661.058280464246,1216.09634083757,1629.62276276627,1055.20186919996,1203.74542836159,1102.5013469584,0,-6246.16058998998
1000,0.215,0.825,377.709824077126,1000,1.2576,1.1635,1.1308,1.1802,1.2034,994.3661,908.9458,840.1141,940.1342,923.1631,1.30834763280581,1.10583777241203,1.18243819858677,1.10203008096175,1.20489918618658,890.16292300083,1028.6475957584,884.554608738016,1233.64550586667,839.448065839782,1.13120036121644,0.952831705173594,1.03257391534392,0.942075669410042,1.03718907582293,1.58565018717553,1.31603310736771,1.36004308988161,1.31943094839295,1.38371063705718,714.568631437162,791.74272263445,723.807076952344,935.842310191973,689.062672314107,1157.6551309276,1439.95609157044,1140.10792368906,1817.21412020252,1097.09836427705,0,-6161.00156203463
1000,0.215,0.825,377.709824077126,1000,1.2576,1.1635,1.1308,1.1802,1.2034,994.3661,908.9458,840.1141,940.1342,923.1631,1.24079197898963,1.08591888959296,1.14326012457839,1.15567519905743,1.22516113790596,1007.38245935789,911.399228491497,807.54075119884,902.085207214467,911.209190413937,0.99629714905703,0.918129273943972,0.999979568796444,0.9784464303775,0.99886006875229,1.54118144628296,1.26434973826211,1.30583432578561,1.37593099736053,1.52375841275412,763.141985357977,732.290209809553,672.894501690983,716.871685461259,702.414848722844,1534.90002404543,1279.09060006997,1093.60305058274,1265.08051108524,1359.10420563367,0,-6250.84254029394
1000,0.215,0.825,377.709824077126,1000,1.2576,1.1635,1.1308,1.1802,1.2034,994.3661,908.9458,840.1141,940.1342,923.1631,1.12820421746565,1.15283503150292,1.16781243331553,1.07034608852057,1.35236064362685,1025.80207968034,872.34611419131,799.875027706706,1162.92045930234,896.751976755432,0.95518669046025,1.00956634882422,0.999052672067197,0.907254266700052,1.13179088464893,1.3562005129114,1.32068007204812,1.34934566360201,1.26703310884393,1.64497369335764,799.67502731659,703.739754435789,663.961301316754,876.754158622463,711.632593269604,1479.43239608993,1154.28533420464,1044.52300113988,1637.73656247157,1233.25289626057,0,-6170.52135465719
1000,0.215,0.825,377.709824077126,1000,1.2576,1.1635,1.1308,1.1802,1.2034,994.3661,908.9458,840.1141,940.1342,923.1631,1.10779193333029,1.28895472039047,1.18345499596453,1.09033389263157,0.97359529436672,1009.12722818374,879.033199000368,780.263951686898,880.599035026998,1647.44121804714,0.962014873496974,1.10089893987413,1.03181573921709,0.948169790737963,0.808003416805985,1.30373327473374,1.55691210743494,1.39555986599624,1.28410214880907,1.16515312335373,796.867254495718,700.578013338619,630.756655680812,710.721934656024,1159.05313851437,1397.33042941982,1176.22177408488,984.760877348037,1188.01875538265,2931.36858552152,0,-6166.3743615064
1000,0.215,0.825,377.709824077126,1000,1.2576,1.1635,1.1308,1.1802,1.2034,994.3661,908.9458,840.1141,940.1342,923.1631,1.25008142465745,1.2161209599808,1.05799316038565,1.22084856870611,1.23544972030486,882.675139705447,897.429159961876,1017.29763668091,876.516691623395,1059.6800724076,1.09201458110707,1.05395683362102,0.91285652063524,1.03940927429361,1.0535467519904,1.43307452636919,1.40898686591602,1.23622486402817,1.4230321625536,1.47979851300482,722.819957960929,731.568968709361,799.262488891419,706.079231914261,809.167437603923,1176.70730554326,1171.42995478371,1415.40505504725,1191.22288534407,1505.77278699799,0,-6126.37832894821
1000,0.215,0.825,377.709824077126,1000,1.2576,1.1635,1.1308,1.1802,1.2034,994.3661,908.9458,840.1141,940.1342,923.1631,1.52531927913278,1.03413741989845,1.02963093103954,1.26955417494627,1.06821873273142,747.068417685963,1165.47043339424,1083.63853044567,731.476684217309,965.632053061312,1.29809088551559,0.879822002654579,0.877672110761327,1.08921377662436,0.96128889333674,1.80523840029793,1.21935579985073,1.20461310010682,1.494454459669,1.20343318770363,624.603691599946,849.502986212784,831.224701896555,612.000251812039,782.799000722822,942.199724383883,1678.73082606027,1518.61274896114,933.006246702968,1286.09963605586,0,-6237.42055561462
1000,0.215,0.825,377.709824077126,1000,1.2576,1.1635,1.1308,1.1802,1.2034,994.3661,908.9458,840.1141,940.1342,923.1631,1.38716211091483,1.23781778525639,1.08623599925344,1.24861547877427,1.31034739219594,827.692368312094,1017.02538512739,1038.48823207829,742.437901129553,788.775859385594,1.14514474966488,1.05594687639412,0.923078660427953,1.06786992072101,1.13990426380342,1.69566360298591,1.45242365938648,1.26344796361605,1.44719750233832,1.53852732568178,658.251193438834,799.002567006999,808.739816592756,619.858573549659,655.643541640989,1137.02157430654,1441.92922111125,1485.54665769974,935.145121801875,989.119100461814,0,-6242.93307856556
1000,0.215,0.825,377.709824077126,1000,1.2576,1.1635,1.1308,1.1802,1.2034,994.3661,908.9458,840.1141,940.1342,923.1631,1.08798683339321,1.20894964004987,1.15593558496462,1.28251072807275,1.24928305612954,1319.70344086966,827.793009376192,825.636991922237,957.31158529883,890.672285198911,0.942437822304094,1.06275819067443,1.00872693754339,1.06898141744144,1.07098553870194,1.24350343885905,1.40556812408635,1.31466830756339,1.52893260525703,1.48579096736647,998.501202009218,676.33187938494,691.372908866016,766.266940184065,716.857943938854,1968.16059609389,1052.30792880888,1067.1454984575,1324.11845289353,1157.76981505294,0,-6127.56709812302
1000,0.215,0.825,377.709824077126,1000,1.2576,1.1635,1.1308,1.1802,1.2034,994.3661,908.9458,840.1141,940.1342,923.1631,1.43242444659351,1.22108357675542,1.05726763261626,1.26424694910505,1.21727930552831,788.78373174298,933.012896644555,894.912548184041,932.006612573557,835.427803476816,1.20811379393583,1.01428635372874,0.924589526375284,1.06584759694456,1.04768332514288,1.72673173234409,1.51447036434083,1.2277423989908,1.4522410056192,1.40907102685552,643.306066303764,736.399899221011,712.326139863132,754.543589951723,698.871961471811,1048.67244080788,1339.61687595531,1217.08585841247,1307.01902198493,1129.15539909144,0,-6203.22660496214
1000,0.215,0.825,377.709824077126,1000,1.2576,1.1635,1.1308,1.1802,1.2034,994.3661,908.9458,840.1141,940.1342,923.1631,1.08793664716163,1.29438422763145,1.268081308191,1.17310524935484,1.28374405152491,1125.43614404654,866.741061107678,801.585530083865,960.396832968646,728.479866844308,0.878121785584521,1.12539208244791,1.1036714244267,0.963059582706804,1.11652033044793,1.33694061548143,1.48803023330528,1.47142964684358,1.40862258705282,1.44091008621559,835.725901156819,704.448989082123,652.033349548883,749.345682566399,614.919161520752,1830.33757789568,1130.81872210631,1014.72154183454,1406.99513139383,929.154159488815,0,-6245.58288728091
1000,0.215,0.825,377.709824077126,1000,1.2576,1.1635,1.1308,1.1802,1.2034,994.3661,908.9458,840.1141,940.1342,923.1631,1.27787001506309,1.16648789858334,1.13037297317758,1.06869617616793,1.18058191931622,895.869935237261,889.475205643374,875.652452770829,1041.4444528787,971.630243054988,1.09698968674667,1.01523658671943,0.982965000256018,0.911758158742988,0.992398500313698,1.52599352840883,1.32912428300414,1.33371860340608,1.2558583668721,1.42510726767981,712.72126312351,725.575260517693,706.352778767578,818.162604224606,753.830089925752,1202.3351400162,1181.40811473132,1200.29689852202,1471.23183281964,1378.54354747415,0,-6204.16033109834
1000,0.215,0.825,377.709824077126,1000,1.2576,1.1635,1.1308,1.1802,1.2034,994.3661,908.9458,840.1141,940.1342,923.1631,1.37720090250352,1.30359346832984,1.04681049026829,1.09307050943873,1.27747054815833,986.225777314877,773.609560404582,864.394036832251,981.306472781375,865.252989482847,1.05361441541429,1.12285648417474,0.930934736513871,0.941402633767978,1.07836637720881,1.93646566842875,1.49842165069074,1.18887666148004,1.29971942868311,1.53373522427385,722.674785886994,648.965040259393,708.416217068341,762.063349385732,705.817552438104,1537.90643856783,1034.24332358561,1141.99235665687,1333.44312191777,1163.72740443409,0,-6251.71271435401
1000,0.215,0.825,377.709824077126,1000,1.2576,1.1635,1.1308,1.1802,1.2034,994.3661,908.9458,840.1141,940.1342,923.1631,1.15060089003269,1.25365687246951,1.2040904432201,1.30478942659927,0.982492602285849,1158.77556953054,802.215342548331,870.838325712306,850.118060802343,1107.67717053891,0.958992389201097,1.03226151486019,1.03568635574345,1.07984587894011,0.853185968504266,1.40271309246361,1.50363148877591,1.39277627244961,1.55370432779154,1.14875189130866,861.323532835537,649.979261930659,712.754194255958,703.098022578904,849.578275761541,1762.74706866551,1092.70640206787,1156.27271656793,1205.79093780024,1605.46466012063,0,-6189.57509750815
1000,0.215,0.825,377.709824077126,1000,1.2576,1.1635,1.1308,1.1802,1.2034,994.3661,908.9458,840.1141,940.1342,923.1631,1.24404983830436,1.21521256025443,1.23553675794418,1.23746659558165,1.23952684330822,1098.79123619859,851.270260175288,712.169758122341,777.829540369958,1058.29135864437,0.949252333167764,1.0087304744876,1.04674145881862,1.04605663967181,0.98242465578583,1.56914970449174,1.46739807628932,1.46988627533092,1.43154139863615,1.57757807077852,803.731938287692,687.602881656639,591.969311442428,638.100286686865,774.629669077521,1795.75190291932,1179.85889400629,914.539714525853,1014.88156913394,1640.68685252746,0,-6294.45565885864
1000,0.215,0.825,377.709824077126,1000,1.2576,1.1635,1.1308,1.1802,1.2034,994.3661,908.9458,840.1141,940.1342,923.1631,1.28775815028599,1.23858297986234,1.09441813613407,1.20402894026506,1.18612841263417,996.330910701423,777.484420651626,876.8432763862,1000.23979546142,857.69779617682,1.09723822768499,1.05619162640501,0.932565191152071,1.03201479814936,1.02581255289829,1.55450814131189,1.44672419614316,1.26247843631752,1.39967256274379,1.3736449028829,768.372350347843,640.200757063742,710.799417478115,795.574402895732,700.795007959767,1389.61609421495,1018.41268899857,1236.40554714152,1396.87910970875,1133.5938673727,0,-6230.98965137554
1000,0.215,0.825,377.709824077126,1000,1.2576,1.1635,1.1308,1.1802,1.2034,994.3661,908.9458,840.1141,940.1342,923.1631,1.40865732764127,1.40637056505651,1.22089543132394,1.0715793312155,1.16413378019375,943.206287534889,653.889301494822,655.329354289417,931.953995852859,995.517735732876,1.16059926205898,1.20764795393678,1.07058910666802,0.931626683191263,1.00836451223465,1.71591632916999,1.64939238654318,1.38815941201001,1.24275680217472,1.37656857505666,729.90868280565,561.493161491909,555.341347815937,754.080011258281,772.555355309882,1348.64519858438,818.65785275012,794.160103761875,1277.21638874173,1401.03505511262,0,-6345.28492095322
1000,0.215,0.825,377.709824077126,1000,1.2576,1.1635,1.1308,1.1802,1.2034,994.3661,908.9458,840.1141,940.1342,923.1631,1.32573058738831,1.12438052340843,1.23096954021343,1.25141122185138,1.24634841616175,1055.03114054215,871.364777456277,791.806336590586,966.285022935511,841.60651551268,1.12139381963171,0.992080248380847,1.05673569887997,1.05846633400476,1.05107057277942,1.60762369575709,1.2792537503973,1.42268234548456,1.49788728636204,1.41800275128016,796.918643007392,723.416086788191,652.499153269598,747.851213692584,697.118550468624,1480.37917260088,1134.3361726638,1006.83449358517,1388.57634891665,1118.46955613469,0,-6198.65518138037
1000,0.215,0.825,377.709824077126,1000,1.2576,1.1635,1.1308,1.1802,1.2034,994.3661,908.9458,840.1141,940.1342,923.1631,1.41269896656015,0.967164447995596,1.0700716246511,1.21675759682689,1.23411793996132,881.060741009982,1172.01021131767,984.861082884155,855.336330290865,780.284787090692,1.17722171349002,0.851487068505657,0.936576183926315,1.0604871915326,1.08884876546504,1.741639023037,1.10797578155418,1.26573902945228,1.40891668956753,1.39892924849003,701.194185795529,912.710150061562,780.074033641841,696.106582139246,648.247662756818,1244.44243403823,1685.43213629674,1355.36764168237,1114.82733423877,991.514607831043,0,-6201.76987363413
1000,0.215,0.825,377.709824077126,1000,1.2576,1.1635,1.1308,1.1802,1.2034,994.3661,908.9458,840.1141,940.1342,923.1631,1.31892786010906,1.08459817678872,1.11470156515126,1.12949277973431,1.06245161632962,895.095329744125,992.918598989982,849.391988310178,864.862576803546,1157.92372864043,1.14999145155023,0.933846149271349,0.981365916226997,0.986125758694576,0.905748097578814,1.54546347820796,1.27088872369479,1.28437689370625,1.27753397111445,1.26772363116805,729.332299557572,772.927347386721,693.013408906455,709.734936178104,877.362969811494,1209.62139937742,1389.19482930376,1130.28571695713,1122.86789979502,1751.47631769213,0,-6152.28007197961
1000,0.215,0.825,377.709824077126,1000,1.2576,1.1635,1.1308,1.1802,1.2034,994.3661,908.9458,840.1141,940.1342,923.1631,1.44581494258702,1.17708251896475,1.19878669621234,1.22430702223454,1.10783514344888,821.104425484172,959.828293395365,786.467785050723,921.674152583356,1086.86752222705,1.19454675415891,1.00542784843033,1.00564975234183,1.05595237291665,0.885234542767523,1.74477052689141,1.38910107879005,1.40853087300871,1.44935838309755,1.38705780219283,667.572794242077,760.557867434983,644.546583980002,725.046390079463,797.872040381984,1088.90293062369,1283.98689805277,1068.80266775314,1225.43024365242,1824.9993692437,0,-6225.58089565455
1000,0.215,0.825,377.709824077126,1000,1.2576,1.1635,1.1308,1.1802,1.2034,994.3661,908.9458,840.1141,940.1342,923.1631,1.26996760406753,1.20309778273949,1.16978684557303,1.37879825977321,1.20020946726746,1032.56518353484,905.963678134224,756.803779574691,792.506116058899,856.202094888493,0.958490166892856,1.03545346778239,1.01223369003341,1.05476143259795,0.995090189990356,1.69218046834513,1.39549006340824,1.34357993985355,1.76911941856081,1.47080243560675,729.240969331677,732.616351272285,627.834553486132,621.33851347471,669.766899947937,1849.95150168641,1233.92516335531,966.832569720225,1169.93308522639,1170.84785469148,0,-6273.72726048551
1000,0.215,0.825,377.709824077126,1000,1.2576,1.1635,1.1308,1.1802,1.2034,994.3661,908.9458,840.1141,940.1342,923.1631,0.976581347936042,1.09005318099336,1.07096280866418,1.17989343942469,1.11201753999057,1560.92635236323,923.965540318452,817.084624455176,937.379200404324,1007.01569438883,0.82043809826119,0.937656594955317,0.946856719064487,1.00008806914555,0.935724696803803,1.15973587645547,1.25288700466304,1.2333169788632,1.39450379310792,1.3121717683682,1072.15865752725,754.315661583156,659.599878461595,754.315085599273,778.255104476558,2533.82930056809,1239.26839975528,1056.67446745212,1283.657583943,1471.04782113499,0,-6168.52278069321
1000,0.215,0.825,377.709824077126,1000,1.2576,1.1635,1.1308,1.1802,1.2034,994.3661,908.9458,840.1141,940.1342,923.1631,1.42082532357882,1.10494935992948,1.28799515846255,1.11309914672196,1.14397552925584,1042.439585711,1002.04440567703,661.51778991978,1038.51346939723,960.891267807432,1.17088192044763,0.927644466219235,1.1462496789937,0.95566712827464,0.933946183474234,1.78859553138235,1.30612346827206,1.47805592180132,1.26919559413926,1.35467036557714,801.121212093209,778.282193819075,567.168458872425,814.740509084041,752.132330133516,1553.33236684134,1449.42713991832,799.444528852962,1401.43422328225,1389.77721022886,0,-6154.92923907146
1000,0.215,0.825,377.709824077126,1000,1.2576,1.1635,1.1308,1.1802,1.2034,994.3661,908.9458,840.1141,940.1342,923.1631,1.36155727320166,1.14026958174099,1.15993722400703,1.22489841268701,1.03244326161728,874.588897273924,846.525513554982,752.215529903385,1033.87540077333,1295.00177081755,1.06663610030336,0.989582262389981,1.00775376594115,0.96376519544942,0.859295867557315,1.73901588260438,1.32398554881434,1.33378725180246,1.49466705761783,1.25855037173951,679.565940133609,682.557269411588,623.045815725036,791.992240902248,935.098639343954,1250.58848905854,1135.26418830838,937.765627858275,1680.4378904363,2032.6886119459,0,-6208.89594169512
1000,0.215,0.825,377.709824077126,1000,1.2576,1.1635,1.1308,1.1802,1.2034,994.3661,908.9458,840.1141,940.1342,923.1631,1.23761963504069,1.15634009124895,1.20821647521182,1.15238524985067,1.09088165729487,1032.36371380572,933.593716884982,893.806860778654,865.526230920583,937.538518158578,1.05394233119011,0.989878452778799,1.04049651740444,1.01987983940545,0.955660978168466,1.50718888412337,1.37362772276715,1.37528036993551,1.31200055207594,1.24515757149823,794.970106695399,749.751311718237,737.444080377105,703.431150047606,762.415930059206,1439.45418170532,1279.13235823524,1203.59327732181,1104.96953108134,1248.36677728742,0,-6145.24400250159
1000,0.215,0.825,377.709824077126,1000,1.2576,1.1635,1.1308,1.1802,1.2034,994.3661,908.9458,840.1141,940.1342,923.1631,1.24842789271926,1.21428961216448,1.20376181027577,1.21302850844794,1.04565114752897,1068.37447214016,878.078004007535,694.696173141431,944.120084925129,1142.27993675206,1.03860148927736,1.04055740447436,1.07559318662752,1.02876043396702,0.893687968994962,1.5637268315138,1.41424612628568,1.35875480478411,1.44207642952318,1.24532520571024,793.650969420764,709.606536737139,593.270849867112,743.93413956175,867.381290436787,1593.64489835265,1179.74056532988,852.597579588426,1366.86149615938,1702.91600919314,0,-6180.03805835301
1000,0.215,0.825,377.709824077126,1000,1.2576,1.1635,1.1308,1.1802,1.2034,994.3661,908.9458,840.1141,940.1342,923.1631,1.25301998733763,1.33922547777671,1.0885375387455,1.13933509221609,1.30836595382669,914.090945968903,850.570573645397,861.22439572603,942.214284526397,953.539689339096,1.02905362362432,1.07950659857999,0.937211210138719,0.995967325102307,1.11849694057579,1.55891507603908,1.8260327670765,1.26635408381668,1.32552946057416,1.53961009881198,703.487892182994,652.930334861456,700.268631514358,762.841650504356,753.451885191596,1254.56244445805,1260.34435799537,1118.15353651291,1285.25266500802,1303.05912827152,0,-6212.7685211394
