n,p,q,tau,B,mle.shape.1,mle.scale.1,mle.shape.2,mle.scale.2,mle.shape.3,mle.scale.3,mle.shape.4,mle.scale.4,mle.shape.5,mle.scale.5,coverages.shape.1,coverages.scale.1,coverages.shape.2,coverages.scale.2,coverages.shape.3,coverages.scale.3,coverages.shape.4,coverages.scale.4,coverages.shape.5,coverages.scale.5,lowers.shape.1,lowers.scale.1,lowers.shape.2,lowers.scale.2,lowers.shape.3,lowers.scale.3,lowers.shape.4,lowers.scale.4,lowers.shape.5,lowers.scale.5,uppers.shape.1,uppers.scale.1,uppers.shape.2,uppers.scale.2,uppers.shape.3,uppers.scale.3,uppers.shape.4,uppers.scale.4,uppers.shape.5,uppers.scale.5,convergence,bias.shape.1,bias.scale.1,bias.shape.2,bias.scale.2,bias.shape.3,bias.scale.3,bias.shape.4,bias.scale.4,bias.shape.5,bias.scale.5,var.shape.1,var.scale.1,var.shape.2,var.scale.2,var.shape.3,var.scale.3,var.shape.4,var.scale.4,var.shape.5,var.scale.5,mse.shape.1,mse.scale.1,mse.shape.2,mse.scale.2,mse.shape.3,mse.scale.3,mse.shape.4,mse.scale.4,mse.shape.5,mse.scale.5,loglik
100,0.25,0.75,311.586721566695,1000,1.48604264838217,752.989025709762,1.11325061408838,892.644249671757,1.14949905134936,496.977303304682,2.27613628949879,526.543369968965,0.722730240109863,3198.72441199615,True,True,True,True,True,False,True,False,True,True,-2.52524667260409,-439147.545945184,-0.558856478892218,-13031.9865689688,0.749382613395703,171.772893246169,0.350053546795953,66.977022260778,-2.10118579564034,-48331.2450222642,4.75182247688582,424294.929650875,2.355766264022,12286.8606470431,1.46777158070976,778.851328813259,3.855721087354,894.826146961724,2.83913733222499,45439.1571343583,0,0.372811041864832,8179.29743421742,0.214753787409642,1265.18825762375,0.0410715136647436,21.686016521084,0.173466074141469,45.6480653380062,0.353732161205445,4644.78196562087,3.44288342921064,48470347498.103,0.552298690673316,41677069.1952703,0.033552788778629,23960.6683221667,0.799007341552014,44556.5650350473,1.58679208558506,571664037.173441,3.58187150214698,48537248404.6203,0.598417879880101,43277770.5224993,0.0352396580133422,24430.9516347194,0.829097820430068,46640.3109041501,1.71191852745613,593238036.681597,-579.352589234326
100,0.25,0.5,175.362296728008,1000,1.28696360285268,1302.0928447127,0.398162709711307,4074766.91607589,0.767136101843519,1884.7675376755,1.32569926252256,515.120553199935,1.20327358219537,1219.00474426538,True,True,True,True,False,True,True,False,True,True,-10.9281978670161,-15443.8434475989,-2.53853354002254,-27605390.2262307,0.328581266133356,-5326.41930215454,0.465939384253519,99.2348963582153,-2.30870500269832,-5130.63699579606,12.1825234901078,14509.4960010788,2.32092718042206,28980910.9727355,1.11970602719176,7356.13940440534,2.04142740383809,861.594495797776,4.13333158032783,6143.4451538627,0,0.661189721312985,1765.65160296116,0.506935766746535,3393124.48797022,0.0422587770224893,876.489387660887,0.07130854626339,35.0524906543071,0.291583531125495,711.080081767678,34.724525311231,58331052.3046052,1.53527248606479,208176608367153.0,0.0406910849729729,10457384.5217582,0.161376214941867,37785.8382583077,2.6980853782925,8263646.0076639,35.161697158801,61448577.8876445,1.79225635767169,219689902158016.0,0.0424768892084094,11225618.1684403,0.166461123712065,39014.515359378,2.78310633391611,8769280.89035063,-339.278790239263
100,0.25,1.0,inf,1000,1.22063024137815,1077.80135908249,1.00820975703687,1092.80228014216,0.902748512586159,1441.04029575557,0.915740527194571,1496.65809928603,1.56361262449162,634.070047212118,True,True,True,True,True,True,True,True,True,True,-15.288805451095,-908.061925894337,-7.34875909954378,-524.376939535107,0.0561159214835091,-4525.760188685,0.272529412080034,-1706.19904672027,0.923068340490881,374.206367408536,16.6913061785892,2660.6141423398,8.75958799237792,2387.02749338046,1.52602855683964,6474.65330241016,1.4914359493902,4055.78372538637,2.1103286718554,862.121325029118,0,0.519329077543099,201.541097900561,0.30268682548977,161.429822901982,0.111601511569134,466.506590954308,0.0337299702485208,321.867080249993,0.0467890410624367,15.890526282386,66.4919800001008,827987.102358692,16.8698520072219,551079.673860616,0.140472839432521,7867329.41316872,0.0965939948096701,2158505.82869157,0.0916434076913329,15477.3847621938,66.7616826908826,868605.916501656,16.961471321547,577139.261582781,0.152927736817036,8084957.81257253,0.0977317057026362,2262104.24604022,0.0938326220548753,15729.893587725,-738.624428668523
100,0.25,0.25,84.3982322621413,1000,1.29802684681873,484.762382701283,1.07949064540004,906.089617634399,1.58553328992452,535.512381066943,0.934900684611689,785.452634708372,4.55280949799332,2766.61974888482,True,True,True,True,True,True,True,True,True,False,-0.372107055509907,-2340.42406576461,-1.5519493088643,-35357.2219731723,-24.6938060357184,-3797.72723351748,-11.8957867569184,-32620.95438405,0.0586683407212858,2452.32055813291,2.67681404539162,2852.79863309838,2.76737867745254,31501.8758670806,18.7499950750196,3992.40908247754,12.2472634801527,31194.9061605762,8.73307513274786,3070.43195705901,0,0.145763580590021,228.568392165159,0.471810686436661,2833.73765713997,4.55735031688312,438.171506924402,0.759153775675579,1498.45767119722,0.15694821455412,5.24520671380783,0.604368313778059,1753408.90632777,1.21294659978671,290623239.340204,122.705759654201,3945476.21279773,37.8960191332841,264768658.398569,4.892027441204,24839.49832579,0.625615335204483,1805652.41622474,1.43555192362255,298653308.449697,143.475201564996,4137470.48227813,38.4723335884065,267014033.790938,4.91666018325573,24867.0105192606,-222.524324676819
100,0.5,0.75,311.586721566695,1000,1.95815304925748,701.240208604298,0.641181762497426,3410.27625254089,1.55970370732145,398.532077839333,1.5780927529433,615.639051005893,1.54516152543946,728.062485229259,True,True,True,True,True,False,True,True,True,True,-485.491530387969,-252462.475624127,-3.25158943762551,-60591620.4393184,1.05385016325448,179.783702729951,-707.06419655002,-354093.750860273,-33.0127290200651,-15811.3641340273,453.699288728651,235882.026380105,3.60224717926167,57793039.1010052,1.99661771284073,579.488893144351,667.481777796729,334115.792774927,32.8907491951592,15605.2121200083,0,17.8536760132074,8991.60391191704,0.465857619739921,1402700.26324806,0.0353546024388619,18.76208430795,21.3697817768674,10604.7278519379,1.6051583091179,831.225320911113,57347.8303718357,15504648325.3773,3.05405468892498,911171597847169.0,0.0577854588156088,10386.9703187478,122836.61930653,30792907438.2948,282.374833035414,64169258.8861295,57666.5841190203,15585497266.2861,3.27107801079473,913139165875685.0,0.0590354067292188,10738.9861263265,123293.286879721,30905367691.1084,284.951366232744,64860194.4202533,-549.116058718543
100,0.5,0.5,175.362296728008,1000,1.03883530398372,747.228562641394,4.10971825630353,1956.03869955924,1.31210868305159,379.730713903756,1.08072227590246,1561.8671831416,3.87479840095884,2808.58023167197,True,True,True,True,True,False,True,True,True,False,-3.37162351380395,-4770.78587392406,-0.242001151049581,-2585.55165783387,-0.67874169323072,-53.8017562400047,-45.8192187486714,-53272.1913189915,-0.717022962986584,1563.05620323113,4.58151548956486,5469.12719396963,8.81729798799277,1584.00320813245,3.07046400723303,777.285667861878,35.7041884881488,43935.9787238597,8.34305099280363,4057.44551385625,0,0.326097030979529,708.498393368215,0.385710731786827,816.850800103137,0.0529654650941902,53.758153310798,6.12729247480342,6289.8608281182,0.457022302300752,98.3992996819125,4.11231582429676,6817134.36924557,5.33578738031013,1130286.91723584,0.913877220638028,44905.8308575804,432.089745815188,614348567.522264,5.33670012955433,404517.941298977,4.21865509791042,7319104.34265092,5.48456014892566,1797532.14686497,0.916682561130672,47795.7699049677,469.633458886971,653910916.75936,5.54556951435461,414200.363476867,-344.069112960801
100,0.5,1.0,inf,1000,1.39379572080492,873.419874773895,1.38085960230933,1672.0489953984,0.882748368276913,1112.40830352565,1.19719285953558,2657.87704087221,1.62317249445026,581.696064372409,True,True,True,True,True,True,True,True,True,False,0.520433723790706,-70538.339596742,-20.6349468321919,-1150908.88706151,0.167741183026839,-21640.7278614147,-33.9362306582718,-1080182.22316265,-3.1447744095783,325.451103655857,2.1707099284998,68891.111224203,20.1992320349315,1107604.4384867,1.48197421352441,20485.3614660492,32.9875974809772,1004575.2570529,6.04321138019889,802.674122821928,0,0.0480066344589232,1698.0310057879,1.60138192032088,23316.3240472137,0.0569658667487172,1692.25328292405,1.67567127725239,40426.8985584998,0.174011888754737,17.9479359582992,0.177060868492248,1263916398.10451,108.406910716765,331630625049.651,0.112293358495549,115374970.640913,291.186251297004,282566320519.532,5.48845293719924,14806.4888126829,0.17936550544432,1266799707.40113,110.971334771496,332174276016.725,0.115538468469982,118238691.81448,293.994125526413,284200654646.591,5.51873307462723,15128.6172178461,-702.643606751704
100,0.5,0.25,84.3982322621413,1000,4.26022841524196,2341.10695147757,1.36656862339009,978.227804059354,1.33117409120048,450.263130013853,4.2456737943666,2489.28002598233,1.79144146187617,293.828959469054,True,False,True,True,True,True,False,False,True,True,0.363295050193375,1764.58540807542,-80.3266837331889,-25934.3303329113,-9.50159539815082,-1605.50781607682,1.99178307179155,2103.79110624907,-8.33766585223202,-1599.7522039997,7.6302577115549,2993.70104410003,68.4437511046644,22985.2681486885,9.38398549592177,2083.43762325104,6.02538753577798,2793.74255721586,10.7058983168556,1886.97687342235,0,0.26350121363073,-38.0371920556697,7.30818735580276,2453.13910560334,1.39042011139336,210.911016798472,0.238073231249909,40.6791716041665,0.608526086925392,149.976552885671,3.43332702742394,98218.8402842723,1438.93964972706,155587636.108862,23.1883587181387,884736.162122064,1.05778141622656,30948.9827877792,23.5779358725778,790397.798503964,3.50275991700881,99665.6682637522,1492.34925215458,161605527.580303,25.1216268043058,929219.61912903,1.11446027966433,32603.7777901804,23.9482398710465,812890.764919432,-158.494430762657
100,0.0,0.75,311.586721566695,1000,1.37964917763203,823.13292006432,0.913949255979531,1267.4846032501,1.25376365479561,572.347093176351,0.894157178813581,1531.15548346708,1.44129248183839,1007.77940230488,True,True,True,True,True,True,True,True,True,True,0.628251616494583,-168.600721248822,0.56076572051226,-878.569904535617,0.822248399980715,260.204723933926,0.161705968522664,-5224.04316906466,-0.333318242298692,-1570.40517816656,2.00831715005342,1597.75151425565,1.23277309123175,2929.86459184676,1.61800141793885,843.807429998373,1.48634170761625,6797.10532778591,2.76021302962402,3124.3221149531,0,0.0614258953150221,108.543908492517,0.0171604467565855,241.796664691888,0.0336725137312995,20.3532881644563,0.0700844542033093,744.579665986409,0.227844209977182,230.808192800377,0.123825113378172,202844.828302011,0.0293600903623314,942979.595529278,0.0411685815370521,22143.3797867537,0.11407809267665,9395096.36251054,0.622183279899502,1432946.76060248,0.127598253993424,214626.608372843,0.029654571295217,1001445.2225854,0.0423024197180366,22557.6361258591,0.118989923397626,9949495.24151097,0.674096263919629,1486219.18246626,-604.909340284545
100,0.0,0.5,175.362296728008,1000,1.76370888087891,547.624730854864,0.989066619441162,829.641571650688,1.87273975955073,542.707371754053,1.06289588930065,1264.30298489974,1.20752918176008,1079.47962316633,True,False,True,True,True,True,True,True,True,True,0.740955287065822,77.2540693974304,0.43442303222881,-909.636567534595,-2.19053173890766,-7264.06686768865,0.533435045620089,-71023.9478630711,-0.143321301098013,-8117.12525318414,2.56232611822112,942.205220360783,1.4621140946681,2236.2379854266,4.91376071025417,7744.36328128243,1.50657653494215,70483.8733426543,2.23479047629069,8925.77236284502,0,0.111972933219189,37.8907408026529,0.0407964893437087,166.376415331469,0.511112413118381,302.550622765532,0.0428608714039469,1534.36555007,0.161803303771762,675.141466367653,0.215678110033725,48639.8779698637,0.068664849744968,643416.384096459,3.28133806617924,14644678.8228454,0.0615688855484576,1301877745.7124,0.367683247031932,18884095.3616464,0.228216047807434,50075.5862084376,0.0703292032877393,671097.495675009,3.54257396502294,14736215.7021812,0.0634059398459633,1304232023.35364,0.393863556143389,19339911.3612555,-403.394845640348
100,0.0,1.0,inf,1000,1.36603095981357,963.079851100489,1.49946406375469,593.457570956898,1.30336284275252,783.384146299401,1.27827432214536,695.467309199219,1.31594039504106,1188.50578517281,True,True,True,False,True,True,True,True,True,True,0.941213936635367,292.037670974962,0.894383049390686,375.192265978216,0.836784776833938,334.975764244275,0.872017695521337,378.169644390027,0.749133772838692,-120.407329479607,1.71735114122492,1542.15458119778,1.98015547459339,799.658720325807,1.70010170545064,1174.3082211187,1.6356985324001,973.684297238207,1.77030527925267,2252.34692281602,0,0.0367570762907415,45.9772231154971,0.0621816526522044,6.02999877898122,0.0349624126013115,28.7307271462315,0.0243820471468115,19.5342759090447,0.0562250173323451,122.546973660073,0.0391639348146781,101603.945910171,0.0766455474692835,11713.7529970337,0.0484562530714827,45801.2520138467,0.0379169242330939,23056.5444400049,0.0677964090526186,366028.443982444,0.0405150174721215,103717.850955584,0.0805121053958429,11750.1138823082,0.049678623366387,46626.7066961979,0.0385114084561632,23438.1323752956,0.0709576616266411,381046.204735686,-788.388929983484
100,0.0,0.25,84.3982322621413,1000,0.620544051738158,8421.20386602784,1.2828715010806,510.50751865877,1.90888528619001,259.893029468615,1.36915221981897,415.960185157581,1.28103996977071,738.922557001815,True,True,True,True,True,False,True,True,True,True,-0.826641061444931,-397903320.719359,0.0898454217663802,-1595.97954811866,0.989544631303052,-127.529246886337,-0.479222236973464,-2423.56832403177,-20.7675400196268,-13869.2025974969,1.66108694189588,371558350.329127,2.23783403682275,2195.92489193967,2.69776520322507,573.715226802212,2.75557350014699,2826.36739736915,20.7436545047437,13284.2048495343,0,0.203327576782301,13180906.4188891,0.119146672942563,210.526830388615,0.0651749408293986,36.8076009372851,0.231066224979733,214.558056033879,1.29299258324018,1031.38127266802,0.402360282679687,3.849313630301e+16,0.299966851817543,934811.578993839,0.189713051791124,31970.4109165802,0.680304022857059,1791914.5134027,112.031403427763,47935580.1291274,0.44370238615985,3.866687259703352e+16,0.314162781490825,979133.125307316,0.193960824703239,33325.2104033387,0.733695623183444,1837949.67281174,113.703233248077,48999327.4587377,-279.090509695497
100,0.75,0.75,311.586721566695,1000,1.4161594434443,599.942892775779,5.1615495429872,4209.85693934532,1.44481714107851,648.335340074268,0.810124343536842,803.020734077506,1.5279767397302,678.883765508986,True,True,False,False,True,True,True,True,True,True,-15.0722299886252,-29805.9139701095,4.23408184833259,3908.72554145052,-17.374826520683,-15912.6625352838,-1.80990738435344,-27408.0247464643,-12.1931889931296,-14561.3732350454,16.1077616602094,26646.6914384733,5.88128455295883,4443.84161625062,16.9293498746232,14553.8648736523,2.98912910483624,23407.5995159534,12.1922989881752,12382.2360444736,0,0.898416833267545,2179.57250305183,0.103892935919233,33.581988808633,1.66749706747571,1327.74789270022,0.220570416639816,2803.2124308734,1.52848140050645,1768.44818472557,63.2064361922983,207194057.607031,0.176401960810819,18616.8118446906,76.5073762673903,60346936.3039757,1.49732963095984,167881888.230414,38.6609228284615,47197702.5381294,64.0135889985968,211944593.90309,0.187195702944737,19744.5618170337,79.2879227374304,62109850.7705456,1.5459809396565,175739888.163017,40.9971782201557,50325111.5201886,-497.923696271561
100,0.75,0.5,175.362296728008,1000,2.84654686985984,506.231392495184,0.924922497002907,2709.81480693584,1.11054699890325,491.868693641731,0.942596691792544,887.06573095733,0.923830329604522,10542.5859321933,True,True,True,True,True,True,True,True,True,True,-306.930833438402,-49350.7645138769,-5.06795781894732,-455652.411188114,-4.82091180966299,-2002.95975461979,-3.98267462240454,-6208.14733383678,-20.2616559429272,-429054.015839862,292.307095815341,47577.8045646934,4.02426579741827,440481.439326092,6.27970302228931,2259.86048712801,4.25055872052972,5421.32710278762,18.4981839811586,429258.502484226,0,10.1583709019759,1392.7023332327,1.44676725393798,10295.3057376261,0.381209302768102,363.432199373432,0.808664599397517,1280.4897238942,1.80558460964318,10440.359302912,23345.7539508154,610819534.596731,5.37464187529567,52210166736.5016,8.01130714551488,1181417.37451718,4.4070721767941,8792846.50069573,97.672716004712,47896106211.5292,23448.9464501975,612759154.385722,7.4677773623629,52316160056.7328,8.15662767803182,1313500.33805859,5.06101061111284,10432500.4336944,100.932851787292,48005107313.9031,-331.851962412279
100,0.75,1.0,inf,1000,0.997173262789155,885.133171425495,1.43697005001927,467.04746140058,4.56993369660699,10389.7423433501,1.37919411722245,699.186380235808,12.9134576322407,15285.449093724,True,True,True,True,False,False,True,True,False,False,-0.763885871657557,-13753.6785814539,-66.1162837974447,-107.182619701361,4.31765850761015,9813.57320913629,-70.1549706819428,-16966.4728223783,12.9134576310522,15285.4490932326,2.39166129852627,14041.529878924,66.7285594224217,975.507491559586,4.81994709235712,10978.9603325495,70.2091370192405,17033.6462252138,12.9134576334743,15285.4490942344,0,0.183203028831361,741.198113448414,1.13087228488639,32.907232400848,0.0011410887106276,-6.51707133585788,1.35188133530171,665.564223953265,-2.25827e-11,-9.4973183e-09,0.647379090186008,50228381.7012936,1147.35738691032,76210.9991155403,0.0164027222670582,88297.7719923055,1280.91836765168,75157130.4717583,0.0,6.52e-14,0.680942439958993,50777756.3446731,1148.63625903504,77293.8850598237,0.0164040243505037,88340.2442111022,1282.74595079641,75600106.2079648,0.0,6.53e-14,-665.086960166185
100,0.75,0.25,84.3982322621413,1000,3.31259868534055,195.805806444938,0.562545650404084,4211.6700281426,2.07616526536936,302.97376645876,1.80229014223907,459.496691933427,1.74967969482152,695.060660000164,True,True,True,True,True,True,True,True,True,True,-20321.7622031771,-1851848.5703083,-1.6569112369414,-192573284.362848,-6566.6793466152,-3480817.22968253,-16689.8391067763,-3031370.91752995,-18525.5810732532,-4665021.52837483,18637.6163324277,1718928.99683271,2.13652713041053,170971144.391305,6050.64831851882,3298851.51039976,15410.1290287545,2813973.71354987,17189.3240157903,4329960.26196367,0,845.377870633704,66655.9849642117,0.315061039067202,10805679.9860488,260.086957943706,91285.2019934295,641.636834790219,109158.542886528,669.863962586758,168242.593650163,98680957.7741795,828962548872.374,0.935568044801609,8592594199841516.0,10350088.8513501,2988314235575.14,66991317.257033,2221414272252.29,82929360.3389199,5260292475067.3,99395621.5183366,833405569203.923,1.03483150313971,8709356919802412.0,10417734.0770425,2996647223678.12,67403015.0847926,2233329859737.4,83378078.0672924,5288598045385.43,-183.708907280432
200,0.25,0.75,311.586721566695,1000,0.953417504023958,1588.65455726643,1.57491579406315,757.341687279914,0.993456416255895,1462.32190602466,1.1678481953953,843.104500551911,1.52649380449898,628.815122791915,True,True,True,True,True,True,True,True,True,True,0.0557187768836561,-16378.302340762,-0.352052622560331,-1117.8432396621,-0.887507095252108,-80310.7652139258,0.57214230633348,-332.360954042206,0.956939130420431,252.184386939818,1.65561932005508,18206.189188515,3.02605961568869,2274.30697584009,2.17549833590305,77491.7705383996,1.68322742545936,1790.51216263976,2.04589518961367,932.436748987133,0,0.0979238113346312,674.617913087203,0.237832928388727,179.10966156688,0.349733531099018,2871.9351625352,0.0401392565716855,114.089077481044,0.024879012995034,36.498068245567,0.166416079518855,77762838.4851711,0.741920659835007,748099.67632101,0.609964905684005,1618964292.65113,0.0802608910680825,292993.097765914,0.0770956769842944,30084.9595409271,0.176005152345156,78217947.8138292,0.798485161660965,780179.947187613,0.732278448458992,1627212304.22894,0.0818720509862101,306009.415366389,0.0777146422719014,31417.0685265852,-1113.74794737978
200,0.25,0.5,175.362296728008,1000,0.839719476836641,3090.0649851186,1.21990870008957,912.966035480197,0.859776010788659,1581.05949502175,1.08150162894214,1037.58213340979,2.26739207328851,514.103770527497,True,True,True,True,True,True,True,True,True,True,-0.728529546171621,-282573.303101677,0.563463702588234,-673.100716150468,0.426589191751759,-9291.1361502623,-2.49218432476701,-915.300258555224,0.199490032369879,-1175.90304414871,1.98259568350976,265024.692792755,1.78875022028299,2157.27845701328,1.2269808147396,10696.6599549582,4.28978668147504,2629.7981869625,4.04205664903941,1878.32825529726,0,0.212680560483526,11864.5037847403,0.0438475605262817,170.889047013943,0.0329952954929998,878.330450748782,0.182696045115185,180.337501431882,0.146875634010443,162.90332526174,0.47786857504808,19495438811.4697,0.0976078225357032,520833.073525512,0.041649940378856,25974017.9304205,2.99034414681527,817082.510281548,0.959957764344474,606475.361097391,0.523101595855667,19636205261.5278,0.0995304310998091,550036.139914846,0.0427386299035264,26745482.3111331,3.023721991716,849604.124704243,0.981530216210443,633012.854478723,-702.381129064435
200,0.25,1.0,inf,1000,1.48861136833341,854.528414238755,0.889687078581412,1192.5493295385,1.39822613482892,678.580873485088,1.35492289938374,820.35061574202,1.12956206528074,1292.74318679177,True,True,True,True,True,True,True,True,True,True,1.05777174679304,385.053932243392,0.569573227333337,-145.081389639997,0.978226614498459,453.663382313019,0.927590710837903,434.981253018113,0.830651456890359,122.222108593233,1.89049647525192,1230.90342319201,1.16599585730324,2250.61590235527,1.74874428812562,875.113526499609,1.73315829039915,1149.80066994746,1.4091537871307,2210.15871231979,0,0.0144729595909952,46.5202862552855,0.0219031647820342,139.655601691346,0.0347702105751397,14.2118374322758,0.0244286845864931,27.9350422303512,0.009763217149819,126.545211855709,0.0450829408336831,46515.2649903687,0.0231269063508054,373141.19563584,0.0385988641015339,11547.8658039344,0.0421903641542734,33220.1811763896,0.0217580284439313,283428.769199526,0.0452924073930057,48679.4020236424,0.0236066549782744,392644.882719611,0.0398078316449734,11749.8421271358,0.0427871247848997,34000.5477608011,0.0218533488530459,299442.459843132,-1474.56897986995
200,0.25,0.25,84.3982322621413,1000,4.53835293057747,161.178568551398,1.43500943653138,630.706410903331,0.908639572511437,882.767738215483,0.769477000971666,6064.34635059796,1.15901487703174,1439.10555487678,True,True,True,True,True,True,True,True,True,True,-39.5956956105619,-1154.58947009762,-1.49710847366987,-2303.35606880837,0.160423277026393,-1424.54549694578,-2.21201492648194,-33729428.3587507,-10.5760650910521,-189024.722044017,33.8291453355009,1160.29288079078,3.72574910412192,2966.8584044155,1.53841187655373,2802.4606748076,2.72670622853818,31847772.6663319,11.0741138820362,176636.282423859,0,7.41363397716472,158.506514664808,0.320797381478534,299.002142563436,0.0573485672420316,198.723255562929,0.502420396048618,947353.524868474,0.92776229973401,7556.32697459381,350.505908827723,348391.188610272,1.77347749309565,1805784.38611056,0.12345269182816,1161649.41679889,1.58576317082538,279585772327344.0,30.4741988118314,8692938571.84519,405.467877575094,373515.503801457,1.87638845305913,1895186.66736809,0.126741549992874,1201140.34910042,1.83818942519103,280483251028425.0,31.3349416966391,8750036649.19217,-392.008624481328
200,0.5,0.75,311.586721566695,1000,1.16992281962629,1135.0918838357,1.14238209381448,628.284868107225,1.6059186817874,624.06500572496,0.834174729230986,1477.43742005109,1.9980018430212,660.252851951435,True,True,True,True,True,True,True,True,True,True,-28.9014853701373,-319219.178382603,0.868066825414605,-6.40666514286511,-0.440099222267815,-275.424352438027,-0.418116331231459,-180930457.750098,-12304.828324949,-4213585.61395132,29.5672992803359,309834.043081922,1.43126272795447,1139.90857813629,3.47650729366435,1366.36531002625,1.8956232199759,158448005.099983,11900.3695264144,4074515.19384231,0,0.837036497674891,5827.56383151072,-0.0072356652731702,61.5202015165429,0.0882685050012491,78.5457330958683,0.0954075799430278,11242703.7662878,204.226616667587,70195.4889852507,222.258023522677,25726700840.1793,0.0206218815431553,85431.3855497727,0.997307761799244,175244.480558575,0.348047289437301,7488207519340666.0,38091369.6293942,4466006638901.66,222.958653621117,25760661340.3896,0.0206742363951007,89216.1207444087,1.0050990907744,181413.912746142,0.357149895747887,7614605907317168.0,38133078.1403497,4470934045575.54,-1057.2690969965
200,0.5,0.5,175.362296728008,1000,0.870355074198382,2062.7166229655,2.01142198438761,606.33285623348,1.82250689668986,477.665010492197,1.2220574824396,735.443318302901,1.33077853732269,820.918568720889,True,True,True,True,True,True,True,True,True,True,-0.891278043362549,-5777.36381351013,-17.110069662671,-3956.97719844704,-1.8640282983304,-217.128725740097,-1.15226300223079,-8132.76330353397,-3.90788042312765,-848.387462717999,2.18499737711757,7834.26710425962,18.7108375200223,4453.44441831949,4.51780688947503,1048.42851821015,3.1623410203346,9026.83540541141,5.5722878290199,2099.14804190957,0,0.223420211190643,1034.23528389058,1.2113553188607,358.075388260641,0.49588126977488,62.011354342266,0.216875003939335,288.372650141819,0.498712228931402,195.553515610074,0.615261508288093,12045633.4679581,83.4223607379524,4598803.46753485,2.64789331625553,104129.288979864,1.21029489913324,19143598.158566,5.84307425184855,564842.550096685,0.665178099056564,13115276.0904023,84.8897424464845,4727021.45121286,2.89379154996907,107974.697047226,1.25732966646693,19226756.9439158,6.09178813913427,603083.727564144,-679.485522419234
200,0.5,1.0,inf,1000,1.35560681243437,1069.21706507334,0.8495886174453,1385.15088916631,1.14897780288265,674.850038657389,1.33272263754432,1061.68775692277,1.50480643881914,740.646240067594,True,True,True,True,True,True,True,True,True,True,-0.111365262706786,-5409.54450541746,0.355666111293902,-1338.41700584727,0.816987502539349,328.437324648837,-0.945479281571597,-2914.16817441445,0.976446975242651,179.785986981489,2.53788838602666,6871.18434322227,1.25514383889054,3567.31126111978,1.43747629088139,960.369473505537,3.34457905844217,4503.54437467446,1.99397265864176,1215.88595257246,0,0.142351621565823,338.426203816865,0.0441790784613375,270.657524981651,0.0217091968408724,30.4464079706749,0.13303454833663,267.034022650259,0.0195032585662084,42.8064694434177,0.456306228812131,9805225.81298517,0.052600532765436,1564646.71246599,0.025030941894375,25962.721529695,1.19656339026164,3577250.17806634,0.0673131748991099,69793.1232388649,0.47657021297455,9919758.10841506,0.054552323739129,1637902.20829519,0.0255022311218508,26889.7052880118,1.21426158131277,3648557.34731912,0.0676935519938103,71625.5170650751,-1400.60521723657
200,0.5,0.25,84.3982322621413,1000,1.10609152966019,1935.27303769922,1.23826630985345,606.161630836807,2.06034270711122,242.667890947448,0.880190423579324,5900.41198411057,1.56683623937381,421.356234537958,True,True,True,True,True,False,True,True,True,True,-4.40154518935397,-3403.68228042405,-2.9870459211083,-1791.24335233013,-6.39334398226764,-165.975489210571,-3.23643780212436,-17399.1795898296,-3.79371220628461,-1478.40637097349,4.49972522562358,5478.80093400945,4.12895950992783,2468.9619852552,9.15304712458653,535.936324368453,3.19957658160065,23083.3694540828,5.22302355240674,1906.81371993653,0,1.05083094961011,941.228226418049,0.665170488015363,271.116980234587,0.684245671203887,57.3582945516424,0.920107243962153,2271.35221995511,0.854474765868981,206.943624369742,5.15125802983693,5129536.27942288,3.29216699452348,1179968.406221,15.7133394786202,32031.2892068708,2.69304324202612,106547929.883825,5.2857668147309,745046.080356545,6.25550371449542,6015446.85362894,3.73461877265008,1253472.82319252,16.1815316171815,35321.2631607437,3.53964058241775,111706970.79092,6.01589394023775,787871.74402383,-399.565965229946
200,0.0,0.75,311.586721566695,1000,1.56411914880988,764.158922744,1.03819029279481,1279.72917028793,1.39406116416437,723.568270554141,1.07206484154588,1347.06875248676,1.45884431270472,689.576195364701,True,True,True,True,True,True,True,True,True,True,0.875091936499347,249.934290647015,0.669964860486226,129.975538763156,0.928916656166025,323.594481121882,0.453980627292538,-1222.77214168151,1.01169259080633,345.396691310077,2.14310356436723,1209.12061855493,1.35864021817537,2238.77489159007,1.81146171981286,1061.75183824209,1.57393023048488,3345.59633785118,1.85901146081436,983.868346367245,0,0.0551204425028861,34.5853874446189,0.0239483310354273,95.207883480632,0.0240864506311576,30.8229537245684,0.0581399952468178,285.644549041381,0.0233947866440399,24.9105547519596,0.104533571091978,59815.7116954171,0.0308346058525741,289121.131003689,0.0506387638067557,35424.7847623977,0.0815466782975025,1356849.15206612,0.0466770146240049,26502.848739606,0.107571834273692,61011.8607201115,0.0314081284119565,298185.672080551,0.0512189209107629,36374.8392387046,0.0849269373448025,1438441.96046318,0.0472243306661251,27123.3844776564,-1192.0450597972
200,0.0,0.5,175.362296728008,1000,0.854017827409482,2681.0919061909,1.21573098591918,720.951425915023,1.16252666661984,860.537054678701,1.07936585572557,1302.35795433462,1.93913801239886,608.487932132795,False,True,True,True,True,True,True,True,True,True,0.493441373015454,-11218.6448609878,0.730486465263367,111.651790014962,0.640653736598504,-133.468421674119,0.739170664653738,-1002.80046365788,0.590831260018403,-280.551166930899,1.15614582801348,14321.7737348982,1.60938418215333,1247.06092012523,1.59624221576105,1676.37451447176,1.3800675532016,3127.26162169611,3.06192186441266,1302.74090165912,0,0.0292403729031935,1129.53404380516,0.0458375366961297,41.6168296753671,0.0440623949984067,89.074320130456,0.019748264239794,240.135441966802,0.112786540811261,97.3926959916502,0.0285528257595819,42409713.3073834,0.0502210730075069,83813.5197432822,0.0593678231855835,212956.592456218,0.0267045731896217,1108976.83740956,0.39699647784121,162978.901868918,0.0294078251670997,43685560.4634982,0.0523221527778759,85545.4802555108,0.0613093178385791,220890.826962921,0.0270945671301065,1166641.86789815,0.40971728162938,172464.23910144,-760.419482518086
200,0.0,1.0,inf,1000,1.38910278002942,866.725632294857,1.30437620079665,750.064333008361,1.06362636688758,930.307977439182,1.02861728387724,1618.76592476901,1.14463974072875,936.633314621405,True,True,True,True,True,True,True,True,True,True,0.965858631750382,587.913040337072,0.936420789880292,493.270125088282,0.815105702644723,525.504882344479,0.718747395934539,292.385744336511,0.865326787456174,550.780607726525,1.74747175260761,1121.80074295414,1.64320963679747,965.318136031524,1.28959848273094,1271.8768760421,1.29589546657011,2728.45867523106,1.38708915517355,1286.32396318781,0,0.0324499402375305,11.872972846504,0.0145670797579153,20.7744524468514,0.0112320567649543,31.6077652246582,0.0213184994392006,108.331012599638,0.0184310880723764,18.0786591661888,0.0397185145092352,18531.4392407877,0.0324779560933976,14487.1067022535,0.0146375547320687,36217.6264148151,0.0216562776717981,385824.575378456,0.0176992481952817,35174.3327836724,0.0407715131306545,18672.4067250015,0.032690155906071,14918.68457672,0.0147637138312398,37216.6772373122,0.0221107560901373,397560.183669319,0.0180389532028134,35501.1707009197,-1598.49534053404
200,0.0,0.25,84.3982322621413,1000,1.03369930408539,6554.72762781722,1.23016726684324,1171.74837268298,0.846239700120186,2095.89910558659,1.1157830150847,1028.82064509671,1.82229549303776,492.420122395569,True,True,True,True,True,True,True,True,True,True,-86.8850888268045,-198613.61849099,-1.92616659692425,-137722.224134772,0.287238515050105,-28970.6224590104,0.27428189155818,-3507.26584549087,0.276247618570333,-697.53735595733,84.7877546869544,173280.498664928,3.80422930967934,129592.407385589,1.29117663942308,28062.7713820342,1.76503940407045,4557.57545066539,3.04008787863964,1431.47052756715,0,2.08211928314302,19223.4364505871,0.291170995255174,5236.65780549417,0.0566820899293575,2552.93566101586,0.0970787888972688,501.182321544377,0.163544414933125,125.672761737745,1916.07505176767,8991826776.62015,2.13490508035989,4645738666.2642,0.0655274410588386,211479242.437089,0.144485188230489,4228642.4571977,0.496632563720799,294688.951834388,1920.41027247691,9361367285.58991,2.21968562883778,4673161251.23605,0.0687403003775984,217996722.926375,0.153909479484249,4479826.17662631,0.523379339376617,310482.59487718,-328.213771301135
200,0.75,0.75,311.586721566695,1000,1.74558737218072,615.274129540422,9.58727456266956,9581.11666981944,1.1744087208826,537.422259706616,1.65805316391329,528.123652167554,0.724712354937476,6164.58984057723,True,True,False,False,True,True,True,True,True,True,-798.62902109729,-282770.240749881,9.58727025614479,9581.11541066597,0.571960934727203,-357.492091090729,-19.1197626288531,-4828496.43393511,-3.29478768597383,-41867318.8548145,758.887947607065,265429.003180854,9.58727867820265,9581.11787307521,1.68247679597957,1234.71620527033,21.5106181307388,4675443.879526,3.17084675362324,38869659.8814824,0,21.6158474033568,9285.86373863003,9.54961504e-08,2.79489395652e-05,0.047071931365022,98.7501990619081,0.462519228512933,77054.3254642005,0.786683121820655,1504994.08087644,157715.685746717,19538273260.7905,4.6115e-12,3.942119456e-07,0.0801786697528863,164819.685043789,107.327521249515,5872414674488.47,2.71788832232302,423793510465976.0,158182.930605683,19624500526.1629,4.6206e-12,3.949930889e-07,0.0823944364753197,174571.286858556,107.541445286259,5878352043561.22,3.33675865648051,426058517649449.0,-995.732294852239
200,0.75,0.5,175.362296728008,1000,1.01625834117282,430.897241955036,0.836995781160149,2823.73532119759,4.3180226774378,4838.94510470246,1.13318978441265,911.769460210355,0.875167499817944,5091.95246725706,True,True,True,True,False,False,True,True,True,True,-1.88383800011783,-1249.72738514019,-14.0152351365384,-22782.4167268219,3.01247194187511,4498.15788506471,-11.8951819861344,-3071.52984874579,-10.8147058906871,-54238.74155557,3.68111436287295,1998.30238669941,12.4955377775223,23325.1997748325,5.53828873904473,5169.50733810793,11.5134355101383,3914.96779949723,10.121674806152,56376.6618942372,0,0.117663364821645,56.6299295410412,1.59686526547835,2552.621351799,0.0426486440217653,5.1139645442495,1.32408164780355,490.054750310119,1.22162639954827,4022.7199526547,2.01340997988129,685881.86111633,45.6934651777371,138214834.929586,0.414775417351714,29302.629484648,35.6254899027398,3173425.80745831,28.4978783507544,795500634.227451,2.02725464730245,689088.810036153,48.2434438538283,144730710.695246,0.416594324188609,29328.7821180079,37.37868211279,3413579.46575982,29.9902494108276,811682910.044938,-679.940803148115
200,0.75,1.0,inf,1000,1.74254291657524,771.400844402889,1.37904033052296,790.081376520596,1.13196430538411,890.035219555927,1.77132010172069,476.985077100769,0.683297955503437,3597.98080678622,True,True,True,True,True,True,False,True,True,True,-624.494391461448,-14945.7751321635,-547.535379124088,-7654.57268950221,-80.0192864005013,-9271.0709740558,1.35227146007258,-3623.16959126017,-47.9000507195924,-161549.324626095,605.40866539427,13822.6584700497,522.79622903378,7763.27523400665,79.1275729896616,9615.65780019503,2.170966015921,4362.69893176783,46.8489712385325,144945.027848196,0,11.2854729397682,1332.90413524146,13.7486898918528,735.770244412416,1.57759303792626,717.684094609285,0.0095713699149455,107.197383997741,1.20897439749828,11900.0918015462,98344.7264612823,53807367.7048834,74481.0887666622,15454566.5879964,1646.66577932538,23191177.616472,0.0435765776918482,4146232.2612839,583.658461763667,6107370512.79774,98472.0883607566,55584001.1386271,74670.1152404045,15995924.4405591,1649.15457911869,23706248.0761272,0.043668188813897,4157723.54041986,585.120080857474,6248982697.68297,-1302.25350119101
200,0.75,0.25,84.3982322621413,1000,1.07391748126174,1112.77099180184,0.942460054097836,1537.3499613291,1.38869289898864,490.262412963005,2.53591362198179,274.06120595262,3.01962244900733,224.919843240315,True,True,True,True,True,True,True,False,True,True,-5.83448969989899,-8278.30669824267,-5.05638154118872,-11402.9777979303,-2.99926442297214,-930.70288908037,-7.46835271773293,-757.226295873028,-16.7855653702502,-1335.1536677768,5.81691823558883,8391.68794211907,5.02910608749004,11545.896423328,4.27463369628216,1424.75543487844,8.57719470210664,887.536074916596,18.4657625373033,1444.74931476605,0,1.08379980468536,1051.12708301941,0.957169531898116,1457.57698993765,0.751627115083962,242.813990217674,1.97854833000949,209.507127564002,2.18880511800453,169.60192824474,8.82604486358674,18066758.3297312,6.61306995535897,34239868.3516308,3.43988356524222,360711.645673025,16.738571491692,175879.668327462,80.7904965972214,502421.937349006,10.0006668802228,19171626.4743881,7.52924346815303,36364399.0332265,4.00482688537166,419670.279518453,20.6532249858754,219772.90482758,85.5813644418242,531186.75141334,-367.347448621615
100,0.25,0.75,311.586721566695,1000,1.27895823650074,888.199376019133,1.16885671569239,1015.04478809041,1.29758296745567,768.139576987131,0.941901425088837,1000.50968166777,2.24084398716117,459.387911402349,True,True,True,True,True,True,True,True,True,False,0.130441240389004,-1990.46414388718,-0.676433841632634,-1985.29511836882,0.594157157511864,-292.328530923741,0.29919339622229,-696.704041482133,0.786076769577179,215.643886622231,2.15141723969055,3318.33397649722,2.54037997303864,3507.69350157767,1.88006477901311,1643.34643115517,1.46563413155139,2330.8250830364,3.49207991135103,663.724438632373,0,0.138249091270729,224.063949431835,0.236969177739123,253.854553773858,0.0604953388770153,92.5472432067839,0.059652394091679,183.338545919319,0.101711724048226,19.729575645807,0.265541024661162,1832321.74674376,0.672761554246843,1961673.44632867,0.107505047543726,243598.258889056,0.0884575019862154,595917.273529016,0.476064621002814,13053.3356122493,0.284653835898345,1882526.40017875,0.728915945445199,2026115.58080039,0.111164733569571,252163.251114231,0.0920159101070844,629530.295948827,0.486409895811677,13442.591767413,-578.388079631556
100,0.25,0.5,175.362296728008,1000,0.903028000200062,783.092150655534,0.813932905460777,2546.21598675377,1.65766238854689,502.199235019086,2.03603236049736,516.954259415733,2.39933377715971,824.584837656821,True,True,True,True,True,True,True,True,True,True,0.449395756512191,-1088.55940575259,-0.260276925117416,-109325.598682498,-2.3936953318831,-75344.2675717515,-12.7002398252744,-519.579388358568,-96.6190440626489,-20680.8864269266,1.2584972946423,2335.04184328146,1.59931317194478,100395.752380271,4.74454625334426,71797.9769657228,13.8129264573759,1305.89155221627,92.6756633515149,20517.2667036266,0,0.0490915625824033,159.84434493854,0.14441274540088,7011.29664779841,0.482155844641931,2275.33437478163,1.47968064639763,123.802482730684,4.37130315712882,906.381504211495,0.042561347409376,762036.313118627,0.224824566330928,2859529679.83151,3.31277392340641,1407615589.34856,45.7017158795315,216650.234072194,2329.62628519669,110348087.32121,0.0449713289261581,787586.527727457,0.245679607365147,2908687960.51494,3.54524818192878,1412792735.86562,47.8911706948552,231977.288802475,2348.73457648822,111169614.752386,-366.633902110923
100,0.25,1.0,inf,1000,1.42690620438097,860.058968609231,1.7238223975279,672.570066294298,0.745547614712123,1604.23056722283,1.37408066698,809.249762029655,1.32474998505571,747.517497957435,True,True,True,True,True,True,True,True,True,True,0.0561550516148654,-6083.20594108853,0.782506054690538,-681.531404251219,0.198093420917087,-131827.62795101,0.439611678373959,-487.084055121003,0.708207666371768,94.1859164187358,2.49349149294015,6961.52689268536,2.53218281138006,1876.7133100456,1.17415602731283,127140.124317291,2.17550238657495,1904.43069350195,1.86131170039322,1287.67822907213,0,0.152081919918979,420.927180809606,0.0664996813827942,75.0194853470819,0.0593798601318367,3947.99455265051,0.0665917115485158,100.588136813928,0.040038368836423,56.5576421625442,0.38622490805535,11063172.7154059,0.199032940797868,425494.044540349,0.061939067800581,4360142562.06941,0.195908857466535,371839.431110694,0.086446277727067,92608.0131847716,0.409353818421593,11240352.4069502,0.203455148421881,431121.96772209,0.0654650355898575,4375729223.05716,0.200343313513495,381957.404378392,0.0880493487061485,95806.780071758,-740.503041050623
100,0.25,0.25,84.3982322621413,1000,1.36742882277865,602.165913199246,7.56918583215644,133.442107800829,1.06202551287913,845.684356397828,1.10645367302908,1173.18695127491,5.80013548756163,3625.89964250463,True,True,True,False,True,True,True,True,False,False,-0.362345413385407,-614.984544664293,-13.3039314847387,-219.65499557448,0.24546446602896,-5131.43232345004,-1.62097580017738,-49600.5146220535,5.79900647689892,3625.71214847471,2.82936863286086,1484.6020585667,21.6898983349741,372.659823273701,1.77806446946152,5938.26093175734,2.96546118405852,43308.7538644963,5.80097562508679,3626.03927346414,0,0.134816828939395,165.187886381062,3.73364659386303,54.5284706726607,0.0531065497312788,435.52950897197,0.438556121695327,4301.3317134918,0.0001569308217354,0.0260033159486284,0.662303827105312,286600.471729569,79.6145171943115,22809.4341330981,0.152709817889378,7966737.14137978,1.36760341494168,561212578.414213,2.52096093e-07,0.0069572363616462,0.680479404470586,313887.509536612,93.5546340821765,25782.7882469973,0.155530123513739,8156423.09456514,1.55993488681813,579714032.923704,2.767233758e-07,0.0076334088019704,-162.827169744249
100,0.5,0.75,311.586721566695,1000,2.31155876732731,610.849801053527,0.977030376261785,891.148349358456,1.20565206988852,850.640135089854,1.47006190887419,1002.92454672989,1.20547301910082,1680.15479308656,True,True,True,True,True,True,True,True,True,True,-37.8537008292201,-2149.454946097,-0.122655754092363,-4194.65910882545,-2.80586536215027,-1495.40842132586,-19.1487580180807,-3308.81591239896,-10.6637614419833,-13393.3356629553,26.6141039411224,2848.75006462896,1.93341983690786,5392.74625004728,4.49056239068047,2741.82480212094,17.7766324929774,4199.49334456583,9.2403734079906,12838.0646484175,0,7.93138856423907,261.253046623635,0.0716303296833749,292.065095479183,0.363454850823915,227.422348931494,2.15624425889282,557.630324971903,1.91699101328979,1957.54553950668,270.206056335186,1624192.29522076,0.274844765113731,5976012.46427222,3.46122544694598,1167277.33406046,88.6460745454261,3665165.74946316,25.7570384075017,44735496.8527936,333.112980892128,1692445.44959089,0.27997566924428,6061314.48426948,3.59332487553341,1218998.25885398,93.2954638494344,3976117.32879143,29.4318929525355,48567481.3920361,-489.340724504029
100,0.5,0.5,175.362296728008,1000,4.97601590717355,4957.04852653183,1.40182146175813,736.951038988376,1.09203264732972,539.295041307593,0.927624418284299,932.610125149903,1.49145455375005,829.520723843955,False,False,True,True,True,True,True,True,True,True,4.9440081968138,4947.34172246977,-5.43729598021294,-2838.19734071513,0.57475929126294,-470.385093754604,-0.224788041872884,-6010.37242671946,-3.15920781332915,-1880.45993823106,4.99481154585049,4962.73557954427,6.64492065319903,3363.5944835539,1.5281016498241,1324.22654413525,1.94747519321538,6662.96896531042,4.23910785525059,2521.15228178612,0,0.0066147975376762,2.01255198976088,0.79810965555293,474.274675324115,0.0406577678610106,112.365841272807,0.0663150408506415,606.220839377864,0.951572183430161,509.178985696473,0.0001678007895842,15.4065080380006,9.49079409834525,2500596.86978472,0.0590890618222388,209387.269921162,0.306785068836286,10442189.7999096,3.55856604284387,1259600.63928083,0.0002115563360486,19.4568735494911,10.1277731206321,2725533.33743852,0.0607421159096787,222013.352206108,0.311182753479309,10809693.5060056,4.46405566312191,1518863.87875572,-358.921421261985
100,0.5,1.0,inf,1000,3.04220600626414,525.439480983104,1.34520201535795,886.768474039899,1.17313777267805,673.429473590294,0.961150084580451,807.704937339883,0.798364556388801,2748.74992367139,True,False,True,True,True,True,True,True,True,True,-1555.68475130749,336.917413911593,-527.675151443589,-84994.6006279027,-0.21300615532455,-42937.6543966181,-0.193725078697427,-6520.52318230258,-2.03832127929684,-230089.55906777,1425.42042338006,689.803966827646,498.116059679029,82402.0559397757,2.20337005779115,42534.2643237568,1.87219135462337,7446.80039211403,2.68443565064797,216952.117299451,0,68.1746815349922,12.054941611788,16.1245718871185,2183.01796784383,0.177894072281333,875.116236842931,0.121986478403947,344.483349042701,0.475279292413309,9317.49096797308,577781.871997404,8096.16841651229,68411.2084935514,1821809128.77448,0.37961067667088,474959109.384252,0.277481999532734,12683400.4216532,1.45010851517447,12992877411.1349,582429.659199801,8241.49003377591,68671.2103120942,1826574696.22241,0.411256977623716,475724937.812238,0.292362700446131,12802069.1994209,1.67599892097136,13079693049.0732,-680.768224350963
100,0.5,0.25,84.3982322621413,1000,4.28332132635069,2994.37266541559,1.11963287671874,1676.24464218343,0.931124436770405,1202.69100625647,1.30736922156073,1219.42427139252,1.06343478167312,409.799017971513,False,False,True,True,True,True,True,True,True,True,4.06136610990982,2948.24636157592,-4.42764283961181,-4082.97594202911,-4.25930583693865,-3553.47502503611,-4.84810235991801,-2443.62337735894,-0.442342060963046,-712.811241464506,4.39973753782053,3018.38480538753,3.51007458327684,4977.82304178568,4.42305389287334,4265.75166109472,4.16447827138646,3441.96009000005,2.32687830396733,1267.10782443949,0,0.0527875382366247,11.0608821601461,1.57839887295433,1228.82500398028,0.849271316928492,846.573165453776,1.64913921006969,720.254845780331,0.121096546541779,132.65090776886,0.0074438340577108,319.831744163133,4.09638326647289,5337554.29740975,4.90100184737731,3974998.07456578,5.28089632179543,2252103.58055103,0.498567940312536,254861.473909734,0.0102303582507939,442.174858323772,6.58772626861639,6847565.18781687,5.62226361713477,4691684.1990322,8.0005564559847,2770870.62342108,0.513232313896881,272457.737241637,-193.52518667475
100,0.0,0.75,311.586721566695,1000,1.39664559442694,818.21701541139,1.24001851079387,640.698697557214,1.21855239396841,979.993593934549,1.27881927227141,868.185767005524,1.72131553958086,1068.39411900702,True,True,True,True,True,True,True,True,True,True,0.591173391776707,8.22464826950454,0.859972387432975,251.846958088113,0.617241787697123,-15114.7898555339,0.38767008328274,-893.35862545484,0.0023071457401422,-7646.22072166683,2.04427866135341,1480.43000616841,1.58590975646861,959.284899102194,1.69541929757541,16364.026904403,2.01380577789825,2290.95570566928,3.01905159528567,8485.60782614104,0,0.0789066502809452,73.9015210118764,0.0170185850870023,35.1138319368289,0.0622442596225528,355.382058488605,0.0780908356782042,169.402588962394,0.210616008871326,648.692911368274,0.137278798758927,140911.391236727,0.0342615984754646,32537.6370854547,0.0755770353315084,64423766.7841383,0.171918605880567,659236.397841477,0.591679278052699,16919070.8880616,0.143505058217487,146372.826044596,0.0345512307138281,33770.6182787425,0.0794513831874682,64550063.1916339,0.178016784497487,687933.634988639,0.636038381245586,17339873.381321,-580.033097807938
100,0.0,0.5,175.362296728008,1000,1.20339513407878,1279.04035473835,1.78103598623054,438.916296344943,1.0502682361523,1743.19777088191,1.35547545157952,677.702453160354,2.84605829083105,387.225472608555,True,True,True,False,True,True,True,True,True,True,-1.73956504521249,-19024.0547288668,0.863893650883233,133.135456362784,-2.16186630985701,-140075.394406013,0.732340347043806,-16.6800083506355,0.0240086005731723,-884.739528579888,3.54866960377705,18473.0877693778,2.52383097511216,694.082007967525,3.72335122545087,126997.682162343,1.87693809845694,1235.24149747954,5.00240732500052,1497.06241275299,0,0.300877727506008,1549.46354037165,0.0877172247737754,25.1907933080081,0.269510942707274,8282.32395451655,0.0500824835160225,69.0870707096717,0.333862509577873,80.9258792899468,1.81815435106126,91412515.7525653,0.179140051796165,20457.486816603,2.25182354331507,4637346352.35425,0.0851755784467168,101897.496653394,1.61134549146661,368825.215353037,1.90868175797044,93813353.0155063,0.186834363318178,21092.0628840898,2.32445969155404,4705943242.4418,0.0876838336018495,106670.519992637,1.72280966676825,375374.213291888,-381.164845802858
100,0.0,1.0,inf,1000,1.20669990043457,969.282347148655,1.33053066762413,686.064539367576,1.02633112585906,893.404015675557,1.59613098731495,786.459191098067,1.31273653088734,972.93782120501,True,True,True,True,True,True,True,True,True,True,0.648986853712504,16.9769894732505,0.857409624450387,311.366627197635,0.611040049489594,268.633737354158,0.985907387015715,368.49680589122,0.829462295764692,284.602473533348,1.66495333917237,1757.03011083783,1.72410351767434,1031.0923628665,1.35980118757579,1458.21048129363,2.08474298166904,1158.06362281478,1.69489536823738,1578.41507635939,0,0.0496896640838401,82.3329222188832,0.0398332299865761,14.841182156395,0.0409640234260504,29.9266202093961,0.060704846663825,23.1825177909711,0.0505928255820658,41.4322986348574,0.0671070392661246,196849.50571453,0.0488360790310096,33677.7740959875,0.0364498635029633,92001.3595666028,0.0785009211809734,40530.9787048478,0.0486940940571759,108830.862065449,0.0695761019828895,203628.215795631,0.0504227652421731,33898.0347837868,0.0381279147182133,92896.9621637602,0.0821859995894519,41068.4078359764,0.0512537280575532,110547.497435617,-793.065261101503
100,0.0,0.25,84.3982322621413,1000,0.712879078327757,6685.55862734684,0.846922188213837,2044.93363009942,2.91055121116685,196.485302324062,1.38041221604389,664.326735674041,2.02018084476838,341.022492353619,True,True,True,True,True,False,True,True,True,True,-1.75651997819455,-46229524.2796252,-0.712454230087658,-4023111.20469406,-3.66970295740443,-38.2613382332134,-2773.65398954785,-686368.190800941,-1.7495682053743,-2586.67477684074,2.28584423731948,41809934.6150153,1.98080069421976,3879717.38195224,8.43031310435236,381.983145376289,2685.92499001127,662977.07480615,4.72391492844922,2856.19649427153,0,0.448191305815414,2216480.11562422,0.21284001098077,73741.7935653953,0.529871313327996,24.6486505467325,45.2447857332167,12359.8407475979,0.53316270561723,206.23389216838,1.06238075848148,503922841397236.0,0.471589622813494,4060452544365.05,9.5187782254847,11481.8893559253,1937883.3030175,118373774005.587,2.72449086753773,1926040.61423192,1.26325620509,508835625500193.0,0.516890493087788,4065890396483.29,9.79954183417264,12089.4453297002,1939930.39365354,118526539668.893,3.00875333819882,1968573.03251084,-216.929921841433
100,0.75,0.75,311.586721566695,1000,0.668529496178518,2191.17045913863,3.25292500147604,480.353628911648,1.50866574594458,657.992228728181,1.1617988799778,717.497312295368,1.68553865488851,503.256617928218,True,True,True,True,True,True,True,True,True,True,-5.23484933509693,-47216.8511958445,-64.1905969038436,-4631.0271310378,-13.3664659869579,-9139.87093371789,-4.22088453744239,-7533.93608351072,-9.57742785843358,-4426.76618188328,5.23150677231747,38959.1589004676,41.6613337194467,4505.9506841398,13.4381252071168,8014.49294274315,5.35998415250026,6615.50033179487,11.1599844887144,4456.53118417936,0,0.67012759603864,6320.39318957716,14.5174320545095,542.944790321193,1.47270703303814,1220.66067539535,0.592137233197899,1176.70804437624,0.893995571038225,488.338260953446,7.12197310091622,482816474.00707,728.461966399436,5427682.7583162,46.7119170395462,19131919.7684973,5.96786638158597,13016301.4661553,27.9587944734991,5130476.64972476,7.57104409588875,522763844.077923,939.217799856736,5722471.80365312,48.8807830447062,20621932.252954,6.31849288452524,14400943.2878551,28.758022554535,5368950.90683579,-526.935047282788
100,0.75,0.5,175.362296728008,1000,0.763801497645502,3561.22312945658,2.53840173555299,3300.31220115271,1.20758722127139,417.102960911713,4.22315690806784,2579.02133363064,1.27696455245982,442.466512846963,True,True,True,True,True,True,False,False,True,True,-76.42579591679,-115156.537553671,-3.46515123168098,-1897.76607758193,-2.70469373592014,-1041.18193441148,2.2106094556442,-3328.7598786396,-10.5118862486124,-6862.45814220223,63.2446309370696,95980.2903587557,20.3496636360018,13905.2942878729,4.09482516189157,1643.24153083991,7.80557197819768,92.0382516214661,10.8619116441335,6884.03771922953,0,7.37098744899276,13114.6267460846,-1.37722578527936,-774.615608940944,0.44808232460191,166.766222183933,-0.390584091294738,1949.00313168909,1.02123523048611,485.820646857896,1268.2890289242,2898259711.96886,36.8725976393811,16236473.6837276,3.00583879330191,468501.912129744,2.03518399407823,760788.969360688,29.7011121572507,12285513.8588848,1322.62048489741,3070253146.65798,38.7693485030194,16836503.0253426,3.20661656292256,496312.884991245,2.18773992645077,4559402.17669455,30.7440335532367,12521535.5597983,-354.693262992353
100,0.75,1.0,inf,1000,3.03847953716175,32420.9544673713,0.422703153855406,85204.8479314917,1.02619168453999,872.725078191057,1.12331561331328,399.267663478919,1.20139842246184,710.173702789948,True,True,True,True,True,True,True,True,True,True,-413.497628901338,-1430936.48015399,-53.2908957490866,-3912033865.0445,-143.261944434936,-2964567.63684958,0.258803625297416,-765.144343806303,-460.33705720881,-10757047.9011299,380.098264536841,1361640.15073542,49.2104833602006,3577863209.41842,133.91052768744,2792284.18335872,1.86345618888438,1436.76676333867,427.12253107437,10241704.3191135,0,19.7382200098325,67069.3092058562,2.4629173221436,167170530.474765,5.70179921801957,87014.540117241,0.0623829901619003,63.4812142607783,17.8084479702898,258381.906048676,40945.6847650247,507013488806.744,683.075536957725,3.647212051705384e+18,4994.7011217251,2154663311669.54,0.167406124863235,315216.454042936,51204.3062961135,28667927197301.8,41335.2820941813,511511781044.094,689.14149869344,3.6751580379645983e+18,5027.21163604771,2162234841861.35,0.171297762324775,319246.318606959,51521.4471152241,28734688406675.2,-646.988488754493
100,0.75,0.25,84.3982322621413,1000,5.13427006397435,2162.37360592611,4.38535053954092,2561.38471772946,1.88417815439842,193.293040866075,5.49216302266503,2341.60888500157,6.23132087936077,2888.85753024852,False,False,False,False,True,False,False,False,False,False,5.13408425455078,2162.34866455914,4.38488253168954,2561.30026259629,0.640669041017866,67.7518132583558,5.49211656255352,2341.60273944579,6.23131984136967,2888.85738935806,5.13441124818301,2162.39289715559,4.38571783096685,2561.45123224958,2.85312912876167,301.837702649216,5.49220234679012,2341.61409104951,6.23132199639672,2888.85768279491,0,2.27360062685e-05,0.0028774293817609,5.13526655531e-05,0.009143391392849,0.137246787402968,8.49257604015034,3.6292007842e-06,0.0004776727879366,-4.1299244e-08,-6.0818055417e-06,6.9516501e-09,0.0001272020707257,4.53621391e-08,0.0014817967234847,0.318243985453933,3562.54029806357,4.784364e-10,8.3776798249e-06,3.019e-13,5.5980737e-09,7.4685761e-09,0.0001354816705727,4.79992353e-08,0.0015653983296475,0.337080666106369,3634.6641458613,4.916075e-10,8.6058511172e-06,3.036e-13,5.6350621e-09,-130.270012393794
200,0.25,0.75,311.586721566695,1000,1.3515521913892,1127.0867036447,0.979721235819768,1142.45352324328,1.36690907775341,782.048500927668,1.27310996899915,682.871965267644,0.937842370487204,1296.18780799068,True,True,True,True,True,True,True,True,True,True,-1.63595975041798,-7166.77894737725,0.671250666090982,-122.946658229892,0.762496740267653,250.178000014827,0.961076293946138,333.717040870251,0.28891061049573,-1442.61070071684,3.70342410208489,7953.1366598045,1.25182608039356,2126.24153363061,1.88829572144921,1219.9203381969,1.57103513665609,977.763235067348,1.44894726147466,3519.40726257326,0,0.317952889055329,733.944341741096,0.0182642671207079,140.816750936369,0.0415584101905591,47.0488228443904,0.0072268857897466,27.2043054257953,0.0689715527038229,257.773244509462,1.85349578336088,14863053.7759521,0.0219142492213464,328897.751529791,0.082400722081319,61139.5205643912,0.0241885802607082,26967.6654170556,0.0874888557532354,1600759.09920213,1.95458982301951,15401728.0727259,0.022247832674803,348727.108874067,0.0841278235388858,63353.112295434,0.0242408081389262,27707.7396507556,0.0922459308356116,1667206.14478706,-1105.90704608861
200,0.25,0.5,175.362296728008,1000,1.33474125420842,725.888157306706,1.55079137956992,410.323679663731,0.732865546006374,2250.09919365106,1.4117467999407,767.808810820377,1.54668258914896,718.598553182144,True,True,True,False,True,True,True,True,True,True,0.131861212514525,-544.428725965965,0.908325928823268,154.499094242118,0.0249581213522203,-12505.3081395872,-2.27439837796579,-3308.45735914879,-0.400474440253177,-6349.84637980717,2.30475856134097,1735.42183181422,2.10711739983843,619.773273817076,1.31886814953613,13824.588942169,4.83101552619552,4314.23025915163,2.906444218695,6776.62991705592,0,0.116327367136324,130.364949382944,0.0435635340797536,23.0846673275651,0.0609198354347689,1590.5523790783,0.133242416843174,264.948004028383,0.293873023929691,505.234389802107,0.306964204603668,337926.364020385,0.0934322061617404,14074.313445191,0.108847252823839,45072083.8867665,3.28237410557391,3777683.41853367,0.71097829078828,11202259.5859191,0.320496260948537,354921.384048003,0.0953299876632583,14607.2153108153,0.112558479173238,47601940.7573581,3.30012764722012,3847880.86337229,0.797339644981861,11457521.3745578,-813.096485322128
200,0.25,1.0,inf,1000,1.26191242992876,760.820731491925,1.48321935694411,865.020207213558,1.18895049098164,688.437550600201,1.55676674995601,594.74117144014,1.13548369057504,1170.62652191958,True,True,True,True,True,True,True,False,True,True,0.814334899253411,263.507876734301,0.775220998910261,-65.8528789139573,0.851284300794186,337.889489504513,1.1054452697484,378.011879041537,0.669288413198228,-407.198129798428,1.62610286166937,1193.99076669981,2.06790120626796,1652.99201235888,1.49796919426003,981.137571028805,1.97636985731534,785.63906710476,1.54230541058803,2422.28576787241,0,0.0416438346223609,32.0721576630863,0.0617382193364939,71.4438777251645,0.0143006369690208,28.9054834139338,0.0158368471316757,12.907761569301,0.0296677122994782,163.085694013849,0.0428423346642309,56289.3324178446,0.108640439367914,192080.240232873,0.027189094663392,26900.8692780681,0.0493140212456125,10802.7817212087,0.049551261291159,520503.636858343,0.0445765436262855,57317.9557150104,0.112452047094755,197184.467897281,0.0273936028811117,27736.3962494613,0.0495648269726845,10969.3920299386,0.0504314344442437,547100.580450321,-1459.24340464704
200,0.25,0.25,84.3982322621413,1000,1.15873409742451,847.118011016086,1.7464398033633,756.879465213847,1.65223508290574,526.819900153219,1.22062421643614,742.862061989443,0.730875188024454,6569.53630193524,True,True,True,True,True,True,True,True,True,True,-16.0913687594948,-2141.10499254644,-790.854100279701,-185856.200059505,-0.717579581445769,-5517.43876340613,-23.035663573274,-3262.84756646348,-0.79704332330432,-3247674.42163172,16.901278546113,3314.09313208565,764.157402010421,179205.629830279,3.39889242943464,5709.37502600934,22.5718680292401,4093.17141384418,1.99063245507796,3081440.06035357,0,0.75387150865506,260.650820151707,15.0946027988632,4082.14377039957,0.311919833529042,430.899371125547,1.45268321580883,327.749553296415,0.134092042198642,89686.97313475,70.7690952977277,1934774.57263479,157208.681925025,8664473297.59339,1.10169061186803,8194498.00138657,135.232927705833,3517993.212123,0.505235476384144,2604325225378.76,71.3374175492896,2002713.42268054,157436.52895868,8681137195.3556,1.19898459441682,8380172.26942296,137.343216231326,3625412.981809,0.523216152165146,2612368978528.84,-343.745404177661
200,0.5,0.75,311.586721566695,1000,1.40534063712146,668.102657467009,1.82238342822597,1166.42503547349,1.2839459040516,639.252471157281,1.86777418830327,668.17952772819,1.30718420985983,802.411725624511,True,True,True,True,True,True,True,True,True,True,0.464667947975426,-109.928967887814,-4.86879785086292,-2721.64766804008,0.769411837592805,173.76659494221,-1.60259455215194,-468.166930337301,0.350056541882629,-475.875980830579,2.1048163616589,1296.15162482527,5.77348270222468,3938.53195737105,1.74473276178399,1011.53596713164,4.74479328719225,1501.95627688973,2.14587280519534,1780.69207467838,0,0.120690317516462,75.0078182390519,1.37027424847354,557.947307731063,0.0269046686404091,46.6312332810652,0.296698264111762,151.301603068242,0.0592588057956914,150.032262029623,0.174894282193809,128537.468625935,7.36340557822323,2883906.65620175,0.0618449720937181,45630.8199687408,2.61938529926755,252345.804497146,0.209668464892244,331059.600479798,0.189460434936034,134163.641422918,9.24105709425294,3195211.85440609,0.0625688332883683,47805.2918860539,2.70741515919448,275237.979588165,0.213180070956576,353569.280129523,-1033.6799882548
200,0.5,0.5,175.362296728008,1000,0.794495329806446,2803.25953017745,4.41025454183484,282.062796817321,1.09310382206173,521.984079292264,1.32217996346059,681.943904600153,2.37881456309447,3182.53300291213,True,True,True,False,True,True,True,True,True,False,-2.19867385650399,-15950.2125544937,-10.0620034496949,-340.301821756984,-0.205589135002568,-119.979503271585,-0.964306310113374,-1222.14749580374,0.441511132135258,1134.77246027253,3.17957359432324,16835.7752414351,16.7488764000758,744.80484294461,2.12708743842016,1034.02406951153,2.77111456863652,2196.86937056261,9.28721269201017,7954.14500889277,0,0.304817096275437,2344.81266396533,1.08343561899058,79.1971351310569,0.133127560952437,63.9990845249658,0.41817567601745,194.320659828734,-0.956161077921361,-509.340854434702,1.88057593778045,69885304.3129197,46.7338378828932,76551.5831491781,0.353767856817528,86581.2041628114,0.907169412904215,759996.865855701,5.08714223546998,3023417.68344948,1.97348939996224,75383450.7420119,47.9076706233907,82823.7693621449,0.371490804302673,90677.0869828452,1.08204030891687,797757.384691975,6.00138624240172,3282845.78944575,-703.183318681773
200,0.5,1.0,inf,1000,1.26464853760302,723.2737437665,1.26488408994711,1234.42193370622,0.90001325021529,1791.7941705444,1.17016151785064,588.71927917308,1.66774462575442,885.744568057095,True,True,True,True,True,True,True,False,True,True,0.915238013749059,170.454960524305,-57.244963943087,-181216.052597804,-44.6596458162088,-5243526.80590282,0.848700868296915,227.375097121733,-623.53055130015,66.254138609556,1.60668340833786,1179.52084462713,57.4709965181021,175870.809029398,44.3542573067116,4961609.11778723,1.45371874902924,885.181997969794,604.098311299656,1523.5708786663,0,0.0037111411226015,48.3326038526948,1.15165964976946,3906.84973506802,1.05279415541179,142750.469403429,0.0189077055779502,32.3900259900719,11.383850157244,90.8381958872998,0.0310831548155224,66198.5323792927,855.572872610741,8290048238.56215,515.139680242439,6770907829422.52,0.0237982890380006,28132.3599354905,97981.3673618763,138075.689978722,0.0310969273839543,68534.5729744742,856.899192559648,8305311713.41455,516.248055776108,6791285525937.42,0.0241557903682231,29181.473719128,98110.9594062789,146327.267810781,-1383.19080561313
200,0.5,0.25,84.3982322621413,1000,1.27572538221824,902.524730083156,1.48139169193962,1488.3356595416,0.640780072031313,11505.6984930051,2.48582061787616,208.451324244985,1.11525333942444,1075.39819864331,True,True,True,True,True,True,True,False,True,True,-7.59404813401474,-4970.68853333554,-32.5950892420545,-13390.521519828,-1.49102288924604,-695616.045345251,-0.0968498779622635,-125.49935908904,-43.4477061979923,-25620.2768570241,7.86973910084923,5436.7526489925,29.4119968220807,14172.323473251,1.94908450137728,595037.933509916,4.65663793504142,468.682304907804,40.5972999563854,22522.8869947464,0,1.13700633386766,670.686075626821,3.07331850684985,1069.384912765,0.406830525123412,62449.4826418427,0.205594028654586,36.7814409489216,2.53377813991404,2643.74928182949,15.5468012335956,7042019.8538079,249.972342717242,49392089.6405215,0.769402007934707,108300126535.057,1.46904156699429,22953.4412864341,459.23305609943,150687965.790453,16.8395846368508,7491839.66584761,259.417629361788,50535673.7321709,0.934913084106898,112200064417.291,1.51131047161271,24306.3156847131,465.653087761737,157677376.055627,-337.902003796198
200,0.0,0.75,311.586721566695,1000,1.29536458352444,1133.47680582469,1.45683033144295,721.325223222487,1.25683308238264,565.164197112015,1.22661896607523,1068.3388319627,1.63189405370755,684.612053964522,True,True,True,True,True,False,True,True,True,True,0.817205109929035,181.01564038233,0.879915570952981,300.358218596177,0.980998202741385,379.886707303954,0.784754444116276,213.751694241791,1.09378161452254,338.537345639341,1.69380775304034,1936.72812610315,1.94475998234024,1086.04078336596,1.50421158481425,729.830591723833,1.61098495375575,1783.50830151321,2.11171578191836,968.229730768291,0,0.0396589953367048,74.9177022671441,0.0446018486830779,28.0391454730858,0.014461196752066,10.1203406057768,0.0291879399626682,68.9503019020303,0.0284701370928375,31.5729709476224,0.0499591299521666,200408.487369065,0.0737193719700954,40133.1775423803,0.0177978278371552,7961.70590594315,0.0443825008958978,160204.220920256,0.0673672312720267,25779.0077857663,0.0515319658632833,206021.149482054,0.0757086968760436,40919.3712212411,0.0180069540486572,8064.12719992009,0.0452344367351621,164958.365052637,0.0681777799781116,26775.8602802257,-1211.93851154375
200,0.0,0.5,175.362296728008,1000,0.99909059864093,1876.67616294931,0.709217794642011,3476.37581282935,1.35567893903696,693.821793397268,1.27472753406545,690.491362238535,1.20507442505694,1385.34377274642,True,True,False,True,True,True,True,True,True,True,0.455688758544996,-14798.4215168256,0.387823619626419,-12172.2366975924,0.668490942507288,-32.1226204563243,0.8872292555275,213.346625273904,0.189579918576053,-11014.3296269277,1.43527801732384,16590.0802859004,0.966147076291885,16306.5307510631,1.90192392739359,1299.45667839391,1.59994478750676,1092.83481747431,1.9998465524576,12121.89570876,0,0.0536051833181377,980.822530169649,0.0322236175707809,1409.09967727772,0.070619116005187,60.1349212160843,0.0310796601500717,37.4176274290802,0.110362833088296,831.550474094183,0.0623874656442207,64054624.3833263,0.0217445753101025,52729262.0471722,0.0989100522885933,115277.190800218,0.0330249190334458,50288.5763461146,0.213056313582162,34801208.5265766,0.0652609813227918,65016637.2190147,0.0227829368394504,54714823.9476764,0.103897111833947,118893.399549883,0.0339908643084897,51688.655188536,0.225236268509437,35492684.7175428,-753.317072917029
200,0.0,1.0,inf,1000,1.31799892325124,1021.06863865099,1.16183821465275,1210.06233655002,1.02876639726069,996.051176710366,1.23896865312336,893.555618022727,1.39473553227257,691.540922049637,True,True,True,True,True,True,True,True,True,True,0.944141462909015,562.1996081537,0.878430043673577,546.897575449723,0.762224845472426,516.534769905392,0.913946969726447,523.223058395068,1.07399001070637,505.916147150086,1.63929943073306,1421.98396386974,1.41470673419665,1773.21515557228,1.27079258737334,1396.19272204603,1.53964619281316,1215.37311734977,1.67319438174762,859.883885629529,0,0.0262715140867663,29.0576993960711,0.0152850842974565,50.0481655623371,0.0122613013791467,39.6839361120718,0.0122255015800871,24.220228472107,0.0211612733889577,8.64618389348214,0.0314178400812451,48060.5118827141,0.018697655599082,97772.1630397988,0.016815389609422,50307.9917508929,0.0254530919443044,31146.5418963155,0.0233431392303623,8145.85503624832,0.0321080325336562,48904.8617769066,0.0189312894010623,100276.981915954,0.0169657291209323,51882.8065362399,0.0256025548331891,31733.1613635565,0.0237909387218045,8220.61153216823,-1599.15289986052
200,0.0,0.25,84.3982322621413,1000,1.05143889058585,1127.37090694059,0.930291248689537,1146.70632445674,1.43846879243767,405.921055401836,1.13731304427083,920.58578851693,1.61651216144007,470.916561996353,True,True,True,True,True,True,True,True,True,True,-0.531862153838428,-34870.8867278281,0.515579491021543,-1830.95304435003,0.415449324849329,-289.017549678334,0.329495451126581,-3784.98690355892,0.904765683675392,-449.203602984683,2.24998173474387,33059.9232696148,1.26682420773725,3537.81469114725,2.25821262850874,964.822761339273,1.76065338877935,4771.13176528098,2.22051693349398,1247.29352239569,0,0.192358169107588,2032.80853833688,0.0389778486579441,293.180651063625,0.101676635948715,68.0623420035215,0.0922517141437614,427.523994502688,0.0539060993999544,71.8799020882014,0.503123756226112,300014953.116743,0.0366920668738937,1873952.36255038,0.220774253679717,102210.090184138,0.133163267196907,4759517.34238431,0.112552953888964,187118.001788701,0.540125421448536,304147263.670278,0.0382113395598953,1959907.25670847,0.231112391977564,106842.572583142,0.141673645959369,4942294.10825984,0.115458821441482,192284.72211291,-509.16072620727
200,0.75,0.75,311.586721566695,1000,0.838672786964689,975.091649107079,1.30271434671712,581.090899451931,1.28744916287324,512.471575424135,1.11118399812106,2196.18843461146,1.02949483644393,2332.66910328932,True,True,True,True,True,True,True,True,True,True,-2.47187072434462,-6836.23045366353,-5.61563789617617,-1761.68417924874,-0.21138659726853,-1063.62583495848,-6.92721666223064,-16212.0901803077,-11.9973665145308,-15684.2789580313,3.48657442768532,7586.0254500636,6.98841681298111,2470.27768229655,2.69409381469449,1770.22879777909,6.28887027986125,15649.7636509801,10.8636727615486,15782.1181305257,0,0.331294874385937,600.158405276152,0.616293073819692,226.79593821891,0.0460269871865517,159.155145056213,1.43034687082042,2477.46355425528,1.59631376509144,2283.6650358028,2.30820940797634,13523082.8694457,10.3283244936387,1164374.82031523,0.548839321304547,522112.934296602,11.3557308077132,66001133.8904274,33.9782693265549,64372941.2287622,2.41796570177073,13883272.9808693,10.7081416464768,1215811.21790782,0.550957804854018,547443.294494466,13.4016229785789,72138959.5530906,36.5264869631753,69588067.2245104,-1035.108332602
200,0.75,0.5,175.362296728008,1000,1.28867781898428,456.447642956874,5.41298370157449,298.098761159132,0.851513398442667,1113.10358417673,4.7435108971981,3735.07620444365,0.911689034493593,1376.03514035993,True,True,True,False,True,True,False,False,True,True,-0.144826273072012,-267.481758407994,-18.477974470448,-668.138248178363,-0.764897443662931,-5175.28148228532,4.53449878321847,3681.0182938379,-2.75550548857544,-6765.98801528965,2.48797399932501,1021.84483639531,22.8611866459401,879.847027800303,2.12816703361999,6049.99874382747,4.91097187820735,3778.49960609146,3.24218002147754,8005.81910458096,0,0.117314984141222,78.8853450136071,3.25909416831863,191.178720876913,0.169434343031585,677.216105062691,0.0212305325657333,5.43219524959563,0.668113364474781,758.290362992093,0.450655985153073,108077.476716185,111.104751817723,155791.21552314,0.544158654168245,8192259.44584369,0.0092146151936149,617.805895855148,2.3387117318837,14186542.7612266,0.464418790657128,114300.374374101,121.726446615691,192340.518839272,0.57286665076679,8650881.09879998,0.0096653507066396,647.314641084878,2.78508719967351,14761547.0358333,-680.529874291593
200,0.75,1.0,inf,1000,1.31349167584237,1067.82503862883,1.35215035578316,565.967236038744,1.43768237502452,2339.70001894087,1.37560511834639,531.243028534854,1.21469669674731,1003.50995101901,True,True,True,True,True,True,True,True,True,True,-454.59632649469,-212173.978279795,-482.911276926862,-3459.22284137968,-381.572358496758,-608002.83513154,-90.2863942446805,-1469.91855917045,-5.50974600388209,-187684.445840856,418.623102257216,202556.248383811,470.161019662595,4240.9305774384,346.333951884529,568238.342632915,89.9824937312514,2292.94931461099,6.8933952773543,176950.762689883,0,19.3001445264354,5876.69246813878,7.72739281804673,175.146903240104,19.0569306031162,22221.9277792984,1.52766484497037,119.750758687479,0.522906094565875,6370.40450735494,49574.2434147331,11182545991.505,59055.5891706661,3854855.21747435,34447.7042318367,89950187511.7521,2112.76344583078,920549.726102818,10.0016740320607,8644234043.94025,49946.7389934744,11217081505.87,59115.3017704305,3885531.65518894,34810.8708358487,90444001585.9805,2115.09720570933,934889.970309044,10.2751048157949,8684816097.52758,-1311.25489180113
200,0.75,0.25,84.3982322621413,1000,3.46105925874797,2073.82509285699,1.70548250606407,253.685288801257,1.34643457387233,902.220799033833,0.980932783928003,509.040761051216,3.16379772529391,2277.23209535045,True,True,True,True,True,True,True,True,True,True,-1.94340688135145,830.167066574157,-32.0846522747985,-5248.85214332913,-64.766077361336,-34404.5338576488,-13.026767930614,-7556.08561669353,-4.75032551860551,-226.021826656188,7.33849535098482,3283.75718669095,28.5059278496978,4941.93154079131,46.4422357794281,26226.7598322282,12.6746351876675,6913.43876534441,8.79275645675222,4529.62850236265,0,0.767520281061657,17.6921662576443,3.49107087882485,407.557018603332,10.5142229138476,4988.2386254105,1.157350632415,829.739439822447,1.15074724329905,127.589639519475,5.60122855397722,391393.260592762,238.681927401247,6751876.36175756,804.051416362064,239002797.644855,42.9460259063069,13611871.0670413,11.9246139861496,1470378.50048869,6.19031593581819,391706.27333965,250.869503282226,6917979.0851704,914.600299844142,263885322.228892,44.2854863926583,14300338.6050382,13.24883320411,1486657.6166014,-400.738366623115
100,0.25,0.75,311.586721566695,1000,1.57925482540018,611.79064906065,5.52669100569585,368.95789952937,1.28339344144484,534.113594529503,1.08512244334735,734.011550754079,1.13840401894552,1161.82570871198,True,True,True,False,True,True,True,True,True,True,-1.44671589151424,-2571.09459517782,-5.55855315959866,22.3931292349483,0.595345136458543,-263.986090750223,0.678174877412604,-882.675125687441,-0.361349633103426,-6435.02661654072,3.96626285725632,3514.62993372593,13.3131034033267,683.477717235219,1.81128606241071,1233.76155630286,1.44520346607455,2099.25549061852,2.3366213327999,7457.87144401847,0,0.3211550077969,139.523598151353,1.6436209592831,16.1053241815598,0.080587596325316,48.9244498505981,0.0233834210653754,125.792632707845,0.150738094517681,649.697197968791,1.90494288511063,2407874.76357573,23.1541777885887,28413.4114172351,0.0961245383598253,145843.341738196,0.0382500861263111,578101.88166076,0.473242628968916,12548592.4036098,2.00808342414366,2427341.59801683,25.8556676463834,28672.7928842283,0.102618899041317,148236.94353138,0.0387968705070318,593925.668104331,0.495964602107737,12970698.8526583,-604.760632021757
100,0.25,0.5,175.362296728008,1000,1.53522472674147,512.479772039335,0.428172574524245,109189.145992786,2.00557646867443,324.430744679023,1.51945732690161,353.6024097387,5.39153145251744,326.727598965963,True,True,True,True,True,True,True,False,True,True,-1.55461095047251,-8536.93056502026,-0.794878221717354,-276334325.472587,-0.981198346354572,-282.794444926244,0.455598006741747,-37.4387778543675,-10204.0154301728,-764438.922221935,4.13805231558538,8091.41606235594,1.26889872677987,258904831.378321,4.31117417319729,853.664976364106,2.40282440262214,696.833906778971,9868.99793767768,739432.361521648,0,0.242240368154969,736.176995562853,0.204205667421936,8799831.76201858,0.342484262391515,39.1808254240566,0.0904310455085538,24.1589044142069,172.820941604182,12832.8779827918,2.10688244731818,17976595.776621,0.276907570564984,1.86253769355603e+16,1.82100075680142,83968.6520439011,0.246514353204239,35052.908554017,26195968.6793874,147038359298.503,2.16556284328204,18518552.3454169,0.318607525172223,1.870281397460013e+16,1.93829622678728,85503.7891248115,0.254692127196009,35636.5612165117,26225835.7572443,147203042055.824,-431.503144171959
100,0.25,1.0,inf,1000,1.29858512163945,2114.55285026209,1.4137457083172,934.907252899829,0.995882269414378,654.319255826181,0.838831663942232,1149.68332888006,2.06175344478434,682.557772213957,True,True,True,True,True,True,False,True,True,True,-1.04332483892402,-9872.0376862958,0.460656674453856,-1314.44189271203,0.458882951465322,153.062079590663,0.431271464624199,-2564.0858882598,-5.08689039444322,243.132178859969,3.11455831555636,11151.9914557136,2.2000724819233,2831.24432579637,1.44480546632108,1068.80304809497,1.15752730872817,4325.74519536324,8.54637929563589,1046.34979816602,0,0.262897685128501,1474.50945081799,0.0833922513520402,176.517858314197,0.0440536266723611,43.393505488879,0.0444064235002779,268.841152631631,0.331927093577167,37.8400951160784,1.12396781666299,28736985.8804649,0.196705335460107,1117383.28519982,0.0631967702519026,54519.8438261813,0.0342916667950165,3086217.0338148,12.0839624389385,41944.5720690593,1.19308300950891,30911164.0010165,0.203659603045669,1148541.83950365,0.0651374922748903,56402.8401447947,0.0362635972431025,3158492.59916311,12.1941380343891,43376.4448674532,-729.105577592209
100,0.25,0.25,84.3982322621413,1000,3.26171337042005,228.291484429371,1.32608924463793,1025.01184186488,2.37479267193987,320.291184870632,1.2101321893341,486.960133264827,17.2745020368733,103.73275739913,True,True,True,True,True,True,True,True,True,True,-132.352371494417,-1180.91320835746,-25.4121661550716,-17655.3859323528,-29.0765531216371,-2959.65029407771,-2.35271990654366,-1829.81469904048,-226.948131767441,-810.08738535661,113.617798368867,1148.20511400992,24.4810117018149,16916.4664745819,27.8738573161035,2928.00286622416,4.46048668728069,2270.68960949736,236.446483685137,842.661942276497,0,12.7559147974337,228.350764831673,1.77151757767885,1440.17562053741,2.99621947604507,338.293224624385,0.159392341929843,262.168939673469,28.131049906049,78.2294096007443,3933.45509865372,352689.409179233,161.842153172743,77706011.0234555,210.864286916436,2253687.78455493,3.01795271474901,1093160.32221048,13960.8313582059,177591.957054912,4096.1684609731,404833.480978443,164.980427700768,79780116.8414458,219.841618065068,2368130.0903817,3.04335863341489,1161892.87513999,14752.1873270225,183711.797581393,-169.036972859627
100,0.5,0.75,311.586721566695,1000,3.38904603085888,2806.35403582008,0.726482448251032,2276.01466843866,0.783757545824631,1942.31942515503,1.14236579243696,1472.77296096842,1.53561618834738,427.697489816242,True,True,True,True,True,True,True,True,True,False,-12.0810346686308,-2921.99499588524,-4.53556514460136,-56586.6922914305,-2.61686999072189,-21463.4544196723,-9.11077511317701,-12346.6943210093,-0.877036159593764,147.266475839849,13.6584467459456,7800.94063402407,4.37757090361676,51826.1475034662,3.53167023374894,20239.0816811195,8.1316294732416,11640.0912254812,3.63781135032314,641.893184085243,0,2.98596401229416,380.480756202931,0.80603217525653,4649.03223446426,0.325943153623778,2558.62682838095,1.63164964818666,1825.77470690116,0.155533078882874,33.0734201272537,43.0733748219799,7475439.18444894,5.16500071485152,764136167.834798,2.45783855221827,113066578.142225,19.3288038001252,37407046.5024933,1.32524290512149,15906.1268347138,51.9893559046957,7620204.79028969,5.81468858240029,785749668.551886,2.56407749161248,119613149.389136,21.9910843745528,40740499.7828533,1.34943344374828,16999.9779536277,-503.538678010288
100,0.5,0.5,175.362296728008,1000,2.39930406186657,478.122671269483,1.71711136621452,1512.4084221136,1.36823692730677,321.950330020171,1.11311289078909,911.393900458772,1.31223045228614,1712.05047302349,True,True,True,True,True,False,True,True,True,True,-8.02966598009669,-869.777379211245,-5.44106656405697,-2279.79682947224,0.414172276007294,88.9593820086006,-1.26709788715703,-2284.96706438952,-5.82059923854422,-3545.18491075217,8.15693261832277,1380.9363047159,4.84598668847139,3968.02175726746,2.21248798017857,506.261173913512,2.93367451076553,3291.38103654186,4.68678990170841,4795.60020697196,0,2.34062136208366,221.033772217227,1.9938342547598,721.709064263242,0.0543569545965497,24.5590352957946,0.278829720817632,409.996059935612,1.88779018342107,1051.57026630373,17.0341516354504,329344.046828508,6.88004519183102,2537851.09224931,0.210252509742732,11321.6523241351,1.14727523274761,2021664.42064093,7.17792552688517,4522964.51215832,22.5126599960928,378199.975289085,10.8554202272846,3058715.06568904,0.213207188255743,11924.7985387952,1.22502124595885,2189761.18980365,10.7416773035061,5628764.53713242,-371.514214048178
100,0.5,1.0,inf,1000,0.954423232898682,2525.16692449642,1.08889170269109,982.812713526561,1.43289557594246,607.799403866277,2.02439080140567,983.009614624946,1.56572564275018,569.556891072949,True,True,True,True,True,True,True,True,True,True,-306.28362671474,-348676.863292444,-207.904911272956,-1457.64842378338,-185.626630726199,300.340192515115,-183.432362408617,-12510.9646107019,-3.74520369361738,-1089.31033104614,296.0832870099,338315.927925266,202.521451507604,2908.91939644596,179.546364192403,878.839253147507,177.834766175553,12992.4085744384,5.99605935613569,2088.23777881756,0,6.05445290825335,7705.53407138539,3.7805819525575,257.051158734533,4.47328819463882,18.1253368307415,4.82335611050885,742.225367450684,0.440483148623852,70.1006917380407,23590.1951427075,30684120154.4314,10951.6564748446,1239623.31130052,8669.75094096756,21757.7824984335,8485.28061493687,42286775.1618447,6.16935635805871,656437.804576365,23626.8515427257,30743495409.7567,10965.9492747446,1305698.60950729,8689.76124823985,22086.3103336614,8508.54537910565,42837673.657932,6.3633817622803,661351.911558516,-701.447415918865
100,0.5,0.25,84.3982322621413,1000,0.900196101379727,1871.33060430662,1.26055422256895,852.422874257165,1.14136620211703,1968.97742092624,0.746798220166861,4998.62877441442,1.46739730956819,566.183184192509,True,True,True,True,True,True,True,True,True,True,-4.94225758799876,-10225.9929348534,-37.8740057652075,-16580.1317576473,-16.719456076068,-18576.584969305,-4.09851096022384,-208887.667988015,-24.1334636746864,-10715.6349740061,4.41843241309431,10949.6067673023,35.0149526269874,16164.0736894289,14.3137590963826,18581.0718350682,3.271692540021,196053.970762647,22.6297534913067,10139.7079139912,0,1.16204961416623,1500.42787224373,2.6892819954293,1058.14465787136,2.34383132861968,1941.09311128428,1.15530452062121,11678.3014267479,2.21768150691615,856.62287001159,5.69672218713582,29152832.1421814,345.408326821827,69707294.635039,62.6127617399418,89764776.3593076,3.53157369819084,10660907789.8223,142.173311182298,28277693.5749146,7.04708149291969,31404115.9419873,352.640564472767,70826964.7520207,68.106307036961,93532618.8259829,4.86630223355864,10797290514.0363,147.091422448416,29011496.3163415,-159.958005228128
100,0.0,0.75,311.586721566695,1000,0.770483363077544,2923.51049027385,1.35736727677712,589.734817132652,1.09898586599508,739.218585230535,1.63674954690764,710.401435157383,1.41048256195251,846.726805956436,False,True,True,True,True,True,True,True,True,True,0.37876478345314,-16378.6261733617,0.782891389948715,178.083024417436,0.473243464763393,-163.756033831534,0.695815174185511,-129.813864894193,0.308269407551771,-1735.30619706443,1.09040745591036,18988.9273644752,1.84550772440642,937.794515308035,1.58705366541851,1512.93506356228,2.39859583169163,1389.24036201174,2.26033308919115,2961.40176074351,0,0.0359289016517798,1618.34542120018,0.0431827048845033,31.8058895193077,0.0688602741971942,64.6237061826511,0.089506907055003,80.6914099232759,0.126162748464798,233.684588338757,0.0329255682270578,81324116.5489515,0.073411194381764,37523.7907494763,0.0806550745281954,182774.42725106,0.188506674209644,150022.31744085,0.247740652851151,1434156.11125265,0.034216454200961,83943158.4512711,0.0752759403829061,38535.4053575907,0.0853968118907082,186950.650651841,0.196518160620197,156533.421076256,0.263657691951343,1488764.5980797,-611.256099288177
100,0.0,0.5,175.362296728008,1000,1.05823309941974,1703.37333450764,1.33170816046908,861.970923539885,0.962695234040155,1054.1722255943,1.76630680285612,535.768660220457,3.40533495838335,398.837882284751,True,True,True,True,True,True,True,True,True,False,0.26850137749236,-11251.4209056625,0.388013447557047,-12239.5317280639,0.41018600490773,-1327.58682768876,0.520054208556678,-692.546274767293,0.0357188730752647,-115.204670047068,1.6831614366174,12432.5873829979,2.04056459331125,12663.8983497858,1.40453220422864,3039.33029806595,2.7483113798742,1625.57373363529,5.83781220641392,811.024217988695,0,0.0824078249554359,1112.9772188231,0.118406909972976,648.602397798101,0.0553676010440528,198.217004581069,0.131454489941727,69.528715081479,0.460567016996631,51.7433271911162,0.130110845457373,36468653.0901992,0.177549369353336,40320661.8716765,0.064281285173412,1239821.64766407,0.322804767864866,349366.408931921,2.18866219394012,55775.8193620355,0.136901895071258,37707371.3798184,0.191569565682684,40741346.942106,0.0673468564187854,1279111.62856916,0.340085050790706,354200.651152803,2.4007841710853,58453.1912708424,-359.895037662292
100,0.0,1.0,inf,1000,1.70274266510507,827.37654578844,1.30975599320899,782.475345413267,0.974904001412441,744.455277362001,1.1323211364638,1066.55359789135,1.46941763070334,978.065282650103,True,True,True,True,True,True,True,True,True,True,0.793719667055208,282.77465045028,0.625306396692611,75.4755373775247,0.633746018018476,325.012095093339,0.774818813545451,261.303126820586,0.853810519990935,262.885934233124,2.42930467893069,1300.85203579468,1.88052823892463,1354.95670577821,1.2499509519698,1120.90097529349,1.44809927953745,1708.34092035247,1.97091511252137,1605.51120745149,0,0.0911780556443232,35.5247224868255,0.0568487644447864,67.2646275476374,0.0330630670134523,21.4950656120737,0.0208152139383192,81.6944100147008,0.0571089664063583,43.9050206155436,0.173922415772361,67386.1890311796,0.102435452572332,106433.197944329,0.0246865077702946,41182.6405054553,0.0294714391353732,136134.770355011,0.0811328980845788,117197.662770664,0.18223585360344,68648.1949389456,0.105667234591231,110957.728063451,0.0257796741706307,41644.6783511226,0.0299047122666712,142808.746982661,0.0843943321285813,119125.313605915,-792.228340959419
100,0.0,0.25,84.3982322621413,1000,0.916858612845966,3298.4240157067,0.787972908460402,3198.09090101462,1.72427082983927,487.746529985684,0.739017920296027,2591.13253739594,0.917340280556663,1889.81594497312,True,True,True,True,True,True,False,True,True,True,-24.419474747065,-622201.739168933,-3.1739488074793,-148747224.44489,-4.67158076108984,-5327.49027761893,0.182311120218462,-883404.002272753,-4.37222119271703,-43291.2201843175,23.2966504133692,566004.221751753,3.45811735023357,142221216.41679,7.36131479007035,5235.8975424081,1.17299418310547,843975.395623437,5.89000945424171,39410.0791600048,0,1.47553478925632,31436.9124632374,0.646883882916265,3266183.75927456,0.380153214701354,533.13458291757,0.0594345822150468,22334.5788958652,0.160113398502589,3818.33276800187,148.026562166486,91789450179.96,2.85961136574284,5504287231212416.0,9.41346709162751,7254638.29480258,0.0638085375846174,193992431249.94,6.84688222523478,444666058.342085,150.203765080792,92777729645.1812,3.27807012371966,5514955187561764.0,9.55798355827529,7538870.77830527,0.0673410071476946,194491264664.396,6.87251852561483,459245723.469282,-197.662011521073
100,0.75,0.75,311.586721566695,1000,5.08737348614392,3834.44146305528,1.36628450781384,875.925500604456,1.17823361841069,502.421109483305,1.37685395233267,547.734107309425,1.04320456421448,1054.29946778546,False,False,True,True,True,True,True,True,True,True,4.45687946978504,3490.86337466635,-42.9339062743484,-31932.9547192519,-0.511630585938121,-28698.5575096173,-2.20885211160037,-1350.2341923613,-3.04368660377349,-46981.2618433529,5.66198416281834,4171.2598671228,41.977654639504,30413.973839598,2.60501827698967,28392.7332545817,4.23142125311381,2069.99249413413,3.98544391056079,43693.9638944694,0,0.0279539125118906,3.3836170840811,1.84444790309687,1635.42017470097,0.131695153858059,655.369409421572,0.36551442089415,187.825987250169,0.57236156417407,2697.94306732071,0.094418885608903,30097.7095647041,468.751816682793,252719900.33463,0.631517028269282,211908822.769368,2.69660862092409,760534.811246321,3.21227360591874,534547872.919685,0.0952003068336255,30109.1584292758,472.153804750032,255394499.482449,0.648860641818979,212338331.832174,2.83020941280567,795813.412732822,3.53987136606253,541826769.714188,-511.044501507087
100,0.75,0.5,175.362296728008,1000,1.18069160889264,1463.50279114871,2.66897582181553,21303.4534586325,1.40816787857985,391.380198111923,1.12500384374273,1192.47083898294,1.42531807553172,458.358233819131,True,True,True,False,True,True,True,True,True,True,-15.8683108344155,-22520.5043980173,0.930401895004721,17613.1374414021,-8.14380183955534,-6486.34517393069,-44.8013714159096,-96378.4716871996,-16.4334261651439,-2756.41706680291,13.4995634373594,20622.7490435532,4.15074091217538,24590.7253079574,10.1237233797054,6517.13083153055,42.3521339037581,88422.0159838603,15.0286915296494,2884.65334917595,0,2.3650327876209,2412.36520106972,0.128414200192839,201.540474624403,0.418110408286691,375.967962163019,2.34957265277739,5170.69714715013,2.12763186908822,394.221953913704,56.0730706367331,121013855.933386,0.674236877557764,3165336.9184286,21.6954541698336,10993303.9582772,493.831777861198,2220319845.64222,64.3554331276488,2068865.97295671,61.666450723255,126833361.796719,0.690727084368931,3205955.48134043,21.8702704833513,11134655.8668502,499.352269511877,2247055954.62977,68.8822504980086,2224276.92190424,-352.407979129882
100,0.75,1.0,inf,1000,1.16700976893785,1191.20032780175,1.38439155685558,811.343128378323,1.3168222883732,498.179163630706,1.38091396423546,1418.64207874395,1.29130296323182,854.973044333567,True,True,True,True,True,True,True,True,True,True,-68.8741279249184,-61463.9313975544,-20.9820937715718,-22051.674773569,-13.1982220846429,-776.732639669179,-31.1178499734136,-200049.935795929,-196.709190405201,-43810.7682717235,65.607439076997,58800.1096591505,22.0122597178054,20766.4105374449,15.3001263167812,1612.04192886577,29.1365552652057,188842.781527254,189.738728143623,41178.9663618503,0,2.80037553215811,2523.19329899926,0.86938181964416,1454.00769414892,0.265961043768508,80.5539915567747,2.37154751295718,7022.30268206479,4.77663752511669,2170.90441141991,1175.80373854969,940331317.225126,120.179989148229,119196581.739005,52.8017963759364,370987.817481668,236.040715689211,9832612758.17362,9709.37466212446,469615325.512478,1183.6458416708,946697821.64924,120.935813896557,121310720.113649,52.8725316527388,377476.763037397,241.664953295425,9881925493.13216,9732.19092817081,474328151.476001,-666.348117263813
100,0.75,0.25,84.3982322621413,1000,3.49652555464648,2454.26279487742,1.47666620367586,628.1655947503,4.37809210022576,3102.24794337511,1.03568911370356,607.477161895628,1.70967624968669,1586.79457264067,True,True,True,True,False,False,True,True,True,True,-4.24567009005888,630.278812765246,-124.132845664649,-36252.7903059802,2.67209909370796,2756.84104170169,-75.8782411127766,-39479.4835619717,-103.576334680278,-36268.7797728393,8.02850021157348,3689.07138012585,86.1818330328024,25114.1770416297,5.69247845300819,3366.79871669746,65.6862619467329,33382.7331090691,69.2934514210497,26337.0707093511,0,1.60515083994612,294.597829530691,20.4523983176652,6197.50354498756,0.195811738651687,40.4298581952261,6.13187601891213,3655.91226315405,18.8511943440466,6552.62946372968,9.79475560990688,608288.165671487,2875.73249344061,244837895.729505,0.5931059792648,24188.487646849,1302.92090534123,345154924.414963,1942.88682875805,254823310.937918,12.3712648288866,695076.046835681,3294.03309038505,283246945.919638,0.631448216258597,25823.0610805351,1340.52080885254,358520618.890843,2298.25435695507,297760263.826856,-122.659441876258
200,0.25,0.75,311.586721566695,1000,1.39700772905602,561.86502034601,1.25069880224913,775.572120059636,0.996346378315848,1180.4020995473,1.85348394573261,715.360378652197,1.41149616278476,758.288537836271,True,False,True,True,True,True,True,True,True,True,0.907342337192581,293.57698593288,0.92120320581334,253.630358686619,0.485574076555121,-1688.33018961923,0.720879108722271,-214.277190485873,0.89306309052371,218.641193220748,1.79860906166823,795.808635339664,1.56161721549682,1194.91165637236,1.39827105166895,3510.00056848044,2.80824763074437,1493.9213028313,1.8839601481744,1187.47310797266,0,0.0441067629226651,17.1516006894329,0.0092021491673138,51.2663611971028,0.0543681959298163,269.58137026247,0.0890262104514045,75.5118020130171,0.0227929276196745,55.2518580495216,0.0516445740293012,16399.0039199913,0.026664347635844,57603.4074687572,0.0541579899366966,1756859.91234032,0.283274560691208,189708.147772867,0.0638361067804375,61024.775191615,0.0535899805648174,16693.1813262011,0.0267490271851415,60231.647259149,0.0571138906653595,1829534.02753291,0.291200226838546,195410.18001612,0.0643556243299132,64077.5430095395,-1135.53531640268
200,0.25,0.5,175.362296728008,1000,1.27650449335717,1376.61120721469,0.979275363227347,1113.57873357102,1.56220401594827,750.044841108782,0.877527804776879,1168.88102009317,1.68514157974821,449.662662731537,True,True,True,True,True,True,True,True,True,True,-0.4349940842943,-4414.26930133465,0.105859444122712,-1873.15545539916,-0.389868237736924,-1251.04757509347,0.261755735929584,-1426.59935597688,-13.8019633472504,-52.2938772818955,2.64314322616608,5606.95322608971,1.63354512830977,3552.17668257639,3.32035045881235,2246.019517629,1.39207807993823,3151.363185745,15.8640389806949,850.549926080192,0,0.1723912898686,780.327316712534,0.109544141271103,274.052007030382,0.0969974908809574,252.555355608623,0.0505678187793686,306.481722706816,0.654228766070664,50.5513320050119,0.616006497437596,6529061.01080406,0.151732052518731,1913647.64995904,0.894969703915942,795091.743983853,0.0830642102609602,1362554.19292716,57.2173009958668,52994.9587087406,0.645725254260156,7137971.73201184,0.163731971405555,1988752.15251642,0.904378217153143,858875.95163045,0.0856213145570633,1456485.2392805,57.6453162742211,55550.3958762216,-767.860044789148
200,0.25,1.0,inf,1000,1.13447654980509,891.046690378751,1.03930648643472,1070.56822621828,1.22185722776398,687.470528192787,1.38811547997012,759.486463583416,1.24474958260766,1103.36320961633,True,True,True,True,True,True,True,True,True,True,0.834772540766095,132.846939239726,0.719409470503736,83.9920525238421,0.904252485668946,410.695879576865,1.06976300637251,465.14757318536,0.949486380172929,319.482481594784,1.40479479198424,1498.01812851722,1.31565935583501,1911.42959072296,1.4993266487265,920.610408889628,1.67423992589105,1011.93824466171,1.51786919709366,1749.07036076619,0,0.0145784662915996,75.770315849817,0.0217951196095993,72.8533188090188,0.0201457008827452,21.7923823046219,0.0160302658499098,20.9546586980296,0.0112374902491688,68.9250779732901,0.0211248159012065,121166.773520228,0.0231135115856605,217117.284330307,0.0230224481630122,16904.5684531193,0.0237557508047447,19437.9968858532,0.0210034769737462,132871.252697732,0.0213373475806218,126907.914284209,0.0235885388244572,222424.890391795,0.0234282974270692,17379.4763796301,0.0240127202279635,19877.0946070041,0.0211297581608463,137621.919071356,-1464.38758473515
200,0.25,0.25,84.3982322621413,1000,3.60781109653387,186.388794601629,1.58012846726655,486.293749999385,3.99750583662127,212.875261735783,1.21149828382756,841.978533403128,0.975870901075193,1267.32615955382,True,False,True,True,True,False,True,True,True,True,-24.4416391254404,-85.2499386162019,-1.28936341572237,-1489.01500465438,-46.9671759654418,-255.703130495223,-1.96852478426225,-2639.30000339266,0.0592086751462971,-16309.9813864462,25.1902003241166,401.088283478467,4.07631116212071,2111.00383372049,37.3616957898284,528.885032059512,3.95992264548116,3565.86790001864,1.72875206224341,15626.8466123272,0,3.23847479655323,28.2885153446171,0.187478394827576,174.507712732373,8.8225685039032,75.2478689466064,0.216840195906291,376.310120088719,0.0804873093473984,1615.39861472736,160.151148464921,15377.5136239283,1.87179366967932,842594.968822145,462.340453490896,40021.4498541127,2.285026605593,2503320.1184925,0.181219419252757,66312114.0432076,170.638867472831,16177.7537243309,1.90694181820644,873047.910625229,540.178168496961,45683.6916351184,2.33204627615368,2644929.42497368,0.187697626218741,68921626.7276707,-360.651835614514
200,0.5,0.75,311.586721566695,1000,1.1735446130991,878.279230463053,1.02181524608185,1198.51351321445,1.13115095508791,685.634819002953,0.966240032361041,1066.75450853015,2.66540098220548,654.639857471069,True,True,True,True,True,True,True,True,True,True,0.0286016371111246,-309.544317349374,-0.270085181952774,-2779.83042312734,0.739119672463338,47.6805140059764,0.0222377784499199,-1446.43320449926,-10.0577467374996,-1142.95978694562,2.20588803524051,1820.75511231514,2.03009068422308,4320.29693487914,1.48208577194986,1200.15563898974,1.70180800711758,3087.73304903271,12.4240745653554,1806.59529136743,0,0.0564082604103778,122.640268784108,0.141769452161146,428.217254943226,0.0205676192131252,61.7358975497361,0.104262402063796,246.074300174418,1.48233381310243,322.852427984356,0.308205534958982,295046.601823896,0.343978580340961,3277491.64068302,0.0358878392363961,86352.0069279873,0.183402668648448,1336608.42857496,32.860358549488,565616.845742465,0.311387426801507,310087.237351334,0.364077157907032,3460861.65811413,0.0363108661964922,90163.3279742588,0.194273317132561,1397160.98978129,35.0576720829548,669850.535997858,-1047.11550365334
