"n","p","q","tau","B","shapes.1","shapes.2","shapes.3","shapes.4","shapes.5","scales.1","scales.2","scales.3","scales.4","scales.5","shapes.lower.1","shapes.lower.2","shapes.lower.3","shapes.lower.4","shapes.lower.5","shapes.upper.1","shapes.upper.2","shapes.upper.3","shapes.upper.4","shapes.upper.5","scales.lower.1","scales.lower.2","scales.lower.3","scales.lower.4","scales.lower.5","scales.upper.1","scales.upper.2","scales.upper.3","scales.upper.4","scales.upper.5","logliks"
500,0.215,0.825,377.709824077126,500,1.19663777349523,0.969344863819266,1.03544939215204,1.06700027814257,1.40324562163396,882.775724999248,1022.31746702042,779.631846779127,1135.64255040429,817.172260293558,0.910834604845039,0.761588903694773,0.862683149666583,0.85987943908256,1.11038899784838,1.66747262768276,1.23192742716153,1.25053910292947,1.36510648794693,1.78123796573207,618.070421129107,700.795531721666,598.804317576564,788.263635144287,624.585115891353,1580.30058274847,1680.88967819341,1175.30675374704,2190.47574855365,1274.75282629515,-3140.63500328695
500,0.215,0.825,377.709824077126,500,1.30973093024955,1.15471380689288,1.15700528329446,1.46932534127503,1.27274582820584,928.726388494888,1206.47666432635,753.959617664514,750.603833993591,818.059552789889,0.962206668368984,0.872109729968096,0.967438316696543,1.1959989087158,0.962967412356028,1.72550376985793,1.65821497853933,1.33600103545401,1.83048865083105,1.65642213804335,667.741913843444,750.89987076565,575.799111199596,572.857759980801,611.80419128343,1676.74662308148,2368.3915009006,1044.30808172985,1006.48343767566,1374.18893204135,-3100.78055397021
500,0.215,0.825,377.709824077126,500,1.29141131145049,1.0472487154597,1.46757222625402,0.814198953972322,1.31981716705695,1033.09287198207,1216.03180106829,612.441210968186,2676.71636146505,700.829871039055,1.0566388911512,0.825160461336744,1.24589143701241,0.633100709130355,1.08665277695191,1.66807327306807,1.3267376595195,1.76664317716861,1.17098696692638,1.70632768997607,729.567091598949,844.71454264878,518.925829553548,1249.79797423988,568.425567049022,1726.67135607651,2319.58887978132,767.74574652667,7200.12879814148,945.08277738226,-3072.11005743577
500,0.215,0.825,377.709824077126,500,0.857164111950481,1.22834675794324,1.06269693575461,1.28570631638739,1.18943369788188,1849.79926874818,802.499945622124,1010.59041729098,975.471485592428,785.98006908159,0.615781172799926,1.05274300146789,0.834487273292109,1.03322903107723,0.991995535518828,1.1289984935614,1.45042451922597,1.35694592278078,1.75781455605235,1.48053118286438,1046.43170871637,629.269006821506,717.153770771258,703.685145151468,603.216321065675,4961.71118437077,1135.91209246402,1738.46771578906,1543.27791940806,1101.44225539704,-3087.18571536832
500,0.215,0.825,377.709824077126,500,1.12389558335576,1.35062656652489,1.14626020766658,1.13277759627071,1.16859368601984,1018.454793373,820.255774647209,740.979000203497,1053.78771114246,972.603148155002,0.904348555444046,0.972419279909036,0.953568046412284,0.840273304724762,0.924026734324767,1.3664460762051,1.95986262904188,1.34923845374462,1.42416774015312,1.50117168602161,741.46635847145,604.673483008401,589.80378521288,746.754180470059,724.512667351773,1784.25155775356,1290.49583116982,1012.96924740003,1947.55387983124,1606.79269945305,-3109.96000034696
500,0.215,0.825,377.709824077126,500,1.11561092652199,1.3618707294826,1.28819808124716,1.19167194983424,1.17689373332907,1241.50712596018,722.671120006814,627.086252302686,948.686006017509,810.489683341122,0.938926649366744,1.12644481770751,1.05484931996093,0.953708690328504,1.00066924693781,1.50349151121354,1.67895044920442,1.51924526511989,1.46607509972038,1.39250031390959,833.561380148927,572.013201183134,508.862179523013,696.177337629257,625.601127246165,2092.23147299405,1018.3926445497,837.024148953637,1640.79418561606,1175.18948163186,-3152.82351581946
500,0.215,0.825,377.709824077126,500,1.49104196250468,1.17891154693013,0.872189333765222,1.29372210685398,1.16800491804081,815.164082098348,849.882574747145,1251.39124857725,863.582061201984,1015.67220259785,1.16829418322459,0.968853381569084,0.727158440601001,1.06975177647762,0.963151754852604,1.87985801996854,1.50866128885504,1.05063874359284,1.61874228017123,1.40857183456163,629.838847779716,638.804850097338,852.568160676853,642.299044749834,756.00282638241,1171.49484203789,1282.67065260781,2071.56144161961,1264.27980460142,1549.19134616118,-3066.70907930946
500,0.215,0.825,377.709824077126,500,1.48389370343254,1.18349664903635,1.15543743962475,1.11714954102912,1.11515900909584,826.960279974327,821.818283597971,756.100024550713,906.066268329708,1108.97404042748,0.969568960799526,0.974938189665732,0.926034874906191,0.867825998365716,0.911028493878382,1.9128347957962,1.47565443987892,1.41428959788856,1.36859723724408,1.41168822052329,627.988965309767,638.846784139472,594.233701723411,674.727634718644,771.906434612362,1695.76642299998,1318.17453843057,1088.33663861693,1604.73651341762,1999.24421445325,-3149.47752789542
500,0.215,0.825,377.709824077126,500,1.7559716876662,0.956373871001884,1.24741759405254,1.06632929216749,1.33546721862359,826.026338287485,1156.46831967601,690.266867594755,1326.2030491736,869.429547837152,1.37896430314161,0.784133040404166,1.06022745551034,0.850326757457475,1.1241482784406,2.34769795685621,1.18555064779612,1.4897578765444,1.38753169830223,1.65212248086589,648.783683248992,810.772977119233,561.315745575855,884.936731391834,669.242137246058,1369.55427217992,1965.81827938054,925.218270804166,2498.07567634132,1248.74991835438,-3016.33699626794
500,0.215,0.825,377.709824077126,500,1.06549664034379,1.17286062608278,1.1547558455276,1.40151068535586,1.13004992370583,1448.90236027262,874.121582392303,773.900414621824,781.58532493497,886.417630963517,0.806317579754283,0.943476019702885,0.935757817081063,1.0473528277716,0.926035878005789,1.42544403798416,1.50560929571019,1.51493710438921,1.91097711229206,1.43216149691316,873.861357095834,624.318146908391,583.929917068486,583.149071151963,649.041419326459,3857.98366443282,1400.24854446974,1142.56341226311,1317.7263340495,1422.07311990263,-3109.77903503184
500,0.215,0.825,377.709824077126,500,1.0475375085273,0.991777830431691,0.955837135541168,1.40496410964637,1.25755816960737,1399.50545383199,1123.03569260035,1265.05830902466,827.915450051885,695.820562400552,0.860767845810013,0.804928689488689,0.786301867910112,1.02406188979964,1.02069393431559,1.29962209943263,1.22653701582682,1.27098865169946,1.94672161379789,1.56444898449966,973.543913358359,785.725344675307,820.607400060022,616.669291334056,561.016007629941,2728.56759227723,1882.30733075543,2394.05024523572,1390.34757986464,993.77746714063,-3067.8821730065
500,0.215,0.825,377.709824077126,500,1.11419216862517,0.887904830893313,1.55383400164727,1.28183788856473,1.24025909439053,1174.80909185294,1323.21720854961,630.738375873842,835.326830962805,709.112934455634,0.859515723776304,0.713602737908105,1.15153267107245,1.05252654693097,1.06017117159217,1.59163001593698,1.13171214538526,2.05286359349754,1.54626717623235,1.48240124432555,742.638915016399,875.6859434203,505.460656113628,631.400091179178,555.084850275139,2508.96090560684,2365.45406695059,1000.46341591304,1204.60547482252,957.786893904197,-3153.90373570725
500,0.215,0.825,377.709824077126,500,1.11434530136906,1.23681733139463,1.05661646975564,1.38385540627609,1.17894198593368,1089.4644781218,870.71540798437,756.175676347522,1004.5418590032,946.271275791271,0.849988150641973,0.989499520120217,0.929152607822014,1.04819884270429,0.998902740812655,1.44796295303433,1.57458946098194,1.23465364078712,1.83892201470896,1.39666507038315,754.022490522445,648.363180390649,581.444677614562,712.858569895327,719.775451669149,2058.26079435408,1355.26601523203,1031.45646409413,1714.89990457857,1509.58718492177,-3077.65716543675
500,0.215,0.825,377.709824077126,500,1.23265668411805,1.15965621186632,1.02160005959172,1.26558828685482,1.250923236716,905.843681377351,798.676993271034,1082.70376591641,1205.42596192853,842.400894995629,0.956457632440952,0.961685398381375,0.86915772229326,1.04391211927556,1.01250781140215,1.64498438552873,1.40495031984132,1.27952399545533,1.56624539556557,1.57078827907764,639.041519090237,630.679546941393,769.419734560354,858.227561008241,629.308683492256,1475.78135452553,1109.04056160347,1758.17040798266,2143.08550095575,1278.42698364656,-3070.35062839509
500,0.215,0.825,377.709824077126,500,0.975006360554288,1.13333909310313,1.29445182314697,1.33460233998607,1.119776504585,1340.68949238049,962.95815759987,664.589370504926,809.775086928756,1008.41945089943,0.784420497638789,0.916773305542041,1.09765486661336,1.05531803248629,0.90412955954708,1.18537353095782,1.38838806151035,1.51806165192321,1.70771036506769,1.43110854886061,934.279799463966,712.763799625459,542.466814015293,630.52381371948,718.895873206019,2458.69704142713,1441.7227899521,873.164642430177,1275.75738656272,1668.48303200686,-3107.23367583932
500,0.215,0.825,377.709824077126,500,1.59337969762384,1.0799787110949,1.05247832377199,1.25224429335308,1.43561541547501,767.538745807654,895.060222543628,1092.29704416169,939.041307638228,752.351214619469,1.26638399485794,0.890651893610608,0.814883967245954,0.967464205653223,1.1617927019247,2.17677828164583,1.28670133424179,1.43260247409081,1.64021568569037,1.87156188829299,603.476252690082,663.029164303271,751.096136443056,673.047308387215,591.537842038075,1112.89813682947,1375.43730301192,2024.4794623081,1632.81943004276,1030.45398763938,-3101.66458723039
500,0.215,0.825,377.709824077126,500,1.11479141840588,1.12519787726237,0.99347307122713,1.13552428928939,1.10806671837337,1356.22086677722,988.582876894916,842.808921592093,991.190674596371,952.561334519184,0.86570422090786,0.918031911471808,0.883495893109448,0.954102853803778,0.94293581453332,1.39427817809681,1.39770770696423,1.15684209361635,1.3445078243402,1.34528667259823,894.329163439255,687.65028536529,647.123283161494,735.548079539765,712.367789802766,2779.55945222577,1443.58233987311,1145.6547575706,1622.87683599004,1533.91686626821,-3031.6690792313
500,0.215,0.825,377.709824077126,500,1.12775396584808,0.951822485341271,1.26572962373228,1.29544694687886,1.13070906393696,1095.09304228239,1214.68809277087,711.653327534408,909.235884579308,1177.47016154425,0.94879941691865,0.803781172769737,1.02927729893254,1.05219414871322,0.914052921860429,1.37467555260941,1.12230274315224,1.5729329017358,1.69072238916054,1.35397252823474,801.462224763073,840.421855380042,554.152127317976,662.214083001881,869.669518160519,1755.84137001533,1909.60087509702,1055.02719477093,1280.42836691248,2192.96672024016,-3070.38735941264
500,0.215,0.825,377.709824077126,500,1.22741468938522,1.24028216066658,1.02107383463918,1.31628748050773,1.05332083148903,1029.37633309124,835.324701548006,1055.58637965254,953.835001845626,1191.58577754919,1.03371978052693,1.06920387585559,0.833796691101063,1.02526056374979,0.827121658747644,1.55448958974706,1.45825374560508,1.26732899276357,1.73481833178492,1.33411193041745,744.604796672776,647.861437899539,758.708469336697,717.225154524997,834.873970468646,1626.45530456169,1104.99381040191,1738.70653036928,1464.05908114557,2448.95505808624,-2981.18796400009
500,0.215,0.825,377.709824077126,500,1.31560760264294,1.14460653711476,1.26782005852145,1.22329070729293,1.18272598111223,962.442587013592,775.42636105054,913.103668555856,952.960726078729,1012.02430557474,1.03505982710777,0.924707585458232,1.01738833326196,0.938686012841234,0.972875531854606,1.70118623952825,1.40136120462454,1.57609450999636,1.66510203785646,1.45914543026569,684.473088589733,613.656288726851,686.16096952172,667.276865714165,756.482761927025,1595.2356153698,1127.32925102632,1359.67447185071,1599.5172041039,1695.13987495156,-3062.27060481568
50,0.215,0.825,377.709824077126,500,1.00826525979943,2.00503292987944,1.23408337954368,1.50484506739332,2.4682783881291,556.122250474048,507.153203991168,632.398838449215,723.103601292453,626.20112994898,0.659033145648844,0.689703877249121,0.705938744557664,0.523445236588884,0.977445743053787,1.61985158875936,8.03816889262212,7.48699043976582,5.68641802387853,7.95094536167946,341.012842334951,346.477899051696,362.236733479429,383.712180971807,376.092412545601,2142.2333598746,8635.59717748884,3385.33899396992,90649.1912021122,2352.12732130054,-339.384155558218
50,0.215,0.825,377.709824077126,500,0.977313106337022,1.35792403091161,1.01384970688012,3.79965276175901,0.911661379524015,1554.57004337386,813.126424707816,1261.63995534772,463.940675955176,2119.16689736662,0.497787330613624,0.791543190048502,0.437468525867173,0.92972172033519,0.555839314386199,4.14106868376075,2.34177511658401,2.67814232679258,12.3061807045066,1.72313861351722,470.783128040421,445.987115675547,510.326755071135,382.658295963957,814.620546247148,19052.4175359874,3477.42226657706,41242.2221870203,1348.35167807024,38494.4687456561,-297.416180333249
500,0.215,0.825,377.709824077126,500,1.28295215350587,1.11306448405307,1.01759205273028,1.75688603251236,1.2630889137163,1116.69980575726,862.24957553344,1008.59073075562,706.132878348031,846.336266125687,0.963683253391377,0.860574006456911,0.811333772731869,1.39339997729605,1.00047140744139,1.65930006259364,1.41367665098611,1.24957054976204,2.23742948487683,1.58200567561429,787.883476087362,652.255933298337,725.025133408598,568.654327495628,642.884724109147,2051.21578307967,1481.4978979799,1618.29305582531,1002.44431246418,1358.60796262536,-3089.70033024583
500,0.215,0.825,377.709824077126,500,1.29125814153311,1.12940518239354,1.12387862877731,1.37972064723229,1.24342667715644,1206.65344614941,980.859410188492,873.508224582006,779.747188252224,822.967202374853,1.00834626753982,0.923658361655847,0.89071302310525,1.1888588759098,0.967893867942946,1.85545598161362,1.32808016300779,1.32775390276733,1.64191212887932,1.58870782251999,791.910425622396,730.215601563829,661.407874966657,616.929369341788,634.372706514519,2093.01226262204,1465.02620281543,1386.10534686335,1102.08117954318,1332.15277910174,-3065.18002158536
50,0.215,0.825,377.709824077126,500,1.41204858701109,1.43324027438479,1.92484666487991,1.14968560497993,0.987515858647283,1097.2111578958,718.168516958925,496.099158935888,1187.54549398317,1447.35028645938,0.878843061758122,0.681615747727225,1.3244458304251,0.768507110338092,0.671683288056038,5.83304236864963,2.45732048489153,4.6544314848749,6.04490474386059,5.09799432695018,444.096662131323,442.539312566467,369.247044022162,490.228547222748,539.70734198846,5103.56906969566,6649.83496324039,836.503245466826,7950.20644811225,8070.23856928105,-298.97015204396
50,0.215,0.825,377.709824077126,500,1.15612236961113,0.846365508317855,1.10260416916225,0.826263271460121,5.16556973124046,801.823823348493,1419.35373461253,933.999857734239,899.514767976206,6720.69950544772,NA,NA,NA,NA,NA,NA,NA,NA,NA,NA,NA,NA,NA,NA,NA,NA,NA,NA,NA,NA,-291.064116577523
500,0.215,0.825,377.709824077126,500,1.33188924509131,1.37642002492866,1.1145530660855,1.07686522360731,1.05005150177802,905.891262579951,747.442992206884,779.688707395175,1063.65997227583,1478.37801301659,1.07867946098171,1.162898522029,0.942620032212112,0.879706135584739,0.869405245198052,1.76592631426481,1.7142221041798,1.30305979573958,1.28953056114497,1.28712693016231,668.481427422264,595.675277610768,613.062716322858,768.121762583316,977.329238634669,1395.63501625642,1058.23365527418,1151.35788647392,1828.89861017438,2761.91181793999,-3031.58458730168
500,0.215,0.825,377.709824077126,500,1.27300094533172,1.24647127107409,1.04412282126241,0.959790983462916,1.31840948508525,958.644068143243,777.400153620853,850.711741331906,1756.80522391287,802.861534234412,0.974365069138778,1.00879362293137,0.836031394058435,0.707917032647767,1.04433876006785,1.65878475098859,1.59989941156362,1.25733314382657,1.3771117118769,1.68929246702154,692.782128933191,597.753878973241,670.927836609174,894.71162939027,602.479937282556,1703.05077552109,1141.5274473221,1361.96956663207,4678.25397138123,1202.07124768447,-3119.27003306676
1000,0.215,0.825,377.709824077126,500,1.19534721142648,1.13414415503631,1.12071491173353,1.24932361757411,1.32607924453635,1044.05303380163,988.850443669622,880.657226739198,877.591730286024,926.049285566925,NA,NA,NA,NA,NA,NA,NA,NA,NA,NA,NA,NA,NA,NA,NA,NA,NA,NA,NA,NA,-6169.11226992835
1000,0.215,0.825,377.709824077126,500,1.11239274031297,1.14898010852872,1.26957850985858,1.21010399975475,1.18728493503799,1062.06630023541,914.257740998042,775.477076998144,935.54085682574,891.474407430125,NA,NA,NA,NA,NA,NA,NA,NA,NA,NA,NA,NA,NA,NA,NA,NA,NA,NA,NA,NA,-6211.89779843245
50,0.215,0.825,377.709824077126,500,1.57349669763362,1.19288134916749,4.50548017144005,1.33772006167695,0.691393055212926,847.645641914332,522.962178779773,577.726377366083,640.973924195747,2515.04855462631,0.920062574326617,0.698779990831623,1.5518890428119,0.657136874228952,0.324138995181438,8.31663668284221,2.72034382981838,9.8975682015276,3.37283092618787,6.21546047002169,422.963174179711,345.068513589605,394.147196468571,384.057824238471,421.103762293991,7489.25087882945,1923.28420968001,4447.05720338157,3264.17678728419,372247.979726342,-319.841663606682
50,0.215,0.825,377.709824077126,500,0.801732071162308,0.684105486183038,0.602812641782063,1.31103010427609,1.13490910164657,3600.85580205144,8667.43782512066,3020.76741648271,516.047673754034,467.535986379948,0.398304128389947,0.342383353472974,0.314459940444617,0.76407252702689,0.797986473001218,4.8890911000646,3.47810819418098,2.74943091686536,3.12579670110661,1.51098253920958,487.700023551369,759.111058256496,658.033819420733,332.986617934556,273.804604511708,576222.154961373,132982.495189788,620371.26021767,1325.29138880101,883.372525961523,-310.065569742624
500,0.215,0.825,377.709824077126,500,1.04039776876761,1.27626386646083,1.17143237030407,1.19181104163737,1.09140181508143,1276.27330762219,843.581399177335,903.124200676705,835.506282674825,1087.93970163551,0.87942838209885,0.915891773784958,0.942785255888655,0.899563337627057,0.894820774788986,1.23562942801916,1.65158222933261,1.43234752636387,1.47306960381434,1.32785355766057,938.426534603182,616.463981382924,676.913106103873,637.825952168555,777.034466907467,2226.89823411114,1560.09794562836,1455.04177303031,1376.54271223349,1798.9285871538,-3056.34103428103
500,0.215,0.825,377.709824077126,500,1.49863117906771,1.04884084262042,1.22626524755045,1.12510508941059,1.27113607842762,809.669310517119,799.164349939862,656.270242798656,1061.32102513158,882.514853350063,1.03505639644301,0.872803383943963,0.989674500801156,0.872980171084149,0.981571745579531,2.14007410962245,1.32797993310672,1.60293998505237,1.44004674120947,1.67786620666917,592.814140849449,611.647392089112,518.151840153677,714.937784799812,634.183376688204,1513.10867656103,1218.78478898291,927.610908670747,1880.23660008805,1426.26186565644,-3199.64824458547
1000,0.215,0.825,377.709824077126,500,1.10444391122363,1.39736109784608,1.10351487225346,1.14323945938271,1.09301927751471,1445.51359131951,841.416714034619,871.916299951458,1054.22913699787,897.952479457595,NA,NA,NA,NA,NA,NA,NA,NA,NA,NA,NA,NA,NA,NA,NA,NA,NA,NA,NA,NA,-6090.87204555565
1000,0.215,0.825,377.709824077126,500,1.18293822308928,1.30795493139192,1.11855957340553,1.16708219662491,1.46262803241362,1153.64595907219,709.140221772544,1126.29062881999,923.391635622229,804.916840717785,NA,NA,NA,NA,NA,NA,NA,NA,NA,NA,NA,NA,NA,NA,NA,NA,NA,NA,NA,NA,-6156.68039676403
50,0.215,0.825,377.709824077126,500,1.04193405476834,0.852232462786887,1.91749668775637,1.55766787945271,1.60371847757799,736.160374022692,1843.91207702827,558.034979635466,888.899570321104,835.719584390899,0.732487551231544,0.502772177337688,1.3755654739679,0.698441480090919,0.877311266077051,1.71544204249184,3.83637160392031,6.11220320130816,9.34483829403515,6.57179299036309,397.78041734949,501.245156760412,368.948106678527,436.407073097206,417.132119963136,2810.58307063931,25835.2230830457,1287.167148268,7184.44516750632,2926.82243549678,-304.131251889699
50,0.215,0.825,377.709824077126,500,1.86087174435921,0.904052342627615,1.95085137273953,0.729976220133979,1.52332865948835,727.161746526247,2611.0129782427,366.173326568542,1146.7565809932,719.543237924974,0.932926950552222,0.521604770599197,1.1292506765593,0.347912318588016,0.903795276022853,6.49303507218344,4.41777020418198,2.64527842336298,1.67599322126966,7.79147175079386,376.598207817097,715.913519930691,274.118817945381,422.346017427204,393.606685442137,3767.98926863975,16315.5702197074,614.729513658939,70115.5535254317,3119.64097944063,-312.439547387949
500,0.215,0.825,377.709824077126,500,1.18151238730861,1.0339744196036,1.06383299472476,1.14191731217249,1.43987064467854,1048.94729165191,1056.73416797825,921.749616126761,1092.45338367994,680.525846842109,0.969620793871973,0.863091371521599,0.888411955699749,0.926332338179942,1.24835264365057,1.47914107365036,1.25386004850489,1.29302448120258,1.43217794073591,1.74863791643512,759.464463777872,773.77702575135,678.57465348847,807.75457770039,541.905961273249,1840.36712910204,1700.28207420523,1368.93591290626,1800.49113496845,895.306142039109,-3085.30742963668
500,0.215,0.825,377.709824077126,500,1.03165355386617,1.20466402562168,1.00864364221751,1.49510662362261,1.29464796548242,1135.38330920997,889.084971658532,918.599263318763,712.053019158248,755.481805858943,0.78804182879388,1.03008202730693,0.759621898517297,1.13386538478306,1.02752954732169,1.3353921413708,1.44049312964742,1.32607753151797,1.81058532100552,1.61090292410276,756.56027446976,667.507384582739,642.673073735584,571.806527680925,588.549749903429,2245.49866149886,1284.98058895143,1603.50137555174,1099.5736825647,1118.04871270704,-3149.70502080599
1000,0.215,0.825,377.709824077126,500,1.32677987767756,1.2760007083391,0.979934614431705,1.34268612037583,1.19467617840421,1056.71709173869,761.09094587473,1025.55265571669,844.938944363925,887.845773267907,NA,NA,NA,NA,NA,NA,NA,NA,NA,NA,NA,NA,NA,NA,NA,NA,NA,NA,NA,NA,-6165.87555868658
1000,0.215,0.825,377.709824077126,500,1.27419894915183,1.23954316285617,1.00895413252119,1.14485678031706,1.25787683521451,1072.9061922472,767.799327544888,966.84528222532,972.133390886742,760.366205317108,NA,NA,NA,NA,NA,NA,NA,NA,NA,NA,NA,NA,NA,NA,NA,NA,NA,NA,NA,NA,-6285.60456847568
50,0.215,0.825,377.709824077126,500,1.16234088817997,1.19670413853585,1.49021942799414,1.58891958626452,0.697822945849539,1708.19801260663,1687.29943876943,620.489823339461,574.331889795944,2617.32665816204,0.505015634355393,0.571359969241754,0.762068875848939,0.79642967351199,0.311795088574906,6.47597129513321,5.65198641038337,3.39328428512064,15.0862780200749,1.93140550679733,497.74757580191,511.264253514052,402.435776471578,388.744863367834,761.821514930685,64988.9359530819,10438.7298226376,2148.97327592855,3636.18350109094,1869689.53371997,-299.258301820025
50,0.215,0.825,377.709824077126,500,1.02458281603923,1.04770042514244,1.44721835142118,1.13401970393422,1.42093851923331,1352.0618491954,681.582716103757,676.671890206447,797.222921770906,948.109411216846,0.436138728769153,0.551477213801512,0.827764991646077,0.697542377505416,0.55200495556344,5.19221188657142,2.19199674112779,5.85824964281329,2.15770234482402,127.521537224138,519.177378294055,395.46723192569,373.571228210238,396.920061144427,384.471927909008,82739.6584677555,8873.11278896336,8307.07069265771,9971.07946584729,44677.9897085838,-317.074065778016
500,0.215,0.825,377.709824077126,500,1.1947866879623,1.25541858084784,0.982335831485156,1.04791390069676,1.05704768439303,1169.50231669728,767.719767514911,916.600480617503,1423.48755711012,1235.23667171873,0.98351672665151,1.0289481006577,0.834878245459786,0.843978486322839,0.872823449569689,1.49709786754084,1.57704084466873,1.14861390232911,1.35349081293622,1.24110775842492,801.850423202198,595.438278602288,696.685781581257,894.135065224079,890.429489661267,1864.3092219982,1092.52105439422,1258.71047000196,2842.22322200878,2099.89856462219,-2996.00275079515
500,0.215,0.825,377.709824077126,500,1.4711780942776,1.19642350612534,1.185418909365,1.36256031407976,1.24595892791533,876.723611356259,803.79510312445,671.522214848779,810.341457288022,1050.74065659857,1.03719312963166,1.00664618476242,0.977237865674869,1.03106688052307,0.99395605207329,2.05280118162069,1.49981648936097,1.45256886119491,1.84447161801212,1.59287153116293,625.367051340833,618.967548760727,543.36627294235,595.217555602084,752.312972577607,1652.7866249654,1139.48313205123,919.672811109891,1403.05425423821,1972.93767015942,-3138.67561842469
1000,0.215,0.825,377.709824077126,500,1.14817345505119,1.21153994937432,1.20930481269971,1.23399913482972,1.05976217213698,1142.56608253704,819.357084409142,901.147694400686,940.58634600348,1069.38484943441,NA,NA,NA,NA,NA,NA,NA,NA,NA,NA,NA,NA,NA,NA,NA,NA,NA,NA,NA,NA,-6167.84502828972
1000,0.215,0.825,377.709824077126,500,1.56701451585571,1.3066640107496,1.22015159069708,1.0660416953354,1.07931577041002,890.234256874148,746.249180121141,756.91235490934,1027.48257012411,1146.03691180089,NA,NA,NA,NA,NA,NA,NA,NA,NA,NA,NA,NA,NA,NA,NA,NA,NA,NA,NA,NA,-6202.79721119161
50,0.215,0.825,377.709824077126,500,1.35908003678587,1.6528922158181,1.58967414567014,1.18529120012633,1.32482430075066,1122.03069802293,846.14368746412,886.390372508312,737.686497078781,383.049187009697,0.838671412189046,1.02049188659778,1.16585506590525,0.812965120328463,0.846627475313679,6.17764759094228,12.647957494057,10.6825843338112,5.05381840013864,2.23034993211933,410.828792374237,375.770809117109,398.003601298405,375.611716772713,274.634835756275,4799.34283416734,3529.50752365352,3699.70958818622,3861.3136963061,759.949546954138,-314.771499279925
50,0.215,0.825,377.709824077126,500,0.808448833884698,5.48652950197547,1.12114618853918,1.49373237001556,1.06517161030654,1163.06433234738,5434.13602219893,759.361788954904,532.046423930887,1212.87542231316,NA,NA,NA,NA,NA,NA,NA,NA,NA,NA,NA,NA,NA,NA,NA,NA,NA,NA,NA,NA,-288.983142099937
500,0.215,0.825,377.709824077126,500,1.43566102360206,1.02872040771111,0.955877801151929,1.20580825633957,1.34702178605362,762.303669749946,987.225336532755,1117.08019154228,1031.24479076367,746.608246323923,1.06044773823155,0.798432970178228,0.780473594019935,0.99409807674969,1.052569759415,1.93757867895812,1.26569266416525,1.19880402522312,1.50130480076818,1.81174801425387,577.611347605115,705.574575225821,772.877943702221,730.66753940546,568.316320280843,1204.56685554827,1728.24496282334,1803.4191149028,1612.73769164776,1130.79573645405,-3155.62543335028
500,0.215,0.825,377.709824077126,500,1.06021162975077,1.08324734448771,1.2477344231523,1.24845776192188,1.15033807939611,1128.00314743672,979.040350131055,761.049207690545,913.624638678145,1169.80498695549,0.88812453486686,0.882854359977355,0.994520998920564,0.925143858656664,0.824765393865712,1.32102659789068,1.3443987130358,1.5511070726215,1.64585884696888,1.56961468885187,796.865699151502,705.677121829982,594.933021803478,673.107170699744,756.880124827697,1758.5622308272,1538.01489427281,1120.42219335731,1606.62783687264,2515.0873038495,-3066.51526781312
50,0.215,0.825,377.709824077126,500,1.0223915377721,1.10668624875616,0.819123342516961,1.96442339044589,1.16847115849386,3459.05683205997,912.511506602223,1995.4565856547,375.182130355169,1207.16219717242,0.744314781786418,0.451102165912636,0.321750796296794,0.851523194959066,0.718972835919079,10.5891756927647,3.28357958766195,2.183275937442,2.92083893763204,6.82388065903419,391.359862027327,425.985570793263,512.251556241164,285.918195208474,516.979877663808,13471.3206425587,26244.572296429,477410.607795191,682.010813942692,13683.4959838715,-315.421915496115
50,0.215,0.825,377.709824077126,500,2.03565943555228,1.48100558901188,0.984928186022684,1.17665832323707,2.42136908371524,480.201258651379,1154.17534955364,1151.57998882188,1051.71139185707,444.684555177682,1.06629920466074,0.883605226917503,0.606946299346365,0.422087553213669,1.00458274867639,3.53474224535033,14.8079116595948,1.71367315875,3.36277047934012,6.02817493577918,359.01232746833,401.611734829172,498.209978078016,448.967972944638,356.465558518507,1466.64580782897,9532.22372995362,11676.9178093505,176734.238557966,1297.72082371031,-323.180743491168
500,0.215,0.825,377.709824077126,500,1.04687265561688,1.27974274189223,1.02582009764166,1.14289701143524,1.40915858372931,1436.18555749241,902.804240658274,816.791603808628,966.415453158971,923.840054265293,0.861934596341618,1.07969659555089,0.857420130141057,0.943076948319749,1.10244853503828,1.38771581572425,1.57045553571037,1.21321121137051,1.44545714772393,1.91865608924989,945.167200028907,687.621898704436,622.410080617823,724.591894730442,682.820972242661,2617.40205980011,1326.75009238206,1185.80129988208,1541.9789338307,1512.78561462448,-3020.29708822496
500,0.215,0.825,377.709824077126,500,1.38849157022883,1.13658011429566,1.20069890539968,1.20067416490815,1.26800661655006,852.656230501963,871.605027675332,844.517664532843,847.824544566901,898.05810981221,1.11355013500986,0.950686218739323,0.896974274951278,0.846024588857958,1.04981826193113,1.72423719206147,1.39199654852095,1.53801096710615,1.54071556879007,1.53701042622725,648.401174243157,658.147164723106,614.723868595977,628.875298934591,695.010946353014,1302.76081744169,1336.52463336604,1366.914707937,1725.3024823833,1445.32917743089,-3096.46380509805
1000,0.215,0.825,377.709824077126,500,1.08424096376637,1.10378509204557,1.2475103720627,1.17031711329935,1.16632194066519,1247.30168698193,903.007704148578,780.670885642837,945.988449982658,988.023948598896,NA,NA,NA,NA,NA,NA,NA,NA,NA,NA,NA,NA,NA,NA,NA,NA,NA,NA,NA,NA,-6214.34800544184
1000,0.215,0.825,377.709824077126,500,1.33836900495364,1.25324499333732,1.1656410612136,1.07964280505151,1.10839464586555,1018.75399716183,828.428726109908,770.013359210284,970.634731478818,987.835410884598,NA,NA,NA,NA,NA,NA,NA,NA,NA,NA,NA,NA,NA,NA,NA,NA,NA,NA,NA,NA,-6240.20065181711
50,0.215,0.825,377.709824077126,500,4.31494645537008,0.970150274213849,1.7377338462973,1.72564530599173,1.29210518010828,548.62532838065,643.009503687585,786.775425936887,708.955429717792,595.817238245796,1.93406877012599,0.57025298395346,1.23186208035009,0.967476895042206,0.884986718513364,24.45970683942,1.2387738625313,5.9587335946517,5.92175636899265,1.92494052756459,393.61397128913,359.142341275495,448.961308866374,419.354987244872,397.30918580488,1660.38955943754,2287.07010450439,3523.04054544227,3257.29578623466,1750.01213121792,-301.177428270312
50,0.215,0.825,377.709824077126,500,1.16878668620179,2.1646661023975,1.08659220276878,0.99180461688253,1.39904698907055,1927.70429969571,656.277377095312,1753.02200436687,881.353556810572,1392.76500754166,0.687115503407522,1.08270923612399,0.372229383391186,0.56237954323666,0.992214870797791,5.34844896089603,12.8008683554489,3.8607693976748,4.97799693044445,9.45677783217647,686.086044776038,434.144335343038,489.664469683757,443.070686611946,452.399292474901,18889.5224448293,3493.17876071918,2310582.48616605,5284.3082290195,6352.75654864274,-280.847546635309
500,0.215,0.825,377.709824077126,500,1.22419468932654,1.3744689284664,1.05976979777029,0.972042432140551,1.25664579646057,1257.89466633535,684.196533973878,1005.29338219017,1170.53989869402,922.887692874627,0.922584570387648,1.14885720502873,0.869178966224287,0.798134813786243,0.964095514160204,1.71037157369227,1.6410230390773,1.30752828251773,1.1648973635122,1.65754391975002,804.922466516604,553.666173534695,716.963826077176,833.403839394288,677.141451739241,2803.65266191119,901.86529437132,1810.59176553282,2056.17467915739,1679.17010989456,-3040.32563772958
500,0.215,0.825,377.709824077126,500,1.31985649076051,1.38309063322867,1.20028213745302,1.18595371715519,1.22404324219307,956.263395289206,735.755902710839,724.594402538126,1000.67877624137,840.104463202187,1.05056580245609,1.13965217427817,0.995079981130218,0.950006706181286,0.933833421305951,1.76016130742891,1.79482197986085,1.47758173821616,1.49121779045894,1.53703580912159,660.490865221043,570.502410499511,585.947946155385,720.363506818942,622.041919885428,1609.85519382406,1098.45855836844,1039.96060828949,1636.6162576583,1303.4318901958,-3162.88234857975
1000,0.215,0.825,377.709824077126,500,1.42628097601357,1.09781692057805,1.15601486608679,1.10373913672073,1.16217769730362,800.920759029695,973.278731738852,973.926175324115,962.216405413961,1014.17655486395,NA,NA,NA,NA,NA,NA,NA,NA,NA,NA,NA,NA,NA,NA,NA,NA,NA,NA,NA,NA,-6143.20046959796
1000,0.215,0.825,377.709824077126,500,1.50763406660484,1.22450982949636,1.26034433792276,1.11720200322082,1.19550576378036,725.775831781818,899.11791390298,716.729996696604,1010.08494118476,1001.84722710432,NA,NA,NA,NA,NA,NA,NA,NA,NA,NA,NA,NA,NA,NA,NA,NA,NA,NA,NA,NA,-6231.27667198797
50,0.215,0.825,377.709824077126,500,0.950944566116216,0.856617890600405,1.31450634391818,1.21419042359357,1.61785980600094,2973.55772562566,668.41657257456,826.827639779241,1474.71683733692,1251.43490496094,0.613425127333653,0.652073976320755,0.907051369522056,0.522344769605638,0.663867358940708,1.2817697531105,1.05174973514274,2.63111049557318,4.92968196878183,5.07786645531165,859.950539726411,358.269996141496,434.630355104172,536.210928414754,465.375630495903,12846.566641313,1866.61033472943,3202.39139886255,10267.5565378638,5468.24091401767,-269.890604629572
50,0.215,0.825,377.709824077126,500,1.53602407185781,1.53630891630258,1.32455323239348,1.22372556779545,2.02231735981226,637.037118233414,695.526163587129,1118.32766645705,644.445950877333,661.495045105845,1.01581516308476,0.906395759022068,0.548065294791383,0.733896694448946,0.601490201850387,5.0945183826215,6.1165481112447,13.2644197780742,2.36616642488116,6.40673713507978,399.286819103936,414.816744101245,429.333311223595,402.572840256412,400.224685125557,3279.57737700365,3335.36828745838,78979.9728537541,3550.29835659683,7796.56515867688,-317.93957183437
500,0.215,0.825,377.709824077126,500,1.5551881799268,0.979575481935905,0.968886130142789,1.41659214321816,1.43639559809026,869.208076119808,1145.09251653527,959.247494151677,693.377689589479,746.486878570976,1.20943972004391,0.771023100136919,0.820215932572254,1.08953103753887,1.1461878724025,1.91213370016069,1.33696951151003,1.13016048889274,1.74630178723603,1.77182711702873,680.39769464962,712.992354625412,710.263965991152,567.554565231721,583.83436653478,1400.19233887159,2053.36836250041,1423.13809859732,976.942039254358,1156.48550900414,-3110.22276130953
500,0.215,0.825,377.709824077126,500,1.21566167006929,1.0724950669759,1.08472467050648,1.3876053504702,1.48314103376759,930.285045061759,893.536804748996,1069.64789854707,890.299782215708,754.865686989026,0.95674281008136,0.853866089610835,0.878343954425095,1.08218385818837,1.20772765570053,1.54315307323069,1.3395867465686,1.34875968797531,1.8318825657912,2.02811161234013,710.174058541291,671.661708739125,771.680665938635,637.866579944049,579.174509242226,1623.43567284574,1457.06523862817,1581.32886002492,1465.77001915583,1069.89380817063,-3071.98065530313
1000,0.215,0.825,377.709824077126,500,1.17688340189047,1.07928695957048,1.10146766156244,1.28576164571507,1.14104059456291,1038.8610044631,847.445429694765,905.668276380932,954.260992432954,1007.42885151248,NA,NA,NA,NA,NA,NA,NA,NA,NA,NA,NA,NA,NA,NA,NA,NA,NA,NA,NA,NA,-6176.1112924549
1000,0.215,0.825,377.709824077126,500,1.22999123115655,1.11180860330459,1.11836919146901,0.966997017738261,1.27965026024965,1160.51705660206,890.755535767382,818.913480127375,1346.65291214373,816.25201870619,NA,NA,NA,NA,NA,NA,NA,NA,NA,NA,NA,NA,NA,NA,NA,NA,NA,NA,NA,NA,-6174.22942683034
50,0.215,0.825,377.709824077126,500,0.71722772665954,1.36393588645819,1.2105286994257,0.726765046658887,0.957547764426176,4133.15995918903,679.342763994964,737.629503142281,1476.69723740576,1793.64801772797,0.493276712059159,0.784417284206204,0.60941804116906,0.343663538497253,0.556917333807396,4.04585444968445,2.60060941444595,2.51286027590737,4.83531891087954,4.94521632368806,853.612680189021,376.509196339633,404.606121642651,443.570409343174,465.044249112746,86529.0923889923,2338.59628784506,15213.1349200797,1174314.16349093,26556.4551806177,-294.680237964396
50,0.215,0.825,377.709824077126,500,1.58095092529159,2.1616651632445,1.0799180452893,0.764965394531798,0.87137917841574,746.870565368489,760.415398540783,743.928437080276,2896.11048974577,2943.80738334528,1.02514797641395,0.470546013336866,0.531003596626546,0.381476446344848,0.345498424980752,6.78308525554642,25.0517492012859,1.91566055242898,1.48961560893053,3.74886466985657,452.571960296892,387.669930292174,425.802662429766,847.789494342088,424.372367493755,3468.05601632069,14527.3659093912,6124.10881103829,349808.396559175,1134763.36764647,-292.471287694546
500,0.215,0.825,377.709824077126,500,1.16888785211292,1.14109255817905,1.25334625265123,1.29726466995606,0.98859583938512,1089.49562975216,842.410260959675,831.043720003992,870.764213012351,1064.70139309857,0.856203594848285,0.950845067570765,0.922942741210801,1.01118928539098,0.824031877932188,1.57055817032509,1.39714756054886,1.77405562210797,1.60170551922783,1.24086435118548,748.757637961137,650.552232186673,593.660024707114,644.482581932903,749.694471883889,2229.96335714335,1271.37081498967,1393.51674410616,1351.27166530279,1678.6541742096,-3105.32839778035
500,0.215,0.825,377.709824077126,500,1.33891583147049,1.29524213996155,1.21065563711287,1.3042564555946,1.23901367122687,982.719246855349,772.755913369891,757.053792828311,798.791728800775,878.214750954379,1.08491191993616,1.07897385627166,1.01626008415887,1.13317935493517,1.019326583634,1.78405858012102,1.52919056753936,1.43154976611719,1.52680871250015,1.51081643093856,693.429571442248,610.612026454321,588.146231106916,611.803368450925,674.749600232703,1667.86023463078,1112.79405113093,1060.55635280478,1059.70985603043,1347.80215348651,-3096.08529041163
1000,0.215,0.825,377.709824077126,500,1.35960795374114,1.25162482961944,1.08655098280519,1.25570428095514,1.2110394090406,892.114436805856,737.82490989499,916.170660435048,918.421661546771,883.437614830408,NA,NA,NA,NA,NA,NA,NA,NA,NA,NA,NA,NA,NA,NA,NA,NA,NA,NA,NA,NA,-6265.61795667576
1000,0.215,0.825,377.709824077126,500,1.09214263393635,1.14434310768726,1.05420600012558,1.13686709565321,1.17897447374077,1112.86805531804,939.853997636179,920.55033064247,1084.58868666411,1100.24156520517,NA,NA,NA,NA,NA,NA,NA,NA,NA,NA,NA,NA,NA,NA,NA,NA,NA,NA,NA,NA,-6081.16164675173
50,0.215,0.825,377.709824077126,500,1.26071992461149,0.901335143934044,1.47609262413591,1.05443971622569,1.18942278229491,1116.431913703,734.774034628058,817.309235276992,1883.3183612821,1323.08835713665,0.767521419290838,0.317422779101866,0.881692819570469,0.607749801594543,0.747978386268529,8.94078622600034,2.02770987667722,9.21304060694012,4.75035957494942,7.69217718331667,445.92066218886,408.898743850447,426.664373525688,504.965202439303,494.195744104829,9351.11897694337,276986.721314279,5902.01973247943,10881.5929359047,20009.4714023577,-299.081203209074
50,0.215,0.825,377.709824077126,500,0.957845732557627,1.07537457994847,1.13362686853739,1.97255235526865,0.980832601043877,1872.44647636832,437.868034831384,653.139621053353,537.068603968997,1367.46016686668,0.556719433626468,0.709291326451543,0.726883293473166,1.30488283495653,0.641412648980745,9.89775618291245,1.57152470202468,2.05567806233305,42.1917655049828,5.54935878819328,392.538483109786,279.064959651138,355.735775152538,349.665553681577,416.447312696689,17006.2882086405,1249.31912026407,3400.0535408982,2176.39969416404,11797.8277033441,-322.133197839721
500,0.215,0.825,377.709824077126,500,1.68619874098432,1.19427915374457,0.997829695901981,1.39130439270281,1.08389275059357,733.683075044346,973.881430919492,762.624152050064,765.747148719885,1220.75733735422,1.3183737705099,1.00321676982019,0.862462382423905,1.10603160550739,0.840690078349301,2.36882064161271,1.42411093043816,1.19795258573981,1.67012077658263,1.36839963681101,573.135175507271,718.089939405565,578.334019024845,597.602591399249,832.008767587433,1077.71637829956,1439.51232336351,1038.98071204696,1110.14200944424,2510.36462770737,-3111.73335761598
500,0.215,0.825,377.709824077126,500,1.26911502938036,1.4149792898921,0.968850279591662,1.02916102491709,1.19942188768463,894.746609311977,738.819429485521,813.422161856742,1212.74986638931,856.830230046541,1.02080964406639,1.14264885951081,0.810775681442411,0.823134966682498,0.983804923513632,1.74604658927226,1.8625407051889,1.21656256917273,1.39154115127431,1.48331568789185,633.922003196878,573.366551253917,595.791648697127,797.286362055129,649.689719871224,1481.19837216686,1066.39824794952,1244.98865217743,2317.1143396644,1326.68936590648,-3119.26370121856
1000,0.215,0.825,377.709824077126,500,1.1606210338778,1.1425906136433,1.14206352398789,1.18598191800465,1.04664102205429,1052.31296764982,968.584970609075,745.8989841591,867.441344653829,1139.21971161348,NA,NA,NA,NA,NA,NA,NA,NA,NA,NA,NA,NA,NA,NA,NA,NA,NA,NA,NA,NA,-6261.62976038948
1000,0.215,0.825,377.709824077126,500,1.19689866282009,1.18569143576314,1.06130300832488,1.22274882880843,1.16477058495056,1057.35902213508,992.93020917642,824.514438039179,973.14081477789,991.096710476885,NA,NA,NA,NA,NA,NA,NA,NA,NA,NA,NA,NA,NA,NA,NA,NA,NA,NA,NA,NA,-6143.69092019344
50,0.215,0.825,377.709824077126,500,1.28450652282498,1.60885850951524,0.700726445948948,1.57740318656564,1.48849660563034,1125.68390579366,622.793304212906,3388.18793441717,588.084860374011,599.947943223309,0.654851250920926,0.681973076676847,0.373786541379775,0.878033532990539,1.1041847030661,5.74855205996419,3.19649876940111,1.04307755607802,3.95235501770765,2.07014126442291,495.264668286945,400.615407386807,973.131443611202,389.309236472488,380.718340229494,8162.95551408534,3456.20979127548,66716.9684398033,1819.90285399632,1615.63850558208,-305.071805700012
50,0.215,0.825,377.709824077126,500,1.97780037334334,1.5157712041711,1.68786430940661,1.31023286031871,1.07005088225793,501.601309810074,666.974623610029,432.914478986018,900.847066985813,1143.98264614206,1.42594291592511,0.751646643579961,1.26253604616806,0.866192549259249,0.575572724980954,3.1273988228266,3.23034612493522,2.39584043726957,2.12258821881197,3.3145977584479,330.14371744247,398.718617606725,297.996803486321,444.275666986069,495.164887557692,1100.19754736438,6521.91586435168,785.541421975392,4066.47156832619,9917.97501094416,-320.440578295373
500,0.215,0.825,377.709824077126,500,1.85659964988323,1.16971912141698,0.922158975648425,1.10672535850944,1.20725201784052,682.273495311526,743.697178282721,1327.77334598892,1059.41547018171,807.499953965759,1.41574791307628,0.948970500894796,0.714730309691224,0.882016603349678,0.982026059524369,2.46071480329384,1.52558705851285,1.2508754910412,1.50129050578887,1.47426439746673,547.231944690334,565.362527768114,791.491518764205,706.101798923061,628.332968388556,988.912334797623,1184.97706073548,2643.32117619198,1938.01488440949,1206.07492035409,-3142.04817412062
500,0.215,0.825,377.709824077126,500,0.980566927030526,1.14582791249335,1.01359193972728,1.12073323844958,1.50912969243824,1331.65601954734,904.445639923243,880.72725576225,934.055999111838,797.915353057686,0.788135895046781,0.894471853753637,0.835068211826638,0.920600622178261,1.15486347180638,1.29889195764929,1.49385179693991,1.24648219549215,1.38259381847638,2.05536833567018,866.426611085992,642.711027553642,657.757349094701,703.560031132539,585.2225404832,2364.20688407441,1417.27066550588,1323.76667563815,1491.35839419654,1283.24710989349,-3120.29321269742
1000,0.215,0.825,377.709824077126,500,1.31452162905381,0.989185463183951,1.06827307012016,1.18325646834185,1.39185081612219,985.505684564754,996.425817333438,883.571752376938,1038.13102419972,854.714255462978,NA,NA,NA,NA,NA,NA,NA,NA,NA,NA,NA,NA,NA,NA,NA,NA,NA,NA,NA,NA,-6141.08709816183
1000,0.215,0.825,377.709824077126,500,1.27425303332161,1.40401580761675,1.0436450784947,1.18025737199335,1.19360786830803,1161.0768941975,737.783490751338,873.067156437691,909.698157812227,847.60343267359,NA,NA,NA,NA,NA,NA,NA,NA,NA,NA,NA,NA,NA,NA,NA,NA,NA,NA,NA,NA,-6216.01125735847
50,0.215,0.825,377.709824077126,500,3.14885544848494,0.695777602989664,0.778133715485281,0.982860591197393,0.826934247527946,558.218852782558,965.853470122138,1285.09279793343,1890.75848956753,1656.61242966357,1.45629834143698,0.499226689200269,0.456508473243191,0.480462194689491,0.504726007582259,8.54492136419723,0.98484219124327,4.35274930016501,8.02659705818743,4.88118796987101,388.355461854626,413.110203283135,489.963479136273,444.151888905472,586.06172422201,1927.64395052687,7591.94721386281,21377.2720174906,38498.1204480295,49255.4474127641,-290.687975480605
50,0.215,0.825,377.709824077126,500,0.85969193780861,1.19212851764418,1.36592691502737,0.952261131647877,1.88847789381866,1017.45398906798,957.426430565319,574.10955265097,1199.12119601025,465.60882269059,0.470946858297391,0.38468844393012,0.915379413815582,0.472927229179691,0.861235451524109,1.86816018340536,2.61281202595624,2.59790110411371,4.54020050527553,4.7243007562749,409.173784654004,433.511758505318,310.052550702381,440.664864561961,322.706811940244,50029.7360249408,105881.949140941,1925.93616643836,41590.2595804176,2332.13617306025,-317.853588803282
500,0.215,0.825,377.709824077126,500,1.86885571286106,1.27136829944293,1.11191822693599,1.14498730797351,1.09267996470519,694.214463556003,719.64018550953,982.439181428936,1133.30841678913,1130.2669773005,1.40927619062104,1.05173241248632,0.900043710168771,0.948772996612748,0.902722774677908,2.41176336943709,1.56899048431662,1.36753992933651,1.50966811014629,1.37313713115041,561.291357141804,570.99346622798,728.076838553939,784.176314440965,802.48326434999,949.042345281614,1021.48691966135,1663.26437184275,1941.00260610722,1815.26552852688,-3055.11658728781
500,0.215,0.825,377.709824077126,500,1.24762176931034,1.28565857027337,1.18053695610385,0.966460895843528,1.1643273085366,948.155702186715,837.003061447151,814.339594367841,1244.61429828528,879.702985224729,1.00080433604957,1.02603577116528,0.993421475127163,0.799173536630632,0.917034814043867,1.62134980295364,1.75734895189058,1.45193951671215,1.21436529755093,1.49033673889481,684.98517179936,625.233514408681,650.084054066625,864.942100041062,665.259927692888,1429.99254409001,1316.55392503541,1237.62357560997,2222.23248012968,1522.82500903464,-3128.09955705424
1000,0.215,0.825,377.709824077126,500,1.28025257144774,1.14025130481294,1.14308487506142,1.40499773477006,1.15364428761893,829.697373593833,980.265758147022,751.251594161755,771.864470323175,1182.10392192559,NA,NA,NA,NA,NA,NA,NA,NA,NA,NA,NA,NA,NA,NA,NA,NA,NA,NA,NA,NA,-6196.62780981049
1000,0.215,0.825,377.709824077126,500,1.36932087450153,1.17428970748172,1.10290960371969,1.1338841469262,1.16095271042653,1057.51037139801,958.651183556109,839.372869698579,917.32876570643,850.11442527667,NA,NA,NA,NA,NA,NA,NA,NA,NA,NA,NA,NA,NA,NA,NA,NA,NA,NA,NA,NA,-6199.08634325806
50,0.215,0.825,377.709824077126,500,6.11019723132416,0.880700578219741,1.40505673808591,0.74382574866474,1.29186368448369,3670.19900414853,1156.24775520953,816.000853769145,1003.41491075573,584.862876528078,5.96206365164487,0.446321411955255,0.823232911475917,0.399558474029718,0.893117507123777,6.11260764257598,1.57706189554838,3.67412346059122,1.29533840949228,1.91562510242754,3633.76693472601,472.901492310613,441.838665572958,458.635318396928,354.351267823528,3670.8027319759,72478.7843850727,4672.43158026484,9125.45169725068,1659.91756577421,-296.454017290908
50,0.215,0.825,377.709824077126,500,3.0265509149397,0.907364321645275,1.25937686259469,1.17815950219866,1.24329799429592,661.160315628295,1130.36431759076,807.783622149669,921.572278524839,854.023394141691,0.390850614608116,0.409864943239473,0.696867586935374,0.331870435610752,0.540377540696037,17.0772404712973,1.8350741409513,3.66579972423765,2.22163945479363,2.01748694886037,405.030336624103,528.961417942304,447.283006503088,515.924427367991,488.201967286137,33441.2139590832,54748.0098102847,9435.1597491041,228964.115996965,8687.07963267547,-308.198508111792
500,0.215,0.825,377.709824077126,500,1.45939561078914,1.03151870641012,1.20405662700701,1.27114998512163,1.21155074594572,861.479616323225,1146.07532012358,784.20677273436,780.997230021575,918.469399887394,1.16948293476783,0.737453432575031,0.959631971510095,0.994234760416994,0.959539892212298,1.90947903334395,1.50867168012676,1.47791433738915,1.62785610058191,1.53077272696533,648.891951205708,726.364454031263,622.02275591301,597.167359888498,697.779261107841,1299.40192091594,2768.29341874708,1155.79629770725,1150.50128477239,1508.33917573558,-3125.50533500174
500,0.215,0.825,377.709824077126,500,1.35549428991414,1.25538004206362,0.844567155460972,1.1305410390476,1.08337984335112,970.262373803649,875.229042067728,1479.5576020713,1051.87203577413,1031.6191699436,0.968791588636673,1.00602911763938,0.685932608658956,0.906610317765041,0.858149139945445,1.89318007758811,1.69704065445175,1.09738997278361,1.42089398987016,1.3391920416241,705.026249807416,632.520639397017,935.369016186903,747.357417609041,755.33636274968,1932.68973361957,1334.1026177669,2812.82094263976,1885.6549345821,1699.82622726196,-3033.10178839065
1000,0.215,0.825,377.709824077126,500,1.29028283198398,1.17619282698063,1.00729204082077,1.22331088973431,1.14587555388051,909.263953173713,862.303575335229,1142.91179443928,823.29374640885,1075.74635690227,NA,NA,NA,NA,NA,NA,NA,NA,NA,NA,NA,NA,NA,NA,NA,NA,NA,NA,NA,NA,-6126.89058475269
1000,0.215,0.825,377.709824077126,500,1.30290619318608,1.25767381686968,1.00591886133747,1.00045747555833,1.26638354382808,947.223577647592,827.844884966359,1024.34759682072,1182.35083537819,886.258235146863,NA,NA,NA,NA,NA,NA,NA,NA,NA,NA,NA,NA,NA,NA,NA,NA,NA,NA,NA,NA,-6170.78827575191
50,0.215,0.825,377.709824077126,500,6.41199547379839,1.50851345105048,0.961967325051365,1.3043916572008,1.9698179867675,3510.53606444631,669.190153466156,1173.39770261623,732.542399587839,504.299217992274,4.73327412747106,0.50259236178618,0.644894140342516,0.931660599173538,1.17952479656337,6.41584146066655,6.44391386164088,5.53550977885263,2.11113305274992,3.26916972062568,3427.35406196979,403.819540387893,452.659167903022,418.884929910288,372.907574064803,3512.00668670511,82717.67462199,8821.76833396864,2040.53216641704,995.374883091077,-303.880918913803
50,0.215,0.825,377.709824077126,500,1.77385468321733,1.19535134789713,0.816332332826376,1.14251719049265,1.37679593466384,502.032746565454,831.393899767774,2019.67604492073,1106.50417358966,771.850218398532,0.761905775623319,0.603814933737059,0.388508936133247,0.681489743783169,1.03019216410659,4.63638810301552,2.11968031419788,1.61374892190146,3.3053744719315,2.30246582476159,373.220614822509,425.661382944012,630.474320631334,459.309904915421,467.718808188186,1338.38295170652,8757.29038313188,77530.8595368029,10638.5025036447,3804.71399961976,-316.748361411216
500,0.215,0.825,377.709824077126,500,1.22505542096592,1.32501030846714,1.3906832482636,1.25321588093962,1.19705048151252,803.303271197424,870.477664612692,754.87732768563,998.957543962201,1005.5661398459,0.958229442370287,1.08791381320357,1.06620552385457,0.942600150721529,0.955492927841928,1.55058325320305,1.75598032623427,1.82357571502892,1.67918246492193,1.53789790263171,609.15850002633,656.765345946675,585.633426247052,717.479748152541,701.156307061014,1308.0063726317,1326.55862311993,1214.38766950545,1814.31600793568,1607.71890454427,-3104.81809257291
500,0.215,0.825,377.709824077126,500,1.3852187055396,1.07265149602297,1.36093087960758,1.0409480218268,1.15821410583592,789.109363156241,777.318311122917,619.87631451741,1106.63222438465,1012.55957767766,1.10840678336694,0.865649810392807,1.09350474134549,0.866566730219568,0.90447304526151,1.790727339056,1.28431117658947,1.60334178075762,1.24242486557216,1.5528184716745,588.62926070294,598.85690973682,514.934295970666,800.724382051945,714.518786924179,1203.16487043388,1321.56871604072,839.725808242495,2178.49364538751,1761.2422391056,-3142.06664537506
1000,0.215,0.825,377.709824077126,500,1.2380901779139,1.06282592283345,1.16105030814409,1.22228801658419,1.30834631943793,1008.20782731155,1092.98511806719,778.204875315916,958.389709567873,871.247817282902,NA,NA,NA,NA,NA,NA,NA,NA,NA,NA,NA,NA,NA,NA,NA,NA,NA,NA,NA,NA,-6187.06385284383
1000,0.215,0.825,377.709824077126,500,1.29143890145245,1.06605266804855,1.09317028648316,1.37864250788419,1.38450157958578,871.362807805675,1147.56687367071,971.987366425474,711.464639531229,857.78884739637,NA,NA,NA,NA,NA,NA,NA,NA,NA,NA,NA,NA,NA,NA,NA,NA,NA,NA,NA,NA,-6177.76526680308
50,0.215,0.825,377.709824077126,500,1.38166384711426,1.51818437726331,1.90902067074256,0.534730811575025,0.713495492784292,782.407831241316,484.917719520468,528.781570562134,14000.2763719059,8231.12223171716,0.875249923935865,0.786043948834617,0.711797759382385,0.251681740526653,0.349024109987143,2.8622112385041,3.00328061052851,7.69386900174369,2.45933757046995,2.22239930965758,435.179072760849,349.87740339056,384.526024589549,1078.97723759489,937.70245090384,3226.78485178663,1935.0628313936,4474.79951747828,19004829.2631498,101077.785247744,-308.2831832805
50,0.215,0.825,377.709824077126,500,1.15926054370885,1.08715408025721,1.06303031965169,1.44877087508046,1.26637718330518,1249.06408537749,1011.46539455377,2195.8577881668,596.797429975536,987.166890653012,0.652154120057179,0.671957667660442,0.550146992890912,0.976824108402517,0.686772551935636,5.71527842844778,4.75680567973255,4.19625837943104,3.8918785531786,4.51324157112121,458.907501653921,468.912088141377,557.363136090823,383.833904257742,472.810205309774,10027.2395884657,8977.7790203,8643.91209314487,1466.98912661318,10471.2966319777,-295.24951464833
500,0.215,0.825,377.709824077126,500,1.35474068462323,1.09851085154188,1.25750825956698,1.12463039780704,1.12872922306088,895.580979556874,1098.23475237981,831.456542142956,1105.08210298693,1030.50488014973,1.10904435007847,0.867790853829361,1.01644014530716,0.877717506145323,0.920031222279644,1.66269792573298,1.38612913936586,1.51217822802708,1.42881579091928,1.45260531384041,676.144520825719,797.235713771536,635.305543502798,772.230183612338,720.89048710777,1321.89005568738,1945.7732484751,1167.34048844263,2043.68399246212,1625.4111847657,-3022.77309143195
500,0.215,0.825,377.709824077126,500,1.00843672469119,1.46944651071928,1.12757540420155,1.0620146867878,1.11968116030487,1646.90153780544,829.261901793518,979.978437910174,875.295466041851,916.111556393957,0.773588503493067,1.23607299087097,0.850135949885753,0.877456464921558,0.896909353474835,1.39909448789306,1.86937397848473,1.48417254981754,1.26229200808393,1.38084693193331,998.511955992612,636.141611385533,698.888039414953,665.319023438637,672.403907556284,4034.67648353997,1175.08008620127,1751.89194638695,1277.45182292882,1421.50316453838,-3084.76839117286
