"n","p","q","tau","B","shapes.1","shapes.2","shapes.3","shapes.4","shapes.5","scales.1","scales.2","scales.3","scales.4","scales.5","shapes.lower.perc.1","shapes.lower.perc.2","shapes.lower.perc.3","shapes.lower.perc.4","shapes.lower.perc.5","shapes.upper.perc.1","shapes.upper.perc.2","shapes.upper.perc.3","shapes.upper.perc.4","shapes.upper.perc.5","scales.lower.perc.1","scales.lower.perc.2","scales.lower.perc.3","scales.lower.perc.4","scales.lower.perc.5","scales.upper.perc.1","scales.upper.perc.2","scales.upper.perc.3","scales.upper.perc.4","scales.upper.perc.5","logliks"
100,0.215,0.825,377.709824077126,500,1.24656599066717,1.0691566557798,1.06213280103957,1.66395060677561,1.27554171483631,688.795137424701,1669.0006857479,710.949740258094,788.537139294619,745.782460901248,0.910380322276018,0.734354227525179,0.818563713077673,1.00392233140446,0.946646869931402,2.16502811611925,1.68736339914017,1.44572153512343,5.81284392292494,1.76033418427016,446.543603669497,744.934054951388,447.23560123029,453.422547144283,478.125913094771,1654.6464139381,8236.41069038301,1593.19871572082,2951.72972829874,1756.24750766535,-620.395722858018
100,0.215,0.825,377.709824077126,500,2.58400474770978,1.01266774852649,1.01623875154922,1.02248637138165,1.61003034849299,548.774729116377,887.765629462744,562.326732479928,2336.48151669487,490.478707873984,1.09052836259856,0.744257726006516,0.804731203830872,0.532876831921354,1.28856366627851,6.19955021655398,2.80424685436798,1.30160750338109,7.71689286809919,2.15989494759548,414.150626782392,455.545396913881,372.337455939863,410.530564462571,368.204252940381,1574.17209888583,2256.17538865455,1017.39682641275,115470.197319878,743.540989293593,-646.053801232634
100,0.215,0.825,377.709824077126,500,1.20528265305044,1.17848681911386,1.58569447331812,1.37077606371529,1.14433323866397,910.980501399062,858.971979513569,555.960421764229,657.881480716367,855.530126609986,0.834191865786695,0.776835161411096,1.05414225146686,1.00935089420784,0.815397573388608,2.63936540181643,2.01278644388041,4.14080867939772,2.000261885891,1.60886917674732,504.980638604146,492.60943354457,393.052275423997,415.210193121651,489.380848516437,3611.98185217046,3402.60947625469,1088.31601199253,1474.32953975661,2432.78756777092,-638.912946021498
100,0.215,0.825,377.709824077126,500,1.27245011688739,1.22979158857388,1.65405619533982,1.22218738349167,0.916798272546447,972.008033654924,1231.9307461318,484.350039371063,758.606602551587,2153.13259714287,0.798914979062547,0.661305868489421,1.13180122454499,0.79698092392671,0.519966831864743,3.5643700485316,5.20271421144663,2.88479391991521,2.1510127276603,2.4683009733986,495.443197620311,485.774971426479,372.739652893803,439.811011946383,648.206505966388,4211.41254748585,7192.22244118935,807.351893037453,2056.74130629854,49806.0916384177,-625.324456823148
100,0.215,0.825,377.709824077126,500,1.61334313121362,1.28738447875605,0.905380725124952,1.19308973049733,1.11247899133712,742.732908643787,1008.86503038843,994.968955819507,639.336584988575,968.186506261915,1.1445540022504,0.501013143192989,0.689368993214924,0.824593091844063,0.729577584509459,6.71658067863177,3.95308185768824,1.28258583459508,2.21505350367883,2.32988623791717,438.641566612381,476.228202404795,529.5267501726,426.339739541098,493.406989726197,2916.59184990156,72608.013484131,2757.8104587627,1311.25068563351,3417.67022213507,-623.920121901333
100,0.215,0.825,377.709824077126,500,1.65212240355753,0.995555505723691,0.99600753516183,0.803573245367305,2.02754633220927,669.020198918418,889.518025139339,952.695635079707,1881.15777793169,761.136004635953,0.940217072378204,0.720115430347885,0.706303826628395,0.50325000196814,0.830887303003397,2.88040698079331,1.43404794532348,1.94658814375779,1.92304592518808,14.8187091241726,458.287352828773,533.174243719535,489.046455083162,671.23230060693,432.559605446564,1962.53097618294,2294.62647392823,2536.66849903464,17587.1183085781,3945.55284643197,-617.730167109262
100,0.215,0.825,377.709824077126,500,0.951672984649974,0.927483025685227,1.0741359799217,1.71499215086589,0.983545272865762,1625.68870451346,2644.47545155977,596.991838994091,518.068356184178,1714.63252840467,0.706707366066065,0.713631144522649,0.788361137095752,1.17537989741062,0.586205188458068,2.51475712021165,3.84846048460218,1.89135340834522,2.4598194557132,3.70809170571719,695.777727759405,848.834777156406,381.718412791201,380.970433449428,596.068086807551,8205.89163158591,18952.4232269818,1323.75147373968,947.322808757851,20970.9125710874,-606.956344060721
100,0.215,0.825,377.709824077126,500,1.85931918985717,0.897031206236732,0.882872722007184,1.16666525340117,0.870692777147599,594.584496885731,2107.71196675977,1298.53066372303,741.303809620745,1698.32745370787,1.16732051679059,0.49609416108512,0.67831539796652,0.835627118656089,0.661316725273136,4.15281336960007,9.28370077355151,1.410700503085,1.95956400744843,1.29467637726068,431.492878890943,436.747907863241,617.928639332514,469.003608123664,774.689434751541,1033.31675199698,32722.8732994249,4035.19245542079,1860.77080201226,8056.21706799456,-615.377750757761
100,0.215,0.825,377.709824077126,500,1.22363152385448,1.13158480465729,1.05820365205854,1.05071769394545,2.59657912444254,997.703231694228,816.731341131089,893.608845136206,920.721317191561,560.939060066461,0.954556767747792,0.757076729083703,0.73810186118225,0.689856412754829,1.52620141421311,1.64709821636336,2.42472150329879,2.10505525167032,1.75784410461602,6.53841195487637,586.343232486587,464.982036666151,476.82318702305,514.266149341702,417.121660654916,2276.6253715406,2235.10634053052,2426.64265239818,3334.71979313681,1262.46483951616,-628.404619990748
100,0.215,0.825,377.709824077126,500,1.6040954222337,1.27108099268885,0.873371694311051,0.916499367894777,2.60485717067542,664.384652005815,1060.99319150339,3299.0848748252,920.344705708255,692.805431577806,1.04602893702747,0.671615848567916,0.524123063720775,0.720190073822278,1.14356300263393,3.26488618286625,4.53693389187714,8.6294427272233,1.18905246017247,7.06498143681284,461.949097311646,493.462761069117,437.861703783045,513.892576285622,465.249990211738,1494.18295506748,5887.45359916662,53739.8604568184,2555.3972272618,3522.03551078858,-582.427372660403
200,0.215,0.825,377.709824077126,500,1.06584970620524,1.07795931017631,1.22278013112496,1.51591050804634,0.971978774429082,1476.41947588446,932.524819542589,797.71794204803,616.422274499822,1704.12045788841,0.760719809977527,0.82987942326253,0.87103899260086,1.25015326420236,0.659877097378939,1.98696705944968,1.48482865018388,1.78006460742265,1.87682710931883,1.52562161591433,727.768970608584,600.472521144305,537.573206698513,476.409065284337,813.462819936055,4086.65426279034,1754.08141280752,1646.59940809044,862.38407515657,7808.89186906808,-1240.99683808438
200,0.215,0.825,377.709824077126,500,1.20552427152071,0.954960115956952,1.5192360417468,1.50016904787051,1.09537863515785,1138.3940501216,1199.08864733115,502.858739297685,1004.45280026903,1550.6126501493,0.878740721275403,0.691620607813969,1.19818003674331,1.00663244431498,0.742201054247977,1.70883284824981,1.55214026849369,1.94441643422776,2.59300200643819,1.82393899451695,706.570914899521,641.934710187426,412.56067702065,593.075503640395,740.834317222028,2718.69210658881,2965.46674091697,657.740110509814,2767.67666831548,5346.93260940762,-1232.81627617063
200,0.215,0.825,377.709824077126,500,0.920699756550444,1.1194207438541,1.08198357456559,1.01996366559159,1.40331149740801,2423.58818897008,1103.95118392794,608.350863092017,840.296797407512,686.686528568572,0.695698829756084,0.75655668199234,0.844632453369085,0.761302755805638,0.920424955033119,1.26758186904532,1.93345296335222,1.43826493332647,1.51511423765259,2.02384833710683,1034.23969076388,606.116181428756,435.47557133848,515.744681700268,479.28473056952,11509.8089129612,2958.84915347131,962.374379745783,1719.71620549314,1407.11601910538,-1262.5087428979
200,0.215,0.825,377.709824077126,500,2.16117916181908,1.23520472899684,1.0277636953064,1.11028075531036,1.05959832350698,618.055315619076,955.968112448868,1116.63699542311,1166.45672813432,1416.66525549195,1.44923511819376,0.901350447007953,0.751533271674203,0.824568183950154,0.816644818506904,3.58549541931947,2.02957347724797,1.50749116625615,1.70105481496636,1.59329078791568,477.634318384819,594.6911638471,660.658659339258,683.57736399673,800.949244404645,972.896308397399,2167.58232874438,2695.40575413696,2635.44646848657,4030.67247893746,-1197.23231657941
200,0.215,0.825,377.709824077126,500,1.36759931103575,1.73742672626545,1.01923432775298,1.26717745438079,1.57454321270461,1156.88307816363,629.796304961497,827.989491793009,702.922466446238,1165.74195278599,0.818504203789458,1.21688392643063,0.769699413127811,1.01378001174437,1.07580817971944,2.59574175572019,2.58735186581458,1.4460650072228,1.60196957106829,3.3090038649557,637.33288553523,475.090338288902,531.135389565261,509.2746949941,655.879209110242,4982.72974876055,1083.0492796691,1642.62031106832,1060.28579229322,4858.12517599433,-1207.43031406363
200,0.215,0.825,377.709824077126,500,1.06514350457692,1.34321660117674,0.806979072324254,2.01944933545461,1.48170672001045,1546.10196280476,652.946588957589,1812.93737183314,531.313323100025,596.774902751011,0.784973180728218,0.978485738981454,0.617954455446385,1.54532904374026,1.10696063835965,1.57154462836629,2.10019531140103,1.07609220951185,2.96844662762559,2.01179266364832,823.788740859835,452.872581275422,877.251349830865,433.92282353261,462.654638317652,4707.24375042467,1116.4962553697,5419.08984005532,698.516756173241,1009.3079052849,-1269.01376739756
200,0.215,0.825,377.709824077126,500,1.4498485897459,1.11757560648525,1.08565575082158,0.965840256318002,1.01910587035254,1119.8630762891,796.14939844563,1155.9855946646,1114.22697262684,1369.85132726592,0.76029830616824,0.852693171264882,0.849042698957427,0.757584784807773,0.671207203462675,3.8681721544369,1.65198159722036,1.53910313216155,1.4261666035622,1.70739468287915,558.238624504774,538.452875677471,676.284333498976,671.935041893795,689.26037972065,5823.66506768995,1289.53585939737,2722.07733578769,2676.31440460417,5372.89482331596,-1188.47994196087
200,0.215,0.825,377.709824077126,500,1.03299239711151,1.68732259567006,1.36104960559081,1.61295704601284,0.868116944377185,964.547044473773,873.655262448139,751.731315824761,777.334239491545,1531.39006520487,0.673984650954857,0.865340811358632,0.982507470710228,0.921307962338652,0.627865866681864,1.56069020689011,3.18814250680377,2.02475374833394,3.12415941641131,1.42321161003844,601.26597886701,551.70507854088,515.479516463461,497.23828434775,725.949988777255,2935.13999058507,3571.2612699061,1411.92924840454,2308.85725547734,4949.12633769768,-1212.6317150966
200,0.215,0.825,377.709824077126,500,0.840689057369098,1.06193524164821,1.02137621274006,1.3000079715555,1.34533723080253,5610.41602466509,1267.63366122491,843.720057357901,956.621061367121,800.805515954271,0.41155048935568,0.75297730928574,0.79157066530208,0.968527337263962,0.953986659558196,5.77252247906999,1.63953504653899,1.37039129107407,1.94552310400275,2.14937468439217,523.529958991805,709.47256466009,563.97706411109,630.286445878567,550.683123700635,1252158.36266193,3068.84714087027,1526.76031920495,2051.53146492714,1418.35661223173,-1189.08822712251
200,0.215,0.825,377.709824077126,500,1.19710917525475,1.22808467957413,1.49697270939782,1.16782079277464,0.919343139070555,1271.55622804548,956.511399574506,521.090839335852,962.031979014496,1224.07359481223,0.804949105375996,0.891335341147831,1.09197858894658,0.887821032647051,0.660243568017858,2.14765273941459,1.90813252222422,2.08212986612005,1.648314500913,1.45688683928139,657.273089819685,589.005180108423,412.893970536734,594.339338584603,669.636993354006,4024.57252199118,1962.92392225332,757.873598472236,2121.16678428569,3615.48400742766,-1258.57769006619
500,0.215,0.825,377.709824077126,500,1.08720905022219,1.09513909369265,1.21781646582066,0.981122905338292,1.14265583713568,1132.06189414891,909.114501577056,765.902445893865,1453.92537027217,950.842332517544,0.878046915106464,0.922701107490573,1.00739867031473,0.773970105399592,0.919286481856482,1.40830206571652,1.32095303244293,1.5617227102464,1.48308528549068,1.41857031187027,767.672273379442,691.948879649347,602.89976606226,789.760343101679,696.149338363539,1992.28361078473,1347.45006770491,1080.53187691588,2722.2236368783,1477.30485663354,-3058.38489360843
500,0.215,0.825,377.709824077126,500,1.12689642742219,1.01543809612779,1.07351016181636,1.2007090564531,1.38252872304123,1423.67985154829,1093.41835108381,861.940412709195,716.124196376098,781.235366071445,0.84861256129728,0.804351995793244,0.92356196384907,0.987941654425372,1.0655926691517,1.54238750208209,1.31178066306316,1.24422400873006,1.46745647356745,1.80228865017072,899.960663109201,752.01224436917,655.270742221196,566.871650216908,590.442044934195,3330.08469402027,1859.79075127967,1228.14456936282,1018.85260254091,1207.02567115574,-3089.60068229723
500,0.215,0.825,377.709824077126,500,1.06359602998776,0.960291488984037,1.23885121600954,1.18452157797985,1.18980162468674,1347.4703989735,1270.63842510427,622.4838210649,1051.4676298103,862.383135884049,0.866389580928891,0.796090427269678,1.05505339221445,0.9180513203354,0.979553481788969,1.36619277480863,1.18410612756504,1.47685761683578,1.55475766724845,1.46557221112179,879.61642607828,876.49599817988,505.755423005665,747.511452421713,642.994481034314,2495.05669907295,2021.51568760933,809.231499792508,1817.70891404904,1312.81452966009,-3050.15027465078
500,0.215,0.825,377.709824077126,500,1.4204104145024,1.1315204101374,1.08584686949431,1.17819710256353,1.56680543694234,745.102088697515,1083.6868839405,746.115205661441,1030.83824801197,768.994875989689,1.15488609222968,0.901491217648196,0.912920416396639,0.940415757532936,1.30654486415837,1.77157401976121,1.4868311098058,1.31355777911547,1.55524605684321,1.97524312678267,591.243612447803,756.830927246813,589.869268832149,693.619950818157,598.111407070109,1039.32688062604,1884.06788779253,1068.3625660996,1791.98734436517,1087.16362369177,-3128.36755234874
500,0.215,0.825,377.709824077126,500,1.60387955675762,1.20672450179705,1.30483883984298,1.08218740557692,1.09182765350117,632.44311158583,839.4171298045,738.927952853519,1054.53041323031,1201.69646022242,1.26105202067888,0.993618077302589,1.06615189629064,0.842910479721071,0.877998624347839,2.07874205034694,1.49346967660747,1.6479332116139,1.46428671638502,1.42263861588851,507.058765988749,624.762104564756,565.391644785048,685.699817483369,805.479073103607,848.995191194336,1216.91321681287,1046.7265691719,1966.76979758863,2101.98422105747,-3155.4631673534
500,0.215,0.825,377.709824077126,500,1.2958986665702,1.42403727657419,1.14141024705063,0.988806677061256,1.24862028946692,1000.93524659829,595.945383608181,795.422189414801,1459.43053177754,805.854213531238,1.06489182840336,1.22878053369544,0.990990586903909,0.816758565029578,1.07700214531648,1.65419596515281,1.64687267590629,1.32062214189821,1.21086704806961,1.48800639949938,702.6415926761,496.071593818718,620.999872913154,962.768410872985,635.811024379864,1588.78945331933,747.130034016209,1103.53726497679,2593.51397888175,1120.32852570882,-3076.01057113152
500,0.215,0.825,377.709824077126,500,1.32902497147239,1.13959657186225,1.02958075133585,1.37918963141993,1.01964373160708,893.448518190742,744.398409696875,944.610198299623,882.937283146719,1493.02009596349,0.997818190059225,0.959824488468664,0.871014151326222,1.02371302513246,0.829140442146556,1.98309418152315,1.4201776092135,1.23843410353583,1.79215004042396,1.28782661750941,620.058487663754,584.003115971338,697.538853845057,644.629622691041,964.601682648633,1568.85929336944,998.399088211614,1387.56137194605,1406.32881678621,3065.63138995682,-3063.25467313961
500,0.215,0.825,377.709824077126,500,1.10872723041706,1.3247581276828,1.16547313802322,1.09084492030706,1.07346520156253,1239.92141725256,1039.7544537294,797.570270832759,917.799072838332,1085.91528196014,0.844416245234279,1.02989936549552,0.986454738638478,0.881343430911728,0.886282045431751,1.52139544473575,1.72084153359347,1.41379228128979,1.38650737545604,1.36001394190155,791.954517077705,739.439456043144,627.123854808063,682.644067739257,757.485397017858,2326.13883909512,1717.07307543955,1185.48403940541,1379.08180703954,1685.00406814966,-3054.15619220768
500,0.215,0.825,377.709824077126,500,1.16995197806523,1.14107415411745,1.14917606439341,1.22054759184935,1.55388729189832,1323.47596849387,874.756662491582,732.150662593821,832.401371673987,733.859289101977,0.901119230666763,0.974175216064029,0.976642340449611,1.01519769879509,1.18906409859526,1.65301579037642,1.39976180317533,1.37110346034041,1.50037936761077,2.0503564622885,839.596308013035,672.487275254672,575.002520421361,635.299817417865,576.065861921785,2680.0816374463,1169.44599574774,1006.32585463122,1197.94831329758,1108.72003920901,-3150.87382036833
500,0.215,0.825,377.709824077126,500,1.26159513907691,1.47958407986357,1.05069783751899,1.14714891822235,1.34398866552901,868.166386408299,1001.29085328303,776.8943844418,1037.4106117672,787.410430384519,1.00277599631323,1.06321573093505,0.922568311366811,0.931450302856907,1.10733294994046,1.74961136768848,2.10269766455866,1.22336637610755,1.43329102596802,1.72457787853734,631.502555651623,693.383831360017,621.978040745664,736.439362953838,596.011657719729,1340.23924123467,1838.41309680193,1023.74726388895,1678.1828239953,1083.83917881076,-3094.81456134272
100,0.215,0.825,377.709824077126,500,0.892895394726866,1.04121656319588,1.42536415128682,1.11074869013234,1.17152067126888,1787.91038646946,1150.06492649529,743.035253069594,910.471056181879,798.138420353104,0.502055834020869,0.663275032663615,0.774205505939988,0.756009405291724,0.716662273516249,2.48720374574512,1.81109109659421,3.29255573292698,1.9512498331893,1.99203973906792,629.061018605443,569.498786444441,457.531327025493,484.749525331737,489.221043529761,18631.9308245531,5428.79191422127,3306.55312228605,2648.66898479924,2608.34349273875,-611.56134230383
100,0.215,0.825,377.709824077126,500,1.41626811365832,1.22975580284689,0.984604152059514,1.5968421989441,1.28797497327811,1158.92192330333,914.729491425298,887.695897264215,659.811562486103,877.840005590007,1.15441691521106,0.865542994631397,0.734017446887661,1.10413574791013,0.874324364050434,5.93741033229855,1.8736981413502,1.37284772091411,3.01541637236807,2.21827607926154,613.490586195901,545.788841458287,515.078319147306,454.756599585167,508.752218039969,4084.81989848168,2562.18634379518,2487.60660427648,1375.79193276321,2655.79395773569,-603.490563135583
100,0.215,0.825,377.709824077126,500,1.0852064893258,0.823482048696794,1.01600311131688,1.31389998725839,1.06104078727482,1028.92596736767,2197.75124150932,1438.11232610261,979.139453755182,991.472339235574,0.817478347439528,0.598193657443732,0.681375877665389,0.964597157131645,0.780465130004743,1.61674916340233,1.30815902199092,1.53279496040269,2.49661561577345,1.52197629500316,568.616648893032,932.032616595075,649.213884022662,564.457649631303,575.878639754892,2745.13636585234,10758.9331389712,9165.21107827698,2998.76244971033,2880.12600869873,-573.77168811333
100,0.215,0.825,377.709824077126,500,1.00251234612616,0.982931783991295,3.120955797121,1.50718775631276,0.950635464466649,987.034828078904,1049.38406346227,540.598930785953,680.768154107722,1214.53255384833,0.674342573921733,0.654270438497877,1.32415672808251,1.06433908369842,0.651024269831333,1.5414414232092,1.62625548109033,6.63350916728523,2.63028339151493,1.68409031857689,522.435592115044,544.867623871984,425.22469320487,437.437001271068,620.981740665306,2786.89343970347,3585.61885632781,1083.28040057197,1515.43227206241,5912.65559812421,-618.460225219576
100,0.215,0.825,377.709824077126,500,0.836984390855025,1.84673525477506,0.84245056511818,1.20738929256563,1.18735678626841,2163.0549549047,539.323361981573,1224.39197800317,1276.50916469389,879.365943846064,0.499347591823166,1.14197510791401,0.612760982035436,0.712002300988375,0.797553933826496,1.45487231538657,2.84861466437583,1.24144645360267,9.73770480241097,2.23380471890941,842.820248036365,411.930881432451,648.684316363553,431.435036733627,499.788441480663,22653.5270086093,1038.73491666215,4035.61803171974,10593.4947095456,2701.65080741061,-619.198695395465
100,0.215,0.825,377.709824077126,500,2.3678086387712,1.20613124485609,1.61682032518301,1.24834778656541,0.797480792484597,743.760364491069,624.238470392664,526.597672154267,832.890903592299,1711.63951337673,0.904636306211742,0.937596796049009,1.12896112557739,0.737578347271799,0.550440129873094,7.47747801199459,1.62745402794686,2.66270523639665,2.85889114720102,1.21801331387287,459.652561102132,411.580132472502,399.806991171813,454.362274350795,764.832713492852,7075.3653179754,1091.27876225415,896.811538011151,3744.70375642672,10575.2776835967,-643.0320886277
100,0.215,0.825,377.709824077126,500,0.951384547069367,1.03908801752582,1.24807096003753,1.25332504163115,0.968876397235667,2778.29355046404,961.690324578722,1849.85371429928,570.060409935899,1033.26441849025,0.711727501309134,0.879450282734105,0.836915188735625,0.948142066555443,0.599542802651737,4.42084207789329,1.2734372746116,5.61901839979541,1.83080724843306,1.67631382633336,1048.1706251868,577.400297816268,802.283325075171,394.439027319727,529.150506312733,14817.1735227048,2413.77895127373,8042.19313558903,1045.8205220839,5176.35044006862,-587.818151684452
100,0.215,0.825,377.709824077126,500,0.987115933588155,1.597155520279,0.916582491745372,1.48853768301461,1.79031779005317,1597.02055926908,617.940993815403,1512.77808898543,655.075044301665,548.944518263633,0.641938620640552,1.07595944268893,0.552630534504249,1.01206168459109,1.34344417169925,1.56312618332919,2.71209296330764,8.88463420264375,2.08406832003683,2.66949544218882,674.204708274032,425.211806711533,428.460130326665,421.519927593419,403.528681882396,10166.5507601131,1213.17217538,19883.7790769204,1278.68970053152,900.194533854877,-622.39829309778
100,0.215,0.825,377.709824077126,500,1.8144879875196,1.24328604360714,1.26454562367674,0.898035241631349,0.897554031038728,982.384922837208,1140.46373522704,800.518644165182,2393.62866922089,1172.68187480324,0.890603262197439,0.691288164721159,0.874379480506623,0.594999016459789,0.666038703650452,6.43658754495437,3.67763542860812,2.38202238718445,1.64256681255516,1.29277031811574,517.292203969373,556.477004318171,503.585664973438,827.377381350508,633.842969894775,6246.71378538847,9525.23324530507,1868.07424666067,18103.1949736455,3570.30223893636,-573.774041679639
100,0.215,0.825,377.709824077126,500,1.6832494978264,2.12067539144635,0.817975329677976,1.01661920543669,1.10271854569877,937.014258519657,739.909020045411,2364.76019591293,1028.43465287764,877.658227216329,0.960857860108544,1.2455161100926,0.461895754252582,0.709659597518052,0.591058887775755,6.64485483406139,4.4580264934811,1.74642724958863,1.65647387889444,2.35534996256533,507.295068297257,509.283899261573,632.658775297674,573.462762411463,494.629101124214,3658.68206601172,2104.60582456156,49072.5848758189,2999.65558962048,4460.52472467601,-582.693121105016
200,0.215,0.825,377.709824077126,500,1.02173660864537,0.981357123631234,1.1066575259191,1.13071343983776,2.28907172480602,1200.22470908901,888.633394367412,864.686666247913,1576.91898608599,492.353624094926,0.780232435610447,0.766007821737428,0.796041710199475,0.57397928924965,1.08331231064199,1.48943936820508,1.35552567601754,1.79711453149118,2.74965356248353,4.01612045217492,700.825463387865,558.073161933227,530.411082432926,559.338882016253,401.329244148009,2907.21629126195,1710.759841355,1810.33280146226,21617.4651221966,1050.93158804659,-1270.66206377282
200,0.215,0.825,377.709824077126,500,1.081983393161,1.04701878459599,1.14600788519233,1.25794319289481,1.36206444742434,1090.51376052342,781.318276613619,906.653420305792,983.137162736808,999.328758554305,0.866892209507938,0.853466468167911,0.851935080725676,0.933071651996402,1.01158843913448,1.3791310753432,1.33794015443045,1.54673823822347,1.86744130443661,2.14371280802657,691.249155424881,531.064382244967,601.41408835005,617.172003442706,643.325993244472,2322.34437229598,1320.60410653809,1855.01167381615,1967.72970746617,2255.89715165473,-1210.60180567405
200,0.215,0.825,377.709824077126,500,1.69140078108631,1.17286105868655,1.16983010765599,1.2176702595725,1.23603153890534,560.244566953799,873.36562273701,877.901476103123,1020.28089829236,1048.85374511347,1.34509427360841,0.845809938160449,0.88490271004988,0.966955507809122,0.813002076653649,2.41400816539511,1.81117498809382,1.68093063430892,1.65967098927539,1.88149597838753,452.829362224692,542.94082816379,555.976916920116,640.53888755341,611.912581413061,773.939107397837,1880.45005215085,1819.17386679236,2060.96347842677,3703.81985382924,-1247.79277615797
200,0.215,0.825,377.709824077126,500,2.17727257406225,0.980914299695537,1.1464546320709,1.11521866314704,1.51764302235646,690.770589874723,1015.6934320835,745.299529819873,775.15000036267,597.775316013636,0.739621059100768,0.664144314017684,0.809476068697172,0.902563406574665,1.0067383704446,6.37491601304664,2.01217582555401,1.76177442814118,1.4587717896386,1.9482399588128,453.906076575732,512.741701874371,472.013224121064,523.656283582606,448.176396431866,4280.26868229201,3048.24926404777,1746.83800601237,1339.01500246795,1109.7499438604,-1278.77603523228
200,0.215,0.825,377.709824077126,500,1.75955393536546,1.00500325724188,1.02164930741267,1.44724052178637,0.994612713714532,776.300511204842,1048.85431289824,772.989906713831,965.509870678817,1871.71759245406,1.21938881266864,0.714292208633803,0.80752089493168,0.888723118864724,0.698919942062674,2.90645299476491,1.7132171391174,1.35036979847565,3.15787056073074,1.55560311357045,533.319848809106,597.729099710642,543.741921216812,526.503692358395,866.87473461578,1511.68173913156,2578.08281215521,1235.91755870671,2654.09752828391,7505.19372665591,-1211.15452231347
200,0.215,0.825,377.709824077126,500,1.04477192486645,1.03412026877491,0.953897961469528,1.21803926755526,1.31084440957751,809.372554461298,1576.03955812325,1161.16171800907,749.002669094048,751.425851464997,0.817641392182656,0.731774136028316,0.74445834567764,0.92784250549786,1.05325283955864,1.35621556501646,1.48695807891606,1.26449330539042,1.69472382901213,1.73874947203808,536.131591378948,785.31019784606,722.352994146233,536.096252742414,526.876239263031,1475.37655126054,6475.15130530824,2756.88595580773,1409.93738619436,1305.5059464431,-1236.37274756329
200,0.215,0.825,377.709824077126,500,1.10666201805795,0.891233950659478,1.07429686127859,0.963901602549961,1.44008424754798,1395.50493469453,1236.65926617892,845.983506483048,1393.16541809207,763.454801508762,0.848169807367871,0.705437013534447,0.850607853883134,0.646466596518717,1.00319901863374,1.60562252850248,1.17102387845136,1.41566232108194,1.52216203926651,2.24149549869781,787.566279436035,683.375333059049,551.859426580762,698.462906937877,528.925137474257,4050.34683111104,3005.69649425778,1546.74723218702,5739.83727836863,1534.75535613435,-1193.9013549561
200,0.215,0.825,377.709824077126,500,1.08110437787997,1.14333825776312,1.05770763955692,1.62528683444361,0.975661920407538,1551.78635166597,937.434100489984,1035.38492196546,679.336714949863,1415.25156363948,0.637086091068881,0.741733461304152,0.783171400646718,1.23541775255178,0.702912723691186,1.66415604898431,2.00865242149793,1.53707356706691,2.51297092952496,1.51248376571786,767.125641930122,559.586151550807,667.924680942059,511.994823153038,759.935332750897,7611.76208118999,2709.35945680476,2297.0500239963,1031.80301871288,3946.41174804665,-1210.44402640881
200,0.215,0.825,377.709824077126,500,1.71118109490022,1.4842273539372,1.04441635817409,0.961338624218736,1.28456570177607,773.616507685162,633.329004860749,1257.16635826112,1199.21639756309,606.219713431672,0.987142871982566,1.13363245652884,0.743670334493644,0.687464043274978,0.902378495688736,2.94979517557575,2.10333302287343,1.95101424810063,2.16579239878002,1.87105242603701,493.839471353202,470.344831063153,630.875464844826,581.231808033058,434.203303489278,2972.66044746478,957.408147037855,3478.42707239204,3149.67433215203,1044.2099601053,-1274.58929650993
200,0.215,0.825,377.709824077126,500,1.20338958722602,1.18774744607205,1.08305382211915,1.13510207213171,1.80251804246765,1375.77793817435,865.304300735297,754.531010648418,994.618847860039,556.667466395888,0.809092578275519,0.846330402251837,0.847930414527385,0.883542750591473,1.36165083753917,2.19098033951576,1.74702335988455,1.50944935643969,1.58428289694102,2.4242013292147,656.193833886242,577.225740956329,510.948497242217,628.99519941414,436.35815827393,5117.26477950658,1826.47430554549,1203.80879709259,2159.26518063994,831.397610091024,-1265.17041818095
500,0.215,0.825,377.709824077126,500,1.47876718884889,1.07117309402164,1.25157276130671,1.30875244320823,1.02182209693631,916.211102903465,1162.3549053367,665.06625096213,777.439405209823,1063.42945801438,1.08004806902946,0.79465262418091,1.04173010007623,0.988216854535602,0.757940737867043,2.14275035395477,1.40730002533042,1.50834096702963,1.68299004399639,1.53838753590206,638.06864817797,759.87102635181,538.568216793635,598.186799172286,644.019431042562,1686.63802037392,2406.33581312437,879.297343204749,1189.98696660981,2152.43099723148,-3111.95596252929
500,0.215,0.825,377.709824077126,500,1.01057867948737,1.28996572489013,1.39389936999348,1.0957950828218,1.29955492240218,1161.35540094722,855.527763272495,712.99850811224,1176.84069157847,753.876019717204,0.837377044728412,0.97380955151342,1.14277805655065,0.848807236825119,1.10400097473951,1.25672625058258,1.6469148049282,1.68226654216194,1.49971474965002,1.62771022496394,786.960553381727,642.799704327929,580.340293494795,754.416932021792,584.114925957192,1902.19460859174,1397.98859721549,968.095312329918,2207.55769487797,1029.50596627123,-3094.36324621513
500,0.215,0.825,377.709824077126,500,1.72511277075967,1.16051328984763,1.05357206111237,1.04022616668781,1.19207944029465,766.486493247845,890.655403626622,896.217596659474,1248.16896833919,913.948641954878,1.29328110265201,0.952756138896965,0.865637591761958,0.809089490364247,0.963516141671644,2.3766789872169,1.46576681499795,1.29833986050924,1.39146587296644,1.49273547311885,583.330809084985,654.059337466937,668.606285155505,811.701951433806,678.092618674966,1167.54109789106,1314.15783526415,1297.19272460028,2539.32105326202,1414.89787941878,-3089.59803077923
500,0.215,0.825,377.709824077126,500,1.46359286261951,1.23139955214697,1.32724408831134,1.13701877241344,1.28315632572639,825.29732746034,755.716049177033,871.164225236865,1099.89913574786,857.635381374246,1.21738584610936,1.03885746763396,1.03835196824014,0.900660878400721,1.00422920628808,1.8263545304756,1.45264212252962,1.71639668238611,1.43141546630937,1.62516050800267,651.090833569641,584.123205681804,646.942797040626,752.389901188427,645.501750598956,1184.0555659456,1016.34619170023,1338.58014764593,1956.5816623114,1285.5622855418,-3067.48535762813
500,0.215,0.825,377.709824077126,500,1.01252799962071,1.22666328821713,1.07678186107103,1.04171801288824,1.21066117725787,1583.40151332742,759.957088116048,975.955435095479,1175.1612279366,874.863267038418,0.746862463555995,1.03687631285955,0.8875510428031,0.864839189353114,0.908618540810424,1.42854624383659,1.48746605777369,1.30873153832441,1.31058682341595,1.58237084452456,917.863326551662,588.800920645148,710.090882614336,810.068888287498,643.444702342684,3761.89291324227,1034.61157091449,1469.22561887209,1918.29864125082,1340.88899353978,-3045.08991374565
500,0.215,0.825,377.709824077126,500,1.13283302969111,1.0095435495456,1.08507217543083,1.13700642855363,1.13512578356387,1092.94719486995,1418.10653079145,763.247951933998,1221.65325183597,993.722088806381,0.940885253016341,0.821863329091433,0.916931334753088,0.810092963653709,0.947651087077788,1.46875911427269,1.27077545160417,1.31947189496039,1.86780283038742,1.41996376191025,746.757886701557,941.898817480167,602.091325344671,708.126316333368,717.889021667539,1739.99506214508,2580.57526919688,1017.81544035188,2826.66946888509,1478.32950402451,-3031.58490328153
500,0.215,0.825,377.709824077126,500,1.38152061831302,1.19543033307302,1.01153644632522,1.19190089863734,1.43278891424275,791.716769481234,1007.99171478738,1282.5220762493,789.870098472055,748.826260107879,1.11694113118145,0.883968996678462,0.836054858611319,0.987664167145275,1.16886832045668,1.71309704480901,1.70882402339532,1.2176151755244,1.43425837689838,1.76953586982968,614.677291442086,673.221527511108,860.462379949199,624.893687306241,583.369081147533,1219.02978664088,1968.84942605841,2253.34327488693,1191.76494366994,1050.99402850465,-3097.35636087213
500,0.215,0.825,377.709824077126,500,1.23330073149256,1.0541212978344,1.17556547659849,1.12251140739864,1.22801036607867,1034.01179311674,917.400880663506,751.566777122375,1056.45026607362,1001.96232745344,0.944813913135878,0.876145011975906,0.940063525741503,0.861291082917524,0.950326148171612,1.62326309110185,1.33211306795114,1.51191805329946,1.52594411573806,1.58647625311535,734.600307833094,656.504042418806,576.179246897377,715.439045641781,698.146359571425,1717.45878308566,1434.12064034506,1103.75166706605,1900.48123122289,1728.80084490996,-3091.76875430416
500,0.215,0.825,377.709824077126,500,1.03103221345262,1.25923346094562,1.13522161911146,1.14675310819427,1.10844904254569,1415.17165508348,883.229429493969,989.872670576172,954.378962751208,958.457578838813,0.842093935699277,1.04608533056595,0.910801553458264,0.930583268029887,0.923569009533133,1.28161578612938,1.5672636104726,1.5389619409651,1.46232481262409,1.35655630170301,917.416368841487,671.731959886721,686.602873991795,696.084759825816,699.757014433532,2565.43548840898,1290.38849772714,1641.60472753954,1488.77597153175,1516.59260105666,-2995.93267559533
500,0.215,0.825,377.709824077126,500,1.12396148515096,1.09497497827255,1.00331116168728,1.2364818758287,1.37597420673668,1128.22567818076,954.853338955672,1047.52133174973,1045.7196470764,742.480509423996,0.857750992535013,0.892207716955946,0.798122864836058,0.836164576122034,1.05251724729392,1.54021117669848,1.37831484837524,1.30547267837184,1.72620819992011,1.72791936831478,719.762581481716,675.279372385485,715.235216655864,719.145064501589,570.830766571041,2090.66255865187,1515.96424768028,1796.04881852256,2488.27642756156,1096.18598656076,-3066.82279054127
100,0.215,0.825,377.709824077126,500,1.21558002218484,1.69730800641312,1.19776290354433,0.834392907655577,1.82765616093478,911.931667579969,630.690143406542,1032.79694760815,1390.31726796442,695.476868757434,0.783658226261004,1.12778027875964,0.686569858321797,0.611644988167216,1.2601454289809,1.89875125902744,2.93946681988256,4.33605428507157,1.29743712539706,2.68463095678783,529.990997503146,443.367469674461,513.413234358054,650.081983479492,451.803274163472,2777.6835804918,1185.83943213487,7611.43352404158,4761.39645853079,1366.06692018385,-613.475769960325
100,0.215,0.825,377.709824077126,500,2.05074643612783,1.5960747677543,1.26593783383309,0.947459549330862,1.27682243073459,592.128971342058,508.763707449567,711.197568880914,1198.84372802775,627.758358972792,1.19275438005418,1.09974177865438,1.04661932971468,0.696794488665757,0.946678781072348,7.19994338590869,3.03174990341592,1.56104677939848,1.4060347300464,1.8540032540002,387.579469785024,370.005704627579,436.418165365762,575.063717071068,412.936475115354,1859.29048720996,947.774897177286,1387.45086621994,4598.67331015074,1314.62922572523,-646.147154123787
100,0.215,0.825,377.709824077126,500,1.8670856755962,1.36756220238589,1.15804531077528,1.21610248404189,1.00353930747444,670.463773519839,848.345644320314,828.878987694618,841.378424124487,1221.14818374518,1.21262799822361,0.963632457227068,0.774510907436752,0.957864837089805,0.749718297483311,6.58283580599008,2.48194604989838,4.15121980350936,1.66809065059306,1.37880046614674,440.166494606229,522.870571010407,456.163753961678,539.715164066857,652.603213470399,1432.2183749187,2497.90354574937,2313.6040480973,1753.33439332467,4297.14247310788,-617.72957603757
100,0.215,0.825,377.709824077126,500,1.47009843816463,1.27953946982617,0.814111638485354,1.31568510762596,6.52758420657487,774.114126806976,935.329284083951,1201.41599028496,745.36259555216,630.90819209759,0.928768949254459,0.609438956557553,0.513334150763285,0.755579502148543,2.7634083143222,2.68501004780955,2.16644433037159,2.3109706497057,2.41917101221197,16.420294494828,483.832781715582,555.527216234389,506.2808260208,456.428878406104,455.465573713125,2320.80275879469,6103.26967147167,6107.84354061644,2274.26622162378,2088.22729541307,-585.93797446274
100,0.215,0.825,377.709824077126,500,0.851624433144421,1.6394422049569,0.915025016439731,1.11919690708857,1.13641190010674,1912.00320541461,587.470850988626,1704.23431084678,610.738195009091,824.353754345984,0.540267002698081,1.03190500919124,0.403023852997107,0.666477428203394,0.783518405708892,1.93535405988331,2.7477614924838,2.2796173283323,1.84788704941714,1.8129187140872,691.373673523615,417.411315573888,550.57906048111,396.970770035334,486.119378783246,14866.9662092849,1486.05539105435,136331.553602949,1611.71721498789,2255.71563718972,-633.780880914793
100,0.215,0.825,377.709824077126,500,1.13878943136531,1.0734958862197,0.900085858589985,1.25875685133525,0.909024651757511,1818.57655479675,749.384634904876,712.716928259158,953.295875727475,2030.61379618879,0.492116902671896,0.801462820143603,0.551005896724496,0.665041338976722,0.38167591252446,4.77873188913129,1.50914348668591,1.72247100223819,5.66077893240671,3.42793789796852,506.280282775181,453.43064647452,410.259412945325,457.40737292606,538.025940055492,181340.102319443,1862.8767911156,2117.7026531595,6253.17552643911,113132.360046673,-621.912448398174
100,0.215,0.825,377.709824077126,500,1.6946774031093,1.16828874256266,0.662553418081651,0.99812377304373,1.37804606831339,816.166050783823,925.680189401194,2136.03103527402,1297.26705991562,636.592513881127,0.989586110839299,0.606343925529764,0.439431531214048,0.532018776955093,0.954341452453875,6.17282571938194,1.84115482967403,1.24553998180107,2.01287778652304,2.27537558119275,477.328942533093,523.671702099975,689.082278290554,586.889854836083,436.588668622624,3218.82881269942,4592.81799885327,13710.2370381688,27234.5919226549,1324.38615325557,-616.678857514717
100,0.215,0.825,377.709824077126,500,1.66248284515166,1.49067269191245,1.01391824576184,1.14377220743807,0.948770282282415,574.429173982556,541.757759903077,804.827156384689,2431.61210637533,1126.05747081918,1.20591519771455,1.07618051217192,0.776333312433023,0.805556021907776,0.66646592635495,2.41211833500863,2.21615941041468,1.48327456182314,5.10716829967621,1.44353666632229,394.821331783002,393.618287367001,472.220692662895,569.174741545483,580.986299003391,1166.70845094332,911.699845867757,2156.93997950892,18193.4339509793,5404.13500240113,-622.591147264422
100,0.215,0.825,377.709824077126,500,2.49178383948922,0.986629794282097,0.959847388119245,1.06505960968737,1.35231934196484,524.439917341617,1459.18691250515,1291.63098159985,560.866643377777,788.19571655723,1.6926468293112,0.710690787161951,0.635814730936281,0.825092853246856,0.770271030566164,4.20792991001641,1.55531835994538,11.2005406092927,1.42105673650623,5.54891571185044,395.60516899358,681.075833962788,443.156187490107,377.806678465414,415.540571636133,1022.19890882833,8708.80930252428,7637.24564003978,1008.87296081195,2698.15183570501,-625.109540773016
100,0.215,0.825,377.709824077126,500,1.38851928040761,1.17353305365661,1.48142065940701,1.20374396773772,1.5788310151202,1015.34043873745,755.253929960641,983.361240169538,696.654807304938,584.707089219882,0.755627464569713,0.562401835175277,1.13613393999581,0.804029262284131,1.00964766456833,5.3667012796312,2.34973262664239,4.14118844470111,2.93600776449568,3.32275517444682,478.440818959916,431.5265395153,540.236183993734,420.440547515376,413.919380832736,6967.65861933334,6232.60995201355,3714.21406950471,1831.26808239596,1330.32684003209,-633.827360908333
200,0.215,0.825,377.709824077126,500,1.17368035564248,1.16036003928628,1.12619396302652,1.20535721691314,1.28858570554861,1219.959534753,1065.50463587124,755.248265973508,921.159809054006,756.626281231597,0.82533192850448,0.898824410504157,0.81085450129954,0.896331897519644,0.96753345961183,1.6975081776795,1.5967799606633,1.59876666556849,1.93515716887382,1.85904445513142,705.09235142438,668.418715230807,529.056287113932,565.627037565043,533.120440571255,3331.20728506017,2231.1931466877,1381.81549130847,1939.32320948791,1597.01229954882,-1233.47044928929
200,0.215,0.825,377.709824077126,500,1.38736232810019,0.874302380880188,1.0660481021376,1.32584563814029,1.2089975500768,637.550712043866,2458.88945849573,894.456916373617,689.319847930466,1053.86800309881,0.953079336098523,0.5927226608622,0.833429787850172,0.975109561041194,0.740693274620458,1.96019500861677,1.85820336400449,1.38505399421851,1.84392849507931,2.37150959951352,476.176498942625,732.804122288194,553.259912101059,491.236457830098,547.30646461901,1142.97919992282,10557.1836892196,1802.67031495834,1198.89119267729,3703.60577086753,-1244.54273191054
200,0.215,0.825,377.709824077126,500,1.0995383612479,1.03329634675616,1.18776381482569,1.22255561158206,1.42025113139497,1102.89158564869,1174.54328561849,864.623106390814,885.860607036237,862.813504772528,0.87326205311252,0.722170607416617,0.832244020941659,0.874203489572704,0.992518374121102,1.43827198142163,1.66203136836089,2.28588605272707,1.76266425846032,2.95925096270635,697.811005762955,644.579642835038,528.65455488091,594.707814734565,549.818631527199,2157.86059395117,3439.8341370727,1908.44516899937,1999.4365703319,1772.32038563664,-1234.43026773434
200,0.215,0.825,377.709824077126,500,1.11656481137036,1.30671126682226,1.11813182076866,1.40549882681976,1.89197354559588,1231.50858515066,820.087944370164,960.953007531821,573.826916948423,723.800711349998,0.843509598708947,0.989374950782423,0.83925270454773,1.06387185337031,1.34987391304713,1.62198969406746,1.85295722222125,1.54730891119658,1.86267810307453,4.02708736178403,690.766342606439,543.068660539663,620.992756568815,438.830958139433,503.972002234586,3060.9053499848,1584.62929942556,2036.3845153563,850.94667683483,1374.86501522734,-1235.29874240284
200,0.215,0.825,377.709824077126,500,1.28604901710457,1.60723754080362,1.26939776568667,0.960467166823076,0.987460186226127,839.096482794223,596.836321900666,689.929896347202,1887.45172969948,1272.29683748766,0.751187532706107,1.3076575100366,0.881822691333227,0.692254584615896,0.65751427676486,2.28404828035339,2.10987881639211,1.72414109821604,1.4425022169425,1.55589314658959,522.09619696964,451.167093224624,485.533885240975,910.854152525562,660.067912553994,2325.83414523817,872.628305327025,1249.05236159587,7221.24604680895,4147.63018617617,-1220.45869923312
200,0.215,0.825,377.709824077126,500,1.03811078747604,1.19045434055973,0.961291523501605,1.34660210152755,1.27824618075074,1181.4925785434,1131.33261343939,1103.4879796115,749.527364739339,1042.75450997754,0.676506128100314,0.851038478371418,0.752469009658849,1.00399005177884,1.00157492623427,1.60902984268321,2.08793194471619,1.25920060221166,1.99328394423806,1.6229515491519,662.075458093561,659.66741244304,654.162607239636,514.21506707523,708.846912857827,4451.94937387518,2978.41590615439,2444.3748802276,1334.35391899109,2170.0812191514,-1197.87761661052
200,0.215,0.825,377.709824077126,500,1.22456884537551,1.02468023890156,1.41636120011941,0.947268871759851,1.36387544365061,869.508725855833,1809.44405308864,529.779965514608,1213.62802212719,968.116032116395,0.917848812714369,0.668203660989832,0.933603448333977,0.522857544370431,0.744304407915799,1.66570297983209,2.27711511101617,1.88407804196111,2.14789587858126,2.01912392832107,587.847926961232,671.108345437962,415.006374752281,522.50087342808,586.220845494766,1531.15013931287,8289.61802978383,991.496420018288,8273.29100303399,3912.16213439804,-1263.2258628515
200,0.215,0.825,377.709824077126,500,1.1933741091487,0.772550657440592,0.954195895249073,1.20497747333133,1.2999832236334,1104.89327538166,2185.83616994497,756.562161471485,777.324717810049,776.962589215985,0.940074509332591,0.554831685364533,0.758881861338135,0.753191842972444,0.841172560460249,1.57284023871892,1.06494494046957,1.22398335359053,2.31688246506687,1.96711589441542,668.967610563349,965.672312163933,530.816461551956,484.82596174194,510.785686676902,2648.85122248571,8123.20722640597,1350.6565540751,1976.01350156454,1954.01878185484,-1241.49773730992
200,0.215,0.825,377.709824077126,500,1.38697132694197,1.01186164589458,1.27008642008109,1.04916863282041,1.45608026631465,881.807103790045,1343.3394062106,597.610209706043,947.870249523769,597.790951037708,0.840408718099576,0.737226527113109,1.03299415508595,0.829790563050287,1.1399176331503,2.96961986403749,1.42941809952427,1.56363617369182,1.39379882612652,1.99887524465728,518.277973089048,744.402471720337,443.004583955663,577.218448197255,450.701590479878,3204.49575024712,4009.58590862859,988.527260010826,2053.6247200896,907.34191622877,-1255.55376603914
200,0.215,0.825,377.709824077126,500,0.865349442477558,1.17179038291624,1.38908508227733,1.04438500235527,1.35716158314257,2003.98002669564,890.810668564409,792.442597182994,1050.20760983194,719.198062311738,0.625633193064611,0.869271202515035,1.07722411212003,0.780443573109021,1.0663512111191,1.39970833233271,1.61552829466647,1.81685240043289,1.510252838607,1.76377633977164,817.134208350415,595.540358011979,551.670236226058,633.966847766553,511.183756664669,7649.85822719735,1744.32284987842,1468.79161186699,2301.24857597619,1220.05516122211,-1205.55890459201
500,0.215,0.825,377.709824077126,500,1.4279619661892,1.02021103039157,1.15861410461347,1.16673632926159,1.15703290650623,1002.77668601674,968.613025849506,845.846280576697,1002.82939826801,974.086579657629,1.04189461446132,0.861625883081703,0.958325894445463,0.944821416506375,0.937739286199578,1.94340549200281,1.22369632682114,1.41858013857844,1.43200744163791,1.51095422762226,696.16760928578,682.548855065767,640.187403990552,723.932531451737,674.867087429833,1901.73310442841,1470.72464573617,1280.10584764553,1597.40916789517,1471.00482342497,-3072.04622689417
500,0.215,0.825,377.709824077126,500,1.25724735652517,1.23882763107467,1.20784224811776,1.23844605749437,1.24318981739431,1052.07284359349,789.65793059596,773.07531312313,826.175397374552,847.173969989238,0.989884387449017,1.02418463998301,0.993099652637209,0.936293112897886,0.947819972853342,1.84085166207863,1.55871922502769,1.46853710946859,1.64425182218755,1.67688748682011,696.007173058489,612.355270561695,595.983618291163,601.214744429363,616.424693925695,1692.40751386233,1115.23796592821,1053.88220917652,1341.29639999229,1333.09650156028,-3166.37375327734
500,0.215,0.825,377.709824077126,500,1.49642346005118,1.11860871010919,1.02133323927898,1.0596913826264,1.01659629525297,642.342198341402,812.373371870887,1072.90713928616,1036.46569646005,1208.4534673167,1.18086033123353,0.925940966324412,0.832641835406987,0.872559170550987,0.828322612978332,1.91516655664058,1.38608018447182,1.29991913748824,1.30746826648842,1.3201780696945,521.50065517918,615.161612325017,748.375897889347,733.860376213998,810.044785193369,877.978336878886,1209.72125851784,1746.78870365071,1627.12908634543,1937.36133430921,-3134.67667466671
500,0.215,0.825,377.709824077126,500,1.14763209130953,1.10185320720351,1.3187435081989,1.20660506951632,1.2989249743186,1220.64170538746,1096.50933304766,725.767510910091,812.947234711509,916.11164646585,0.903533651388077,0.858781815669453,1.13089217247996,0.994710957331854,1.04629061306923,1.47341003035133,1.5433766630486,1.60203747933088,1.51988056318249,1.6705856434213,805.07309018398,719.853232642392,587.152417019624,618.077598971334,653.649572832809,2321.41808771261,2031.31036707258,983.284760510052,1171.05543299359,1351.29684765826,-3101.15175215399
500,0.215,0.825,377.709824077126,500,1.282321803102,1.09624745915169,1.11310930888364,1.32653376583251,1.23417270960252,1049.58213196453,940.160003352823,912.143017436586,754.758009663787,1093.23553558082,1.02275506265603,0.824847248650216,0.907372917124586,1.02382993586017,0.986560715170985,1.73932281200109,1.60159531379377,1.37441469148376,1.69042370088134,1.52612084166499,730.575371458807,622.976852717045,680.598687400367,589.083034673998,788.431778228547,1698.62433440595,1672.4694956306,1368.48158708067,1155.88726989136,1703.11860308272,-3118.80026282822
500,0.215,0.825,377.709824077126,500,1.14648273187892,1.09747889772005,1.04650287255275,1.09795983102384,1.16697207516328,905.502820108439,990.370540898494,847.45706577548,1041.22365941338,1254.70903999994,0.930378475079521,0.889267462153742,0.880717972264753,0.867652638700106,0.921537168779338,1.42303440976205,1.3587994673807,1.24289464803767,1.46703821168645,1.6001049578392,674.038683128878,717.821950989077,652.605131606713,714.514468323115,814.177343041726,1508.20720397243,1556.8751741531,1208.24031964743,1828.43404741088,2206.25550351317,-3087.44060147665
500,0.215,0.825,377.709824077126,500,1.19641376229418,1.26620267346172,1.12225068453541,1.31892934347667,1.32774768227699,1164.41325495452,789.626250375379,891.924219988335,774.846036866382,766.281546414042,0.88579792706643,1.07643700265024,0.907093792660174,1.07226368850044,1.0457511485937,1.70027322227555,1.56009072125864,1.42059565939936,1.62588830530398,1.65198484786395,758.659305969869,612.938326226383,657.279470163631,596.671191497479,588.424061765806,2253.14823007782,1108.64025821252,1418.90504595768,1118.1501051958,1153.67716359906,-3156.67245319061
500,0.215,0.825,377.709824077126,500,1.28813932521225,1.14158050152322,1.16243614222578,1.09314899267973,1.2130890622113,1235.88236125752,928.689913381729,882.606637050322,1098.37110224109,893.933685385854,0.931842536758488,0.942566203734393,0.941341855076715,0.874280992788078,0.949733667031673,1.93410252824035,1.3771332447849,1.43296363891938,1.40070836397857,1.64889358899242,769.775308147655,711.795014924471,666.307576126961,751.779222420788,651.913901247595,2571.932676125,1375.8828278451,1334.83935771548,1841.78551004385,1444.60597261433,-2998.20597364612
500,0.215,0.825,377.709824077126,500,1.23659592946402,1.24999933063974,0.978451966540664,1.02067784147772,1.14234008446037,1122.6272160914,758.239257678986,924.817942310449,1131.2180793932,1081.75754446035,0.951028399458812,1.07982063499898,0.779991527074809,0.830752319672262,0.897505664904161,1.61127547209875,1.46611692575892,1.25309288049132,1.27710888363573,1.39893587203772,763.885555980573,608.032658303173,670.120943343886,772.735955620384,786.33445686282,2033.16897124065,1051.49065713158,1540.84864831677,1910.22276454513,1769.3554666144,-3061.69450251969
500,0.215,0.825,377.709824077126,500,1.53782559578633,1.19345751829655,1.18473121949864,1.15793016481103,1.17011341472593,866.708445749691,1056.46988538963,848.745861170818,947.746448212459,993.536488468153,1.12070338152667,0.957941985395806,0.980029131106417,0.888621569608401,0.908699503756264,1.99201630294995,1.53672733077044,1.50276722939245,1.59186058104381,1.60607626705372,639.354894204415,747.699491724277,633.125137773886,667.497195177139,680.768538744384,1457.23993029773,1709.99961651619,1247.2589850106,1604.51143778365,1643.80259372148,-3052.8394648313
100,0.215,0.825,377.709824077126,500,1.6548609533763,0.771328907056224,1.49067326984633,1.31017848515531,1.25628981530482,1127.58559377505,4083.86438733375,504.587872193804,1550.62415973,874.136954047192,0.986323664755591,0.537299307043831,1.21577222329729,0.774574575151613,0.855028346495981,6.71746679148985,3.6895297986571,1.93799362540709,5.82820019677712,1.89905809451157,575.673089878664,797.031239811336,388.034841776217,603.167101779674,553.367144029805,5108.92956818989,48966.4292493574,706.44490911919,6436.28202080775,2457.20133586947,-574.404781951902
100,0.215,0.825,377.709824077126,500,1.46960729813389,1.38271750952308,1.2745700900242,0.925098428210206,1.3171980048071,705.73932684305,527.092578328319,707.762528191325,1066.66116520631,703.618953656384,0.853904093739391,0.952567698073814,0.907945870316818,0.668172089782213,0.800887762326029,3.36833970072374,2.36845208653063,1.82751831608773,2.07696154055499,2.93463945447792,420.666282687106,357.857188591045,426.332866364716,473.15169134394,408.929840714505,2399.26732864658,1117.80136865069,1535.75493947207,4143.65175715362,2438.24510666056,-655.426614018097
100,0.215,0.825,377.709824077126,500,1.30668445055079,1.29181734744747,1.30258874087752,0.886449142767932,0.852391784653585,869.341886662592,627.788951425701,740.956182465614,1890.57783627908,1574.97604387983,0.91491819712255,0.896364221020812,0.816986237306622,0.467708087100582,0.591870647111899,2.13259455507881,3.47957642770627,1.87336946099424,1.81451454289781,1.47583049463802,521.35149680257,410.789899489935,468.569452784568,662.106580804894,692.604475876124,3237.11490184021,1249.59215643992,2268.87389505399,47231.6170063505,7217.37292090244,-612.65047991043
100,0.215,0.825,377.709824077126,500,1.42661312186653,1.31113866797179,1.33780577119334,1.15995926758164,1.25177789037609,1036.58686897756,898.398856950528,706.239735429388,1381.60700554656,686.732177717661,0.795602146325175,0.869635921737927,0.966446091630854,0.658263651807386,0.916262552565728,35.1272702559442,2.50497483202916,1.96342726681421,4.40325489582159,1.76181087326851,403.917534959096,515.827677980497,464.115424061241,582.272963898382,456.814213307528,5743.30895222513,3082.11858372116,1635.43321448535,8828.79405023997,1464.33490439763,-599.144013793596
100,0.215,0.825,377.709824077126,500,1.18195524305172,1.44259958752029,1.42453178536436,1.23900427236575,0.547380037681936,841.903841335368,506.907836726305,704.510440571916,642.196660340063,4275.06668736356,0.835826275374797,1.03870962672369,0.795737637436606,0.824375690881421,0.38072438843698,2.00016336142396,2.16414765994118,5.95956952406717,2.75623779350864,0.889465171442612,474.76964314721,371.603989341928,399.874367497819,408.891399471011,1066.26408805196,2356.68512147398,846.853969280813,2345.05336658324,1436.36450279025,59263.951196896,-652.10288930378
100,0.215,0.825,377.709824077126,500,1.01555481269154,0.979427459784877,1.01783970545953,1.37237354553911,1.12773476493624,1222.14720858539,701.350378161896,939.538802261961,823.165792261362,1096.2150035088,0.594821671184922,0.749640419919567,0.762403176161419,0.892344895366053,0.656686847121416,5.31907665642921,1.31512258880301,1.5795124848097,3.03206328994708,4.09015193036927,449.598398045281,448.560243579714,502.465179833553,450.927545182644,489.081020144079,8786.91579936365,1478.6725661557,2218.44442443542,2829.36160164735,7027.86459336932,-619.961780724083
100,0.215,0.825,377.709824077126,500,0.774665436148592,1.58983400827146,0.763886500263114,1.1588717829761,1.63972176658528,2423.16618430888,739.904104100672,1595.14716392461,930.722482855048,847.799748299035,0.544090773173203,1.22235333882372,0.486411469805474,0.801557118341137,1.14994789462232,1.23462009180496,2.21146628280194,1.71647058108774,1.84206367202699,2.74032385877759,903.364690252625,515.643152020098,613.994247763296,568.812574170998,534.286530434249,14654.1619190706,1542.77646166099,8172.21194463378,2200.27058932857,1957.80756183892,-590.765120371696
100,0.215,0.825,377.709824077126,500,1.20774522022121,1.15844886700474,0.992912598028815,1.40236292551776,1.44533766429065,1454.34042434086,970.128847416989,1510.32231864571,636.897274004163,560.663167308167,0.794131630976259,0.6397879670547,0.554219649622473,1.01963062347009,0.919507649348638,3.37008919858394,4.7053042451087,2.1719356239845,1.89336369761157,2.33640951665808,678.052525827708,430.192314872191,576.977024127328,418.866880166772,386.917054715489,7128.92133649343,7030.0333516273,42008.3773879927,1173.85830173095,1159.66384798362,-614.940916991954
100,0.215,0.825,377.709824077126,500,1.19731521979309,1.47655265121859,1.91662291417027,1.3672901605962,1.3420925374054,667.998079838624,698.64349393933,597.961593056453,731.336760583737,1247.11105471051,0.785252620532386,0.92120935610238,1.38966184894291,0.804217174975261,1.021811775622,2.28749076342485,3.58934525871236,3.44825208479189,2.86896256062068,16.7659453426618,427.481407559108,432.861605493981,439.986221465876,446.157528893734,411.885256492346,1727.08470945171,1743.64199663629,948.697529487009,2940.11381346157,4553.82971386922,-636.183451364186
100,0.215,0.825,377.709824077126,500,1.71074927182582,1.39156209968413,1.97543729523747,0.981313735512873,0.867086046891,612.566598834545,948.962369868924,807.597136722229,991.830134192965,1812.68092622336,1.108112786017,0.870370853081953,0.667944461753784,0.602629377945632,0.540627671551338,2.45875744775499,2.9221375216625,11.285161268995,1.79038535452288,3.59067484170525,437.916950728118,541.147877476825,439.585295506778,523.514266032687,515.281038059346,1105.68025491989,3078.27419724584,4883.19281181806,3491.31703900683,16173.9112371941,-610.970766352158
200,0.215,0.825,377.709824077126,500,1.11024501689183,1.39577666567421,0.985914813929229,1.25498594564081,1.03034335806297,936.816133192996,804.885971348556,827.745096539597,758.785607880309,1828.94493544313,0.863276844250766,0.777102178900273,0.728201609440923,0.97987764199088,0.560226585853674,1.494199063496,2.77676059615684,1.38411845323963,1.57931585482574,3.68245286979986,618.788735872592,486.500554156966,531.350198100183,528.960885031486,577.872393933963,1822.72663088693,2623.45651661139,1642.77705852406,1432.5047093741,34316.0596350517,-1225.67913948376
200,0.215,0.825,377.709824077126,500,1.16918901943209,1.10105355674574,1.37790713188463,1.05527342104114,1.70248521251319,1322.38974640943,803.319399573711,544.944015840445,1240.96259967351,621.347189540087,0.845438035858981,0.870763223879881,1.06224879857159,0.744839082845813,1.284206380737,1.85878198745477,1.42568966292786,2.00070385164601,1.64077842228139,2.28800129683179,658.269508856274,549.457493515221,420.263653140934,675.407877980017,469.497845686953,3773.27472687534,1396.47173844475,784.338579639212,4026.80139127871,1005.12883716237,-1277.71797676417
200,0.215,0.825,377.709824077126,500,0.820378319400699,1.11152762228081,1.20968408113278,1.45886581140992,0.93915763164545,2554.91767031118,1033.75609082439,846.469143092841,601.507931011633,980.525447974453,0.642407627851902,0.787471162615814,0.865294872997901,0.975350909522387,0.703725831734823,1.13026381618124,1.63610628541195,1.80315627638671,2.31239005445981,1.34614213506398,1072.02698476264,635.090629187471,545.11274173566,445.004241436336,575.408366093661,9435.45179211639,2699.72589359497,1782.78057201234,1141.95383107619,2185.14012425429,-1250.66502257573
200,0.215,0.825,377.709824077126,500,0.743792871398225,0.979916155881374,1.04455046456877,1.10083638318711,1.50097010227596,3191.08298755375,1539.42707116993,744.207194740998,911.705751686424,592.864858819509,0.532817776627516,0.73287957384967,0.825355379232689,0.894836543740557,1.11623993740505,1.10649029699653,1.53710868328053,1.38919554654221,1.42278924494316,2.15472047304927,1158.82658231258,787.616187171522,513.006653145909,566.825559839377,442.165746589473,21490.5950186426,3716.90594925131,1330.59187252059,1620.21423961077,882.780368258002,-1233.32843952194
200,0.215,0.825,377.709824077126,500,1.17527308287459,1.22265807815244,0.994859564318286,1.22550237586013,0.887710095902971,1095.68033250486,932.518757815944,922.688913127298,979.956504937835,1047.82624955063,0.882210928263934,0.923690942800641,0.782832687836927,0.834807773804412,0.654687667235023,1.55466809002339,1.8802541900223,1.38321028965927,1.95831999538663,1.31443774719675,692.86465138286,606.127057746246,601.513732719554,599.43215853292,591.376303774272,2245.17001642342,1803.8989796143,1807.07742906666,2589.03394879267,2965.93287624654,-1225.76631763498
200,0.215,0.825,377.709824077126,500,1.66045815399017,1.12668616236378,1.17425069141622,1.08894565984226,1.31878393784265,630.988103676561,1179.28252168331,962.439823291118,709.118331942939,731.466413758116,1.25951726745774,0.820528359825967,0.802820756771345,0.845022496797923,0.767364100252315,2.27121662643345,1.65632312489569,1.84097532325989,1.41152779719663,2.20483501587399,483.050592681133,653.569851307841,579.805046086013,466.287497837158,474.703856615019,944.415949125803,3134.54793097501,2634.82868072825,1282.08373177317,2005.86139813714,-1262.07252956382
200,0.215,0.825,377.709824077126,500,1.0522527285138,1.10953446267884,1.38801241037562,1.56126319563762,1.35642730642014,1393.92197960404,651.721287925732,590.545963678317,793.298508398513,772.063224830631,0.771417967442403,0.92942771396621,1.04260499454132,1.01676836853205,1.07522765237451,1.5614898427698,1.39456283632362,1.95541330357175,3.36522605452204,1.98245377300295,744.382390450563,474.036154115618,437.003684028087,482.605776197111,529.547559909596,3839.58394427769,1007.48688876507,958.803593912157,2049.87612834823,1432.30205412455,-1264.931264877
200,0.215,0.825,377.709824077126,500,1.61445454301982,1.29773521645621,1.27606556290109,1.42680458732109,1.16923694773603,547.879257867618,877.826872478763,756.234701824013,703.887842064414,993.661021184891,1.22457404711891,0.978956177212487,0.968689147361484,1.06433726555206,0.789998332164086,2.28547346164086,1.68283227206575,1.87206011191132,2.03844160364486,1.83443066571563,422.611262219176,570.198834145023,506.373701272903,507.801812556807,575.605855513997,875.806805104505,1838.9677889127,1425.35294432903,1372.80754780172,3290.14068549258,-1259.50897635284
200,0.215,0.825,377.709824077126,500,1.04187338847779,1.44968150001266,1.27672668178245,1.22680745767585,1.34772341830241,1027.01570149574,870.19143126462,747.985246208245,840.125194157119,686.484403182318,0.775704719949452,1.07319949279139,1.00854149800019,0.892574861050923,0.997646887867438,1.47985629711089,1.97212993031752,1.75172644591613,1.88278123786657,1.91883519169772,603.098447154604,590.052963059562,526.295150894756,525.838529737243,469.489377754215,2453.94876125318,1619.89840767023,1299.80829980026,1833.53310630323,1253.69913320773,-1260.08905764303
200,0.215,0.825,377.709824077126,500,1.47772136000285,1.17409358354433,1.13041939190427,1.14777267016813,1.43541441509612,843.706689390408,947.763689716983,1095.63616594835,780.87413295327,778.431237454439,0.840924622283563,0.864970647905566,0.6791286003513,0.876116683044511,0.890733672749458,2.10076282853196,1.54313312509503,2.22803771322198,1.57366914427161,2.17471568950203,559.232370706295,622.735064088627,530.654046448353,516.599531394908,519.739045430052,3041.59259092645,1881.98931930103,4930.14840219131,1364.27729464698,2132.34722438771,-1231.21638424038
500,0.215,0.825,377.709824077126,500,0.887233061962727,1.41578900338192,1.24591567739992,0.966855479539063,1.17605740477897,2362.51779733944,692.246541084015,714.908973042432,940.385322126085,1069.98680211625,0.63126236858662,1.14246954435225,1.01322593122577,0.808704355294861,0.814834072848359,1.36250153666557,1.84271511111115,1.5437802844263,1.16704911703357,1.62778692579313,1020.76483532912,553.57274438559,560.737314783774,685.732650677781,715.701613004593,8851.63170148755,912.422976790287,1036.0213369353,1594.9567899579,2253.15311393619,-3106.92695406122
500,0.215,0.825,377.709824077126,500,1.29522475899544,1.03497970646515,1.08506673236491,1.29220740589199,1.02421340014177,849.937407205754,1346.65644617178,880.650815231265,752.643563402271,1131.04255918259,1.05318752424871,0.788645410331998,0.830355352639112,0.969296135764,0.865476316821397,1.57625999270069,1.42872236206514,1.44404357736389,1.71170161720813,1.26999266237055,652.245952624019,827.213273555382,625.939747401501,564.94842771423,783.806466471318,1284.07148785549,2751.37800265174,1493.44851139178,1158.37672894882,1826.97384280415,-3085.0372751141
500,0.215,0.825,377.709824077126,500,1.39915952591018,1.01473801275994,1.09881562870488,1.21985268756356,1.31740578134461,934.997886364137,1341.00982697078,900.747953977243,774.04965445221,936.227437780235,1.1300674324069,0.857093275253169,0.928873540392873,0.984169631191463,1.08090417569324,1.90872948964464,1.28132217001431,1.32647268056054,1.53165825880368,1.74150438348908,669.444216166979,921.957099862277,703.155862322638,603.530211666484,682.511329444981,1455.07244220391,2303.29535811582,1313.71486070313,1095.37885439984,1414.34877853754,-3079.93679639796
500,0.215,0.825,377.709824077126,500,1.25057129057318,1.12652300837421,1.2422362630587,1.09327295958515,1.1411965001306,1110.05195494585,936.269407511982,625.829975429347,1228.24594453064,1080.00943910443,0.822383304591057,0.815435852918421,0.976370419508726,0.846966563373844,0.776488990990688,1.71409339862642,1.49346281508263,1.55549012330387,1.41451664410272,1.64727785347667,707.916114947712,653.171191942061,494.287907225049,824.228373034942,711.225436322877,3265.43663696122,1711.26299907068,883.816386199843,2347.97815296984,2567.9948647476,-3076.50099950962
500,0.215,0.825,377.709824077126,500,1.27160657551357,1.35309665004202,1.05008558449017,0.987989821176413,1.32059703700192,892.375184233622,788.930255826582,818.15977214857,1261.21180756962,753.225252884255,1.04639137450736,1.09341287507132,0.841633110075255,0.775707604262321,1.08847800240698,1.57868600759936,1.69090394993137,1.2723928479579,1.25521739792245,1.63432205735189,673.366819443341,616.316768321928,598.099422039859,812.415279630757,586.420768247075,1392.02329385872,1117.17281872472,1253.22559273782,2395.53304491439,1105.6130640692,-3120.0769796927
500,0.215,0.825,377.709824077126,500,1.09420661954243,1.65617559183297,1.07805662219651,1.12951491935655,1.4431753482195,1095.98468027724,753.816998886527,729.346762885298,995.760522721311,739.752220055654,0.867605018220134,1.0736851614422,0.90769794451929,0.863887115676296,1.16824559275841,1.50415471962851,2.33837253693886,1.33234816520447,1.58113888637969,1.81293899080137,701.465888547796,572.087265757523,549.563000383692,669.612317913795,583.593282311239,1863.70236789292,1410.60934428935,1014.71535480535,1816.11872743706,1017.18237962425,-3136.05226985098
500,0.215,0.825,377.709824077126,500,1.05422329598332,1.18724351355165,1.27950617199582,1.38894434849872,1.15074756975943,1512.26272591612,954.624325056576,760.81355509697,867.503896767585,870.14776590473,0.854598417602946,1.02078296283081,1.0648259655181,1.1272529844141,0.969453180458365,1.35897902048933,1.45966519125338,1.59800697368624,1.78637815547446,1.39949970468072,975.502522811243,699.455822007749,592.081782759405,638.883311224618,658.211659920164,2879.05299465339,1353.45496463897,1095.90170296992,1250.02998415849,1259.23920772261,-3056.51356091355
500,0.215,0.825,377.709824077126,500,1.16972352284624,1.38567545197818,1.25160356001448,1.38604820862975,1.10925891547435,863.622737094538,737.6127315639,755.141530549573,823.493429989227,938.662453334101,0.982038067540464,1.07449437185502,1.01177143921512,1.0840602856439,0.857743932144782,1.45173593379946,1.82846506854535,1.51793946010022,1.87601035400008,1.52848379101849,652.611629798604,584.540595649853,585.74656250727,604.834325763821,643.961026382602,1229.68218127941,1038.5985423553,1098.68388052707,1259.69539842015,1550.78475600552,-3164.57485769834
500,0.215,0.825,377.709824077126,500,1.27887577390054,1.08321456924698,1.24319841883721,1.15289192144372,1.1631322691203,741.268752127518,971.771924093248,751.525018525869,991.964649833979,1011.43235707009,1.08845112639458,0.894131369031878,1.06325286812081,0.93786879306669,0.956768289927078,1.5480300962842,1.36321139825904,1.49124257537188,1.46097795437293,1.48400583653078,582.894219490703,697.089999541909,568.96265994217,692.658479836768,718.597742959938,999.912339235681,1600.16197889542,1017.29360220073,1595.49609410389,1631.82779721159,-3136.9459328594
500,0.215,0.825,377.709824077126,500,1.00347400530651,1.23245519087502,1.07378917020541,1.24730022013504,1.1178880856745,1477.67116318723,977.073652242694,960.428558040227,891.79782713338,954.034114499437,0.831313079802424,0.91432673246229,0.871058469369861,1.01612530219706,0.882741128969272,1.28695250588476,1.62003446203077,1.37232179760011,1.58407787101995,1.49549516833199,949.080427206437,708.01853874456,686.941795505812,671.023413182727,694.816155466796,2678.37385889601,1647.00234247774,1605.53747499161,1403.25230234814,1571.6276017065,-2992.61288517081
100,0.215,0.825,377.709824077126,500,1.76127027389579,3.63387796511533,0.945493352314616,1.0460942647953,1.1623363448326,648.631475232458,533.186525172511,561.650296619506,1015.33416954645,1015.83657361987,0.986555398761865,1.11779667279122,0.728321683535256,0.740849311052228,0.707016132551292,5.24242921608696,9.57015425883478,1.22199977060733,1.81290340079889,5.01204738420819,435.028008399912,426.547847554396,358.236487461986,555.783011562012,461.444888401684,1669.23379545007,1515.42387754817,1099.35151752268,3136.73971815018,4725.30460521814,-639.318935492948
100,0.215,0.825,377.709824077126,500,1.24413598786127,2.3845442369603,0.991618620164567,1.19986383567174,0.935935576302889,647.62435689941,619.183462991191,873.907585837892,650.826746884038,1690.83474179848,0.838210166477957,0.775041003275262,0.681974424373307,0.812864754118028,0.643440042304541,2.14745135154473,6.33405837812236,1.81575222117612,1.82657181758576,2.65285155280713,422.117230872653,423.500170436577,470.458804394437,412.064997778861,641.795148747775,1463.53825780635,4294.53371045193,2700.56757127791,1454.11694477372,11210.0983069524,-637.456784682606
100,0.215,0.825,377.709824077126,500,1.7064219736017,1.01355527485062,1.54267204604289,1.53500518737535,0.841403723344008,988.540230408149,764.200985287677,690.814344512,740.745820413581,1183.026710614,1.02258440749914,0.710689466928191,1.14722004373861,1.06133235166892,0.641204800271632,6.71809524821391,1.83059724383013,2.3733723936111,2.98705646607555,1.23965875869963,525.271733602771,466.323981011949,438.965768524646,464.393360061525,591.127939727443,4067.86456120996,1682.5308688387,1375.16837985729,2096.63406452668,3559.54580476461,-608.178980571893
100,0.215,0.825,377.709824077126,500,1.37161726159876,1.72365204559124,1.120240384145,1.50845763847028,0.95671887163513,687.364720966399,956.275085084252,665.510959741776,624.294812071347,2020.45544191577,1.01045414963376,1.27054765227211,0.849853281011204,1.03361638600584,0.726782041996619,2.08070277601349,6.78093775466081,1.50035982046403,2.59067010512194,1.54660877428887,460.573766919221,528.548401223002,432.319585632711,432.045498254891,820.404436021686,1638.10433752605,3890.65454859043,1361.36498648091,1171.84873141415,10709.0633216478,-610.28701958363
100,0.215,0.825,377.709824077126,500,6.41919841820009,1.45888695774363,2.0215942452722,1.24454867616822,1.24260436814542,510.221192964428,860.991521474036,572.719001652917,897.474436874929,675.285516032574,2.72764025828383,0.88784677914794,1.48774222606701,0.936068612734475,0.961306486244271,91.1775164989878,3.04067580178573,2.87257689907376,1.7073056881288,1.79308818628354,387.566784249679,492.961167025898,437.387443423714,558.353508449684,449.849924898096,1349.90890316164,3065.90082417223,998.825588335572,2234.72509553096,1179.16899817081,-600.86180829876
100,0.215,0.825,377.709824077126,500,1.05105575579978,1.34703618806781,0.862443424959453,2.29112192961174,1.28109191116537,1549.76037237858,752.042758418145,1617.34026077288,551.94666517137,942.119461469557,0.716799203251204,0.942512562127888,0.628014676700647,1.19206623097937,0.888216956121819,1.66689956096311,2.23333702195778,1.80297707538715,8.36526334831233,2.52619145221976,776.150197933173,496.545950950076,664.099644059912,414.930573510081,540.489315518675,6217.02709362817,1599.64876133946,7783.83888929881,1090.32463238761,2673.14835115549,-606.017993935005
100,0.215,0.825,377.709824077126,500,1.24701738556751,1.685220001612,0.966976790818944,1.08318946912253,1.1341805869091,1095.95144131849,790.062248193352,1132.82355166704,792.72918431917,1053.6834792146,0.94436322121967,1.09899342775115,0.744374029524659,0.762680678046153,0.850160770310998,2.96758339231309,7.58578844408064,1.28022859290046,1.77554776441481,1.73048517183777,583.422276128918,457.74947188476,613.79134931209,483.160641501384,593.362616850865,4213.40731669682,2789.81703999796,3794.12107087289,1856.19112434829,3644.71324181411,-597.305259587478
100,0.215,0.825,377.709824077126,500,1.24880093586851,1.57875621021809,1.02763195769722,1.12395969491061,0.747276392524122,1337.4213844296,674.192912888411,936.848228134792,714.556984580769,2501.52109984609,0.737773308804733,1.08322526107678,0.807416236424899,0.855937910927628,0.578955232015775,4.94718948758533,3.8632873850246,1.42221151339831,1.57045674675449,1.25118312569354,600.224762023947,446.99470180063,533.945330278092,463.374968146959,914.380816101784,15190.8394706223,1312.46272346999,2421.57012150759,1403.48702080509,16740.2459114235,-607.192163898234
100,0.215,0.825,377.709824077126,500,0.889182993782287,2.62341468974668,1.35718575324825,1.14011869536298,1.387119106027,1358.4985135683,446.416581870479,581.381741556645,1057.27775775173,600.730116109585,0.618163711992261,1.65828378578125,0.960958544206919,0.704079729989525,0.914422729108795,1.50458827435601,3.83435782243222,1.94010006059993,1.80410870553047,2.1878848173891,585.148039086704,361.333386312545,392.678645917146,502.026351620056,398.761689715619,6528.36913360232,643.23096232377,1148.34901556334,7248.60459894888,1495.66076758036,-642.287525534143
100,0.215,0.825,377.709824077126,500,0.997641074695325,1.30310955495728,1.74318816027905,0.754344322630068,0.870720384236763,1309.38564729059,612.751154204534,677.197965391727,1375.89048194668,2368.29349130364,0.681786243280725,0.883171339008337,1.03113771282163,0.579640507650817,0.53505116249329,1.60466368800962,2.23669192244948,8.81370602181851,1.04843086719426,2.17874727661421,587.204304022253,421.444742852046,424.649317741887,605.984892786431,719.755439249881,5485.07551479052,1112.4170462842,1542.26250383631,5888.11290033574,31111.6214715631,-607.349424637548
