"n","p","q","prob3","mttf3","prob1","mttf1","mttf","tau","shapes1","shape.mles.1","shape.mles.2","shape.mles.3","shape.mles.4","shape.mles.5","scale.mles.1","scale.mles.2","scale.mles.3","scale.mles.4","scale.mles.5","shapes.lower.1","shapes.lower.2","shapes.lower.3","shapes.lower.4","shapes.lower.5","shapes.upper.1","shapes.upper.2","shapes.upper.3","shapes.upper.4","shapes.upper.5","scales.lower.1","scales.lower.2","scales.lower.3","scales.lower.4","scales.lower.5","scales.upper.1","scales.upper.2","scales.upper.3","scales.upper.4","scales.upper.5"
100,0.215,0.825,0.576599200591966,3048606046.08,924.869251041088,924.869251041088,120.568581589276,259.630810543096,0.1,0.857494526707358,0.998891065328597,0.101596486449593,2.243900082151,0.902981561597676,2215.56096193678,1045.58544556941,271.485804918019,468.677614165668,1434.67360635394,0.392126589305519,0.556995574708822,0.0774622731075742,0.807766419774177,0.431487240177436,2.92294702846971,4.74745042039487,0.131483255080908,10.5773842150426,1.89335834464115,484.712314712101,362.95846825297,32.7766355550988,290.960131975874,503.754499775951,168170.466078753,9216.33660146903,10467.92227042,2238.48459692835,45699.3613331751
100,0.215,0.825,0.576599200591966,3048606046.08,924.869251041088,924.869251041088,120.568581589276,259.630810543096,0.1,2.84248877820606,1.19845928578062,0.0982425670493066,0.897677310694636,2.49188371878693,394.722817582884,688.608865943878,196.581240415441,1690.84359099995,526.239862787352,1.62424527457179,0.732766278907822,0.0760011676467054,0.307510783259513,0.810954758053952,8.35004398228433,3.06341717122832,0.121287085121586,4.98939754840408,8.75411620375838,290.420584726965,350.526264141557,22.337877736017,328.172308855018,320.521713241068,1793.9909959537,3674.0070636518,6115.89113270311,1139798.24677653,3621.31655604742
100,0.215,0.825,0.576599200591966,3048606046.08,924.869251041088,924.869251041088,120.568581589276,259.630810543096,0.1,0.799826699068373,1.36087116123476,0.0841286971074727,1.3736581904918,1.16037702715975,4159.30872334235,1197.65450271131,415.382205488527,557.574689397016,1391.8542942783,0.367946490411329,0.739991717239487,0.0666558278329934,0.807854499188613,0.643541506733346,9.50979292442829,6.89985474766185,0.104197495597699,16.1363331444809,9.03375863408753,315.593444564145,484.907728101047,23.3743065688405,311.043686226223,342.228874228914,41407.7945783419,8172.77991927344,12069.8058049598,4011.7514021183,14974.2019163282
100,0.215,0.825,0.576599200591966,3048606046.08,924.869251041088,924.869251041088,120.568581589276,259.630810543096,0.1,0.495023980252216,1.34047549534995,0.104226823043139,1.24267135242711,0.979667788232791,56764.1887480549,696.354828398494,201.856145370516,879.080077545606,766.544824987756,0.363294931728107,0.817155443101752,0.084331301896941,0.779336445328194,0.673192659743884,2.31490303288236,1.9272245758363,0.129462329736638,6.10320590549685,2.17234821759555,2954.65259670211,366.890095297702,21.3783397336157,331.72000595689,334.762974898377,210052.412635054,3041.85199628123,4703.98610870598,4499.54373299724,3879.16301692533
100,0.215,0.825,0.576599200591966,3048606046.08,924.869251041088,924.869251041088,120.568581589276,259.630810543096,0.1,0.950887261467552,0.928348168312912,0.106778034509351,2.24537104637291,1.06643389886786,1035.29931355824,949.767194566608,86.3860204469267,557.908414754717,2458.91537655754,0.541760399943306,0.585916396841979,0.0844317548053331,1.41512362652026,0.373373772481682,13.1246374310716,4.04062642072044,0.130385267138284,7.13605832403388,4.50779590127575,285.704124235943,364.093929815694,9.13549099977107,325.058735252757,543.339965253972,17122.3171686835,8505.39223377055,1498.29628799196,2585.44573906558,13912.0329715591
100,0.215,0.825,0.475568944140618,7779.90037150086,924.869251041088,924.869251041088,152.601739708636,298.648435807868,0.3,1.54602295488309,1.72592912623249,0.246017311927612,1.29633317342995,0.885356334034148,832.767915950061,721.161734668862,1241.23556180023,951.397936435249,1742.18764940422,0.782339960469127,0.805489570764055,0.196726306881751,0.692790012789686,0.508221423339323,34.1480569521386,3.111336172758,0.322313230880948,5.78559887163895,1.26908132066244,314.627273158014,449.711342299101,362.909146437183,420.718616313741,721.304246156682,7453.82974533773,4784.38165882801,8563.440431066,10120.9355746512,16595.7166459835
100,0.215,0.825,0.475568944140618,7779.90037150086,924.869251041088,924.869251041088,152.601739708636,298.648435807868,0.3,1.07448264058114,0.903037988104848,0.276354570855879,4.42736463777096,0.787795504936177,2141.63108996007,1468.52579056499,1192.1146836471,500.57768600496,3980.15825462951,0.658306693499464,0.61302964611488,0.20101871679679,1.44680444367167,0.469124502263169,4.35042018947559,1.43145723802905,0.374952602921694,34.5966065216364,2.9716142159933,665.235058266536,667.547545368453,421.004809414646,318.216779687806,776.281454874139,11688.5573648584,9222.9117847366,7718.81802454989,1364.20124458703,45001.569657249
100,0.215,0.825,0.475568944140618,7779.90037150086,924.869251041088,924.869251041088,152.601739708636,298.648435807868,0.3,2.33511940582341,1.28726632488685,0.261171865739766,1.08490702733845,1.17025799047096,480.68764250508,456.69225663954,1262.41220912331,1306.26963586142,608.889362033183,0.860960064998304,0.866090467822412,0.198223086624924,0.6807156803402,0.615856531281274,32.2627659111859,1.75171447718987,0.344072436794712,3.50416814605474,2.27829074427106,310.922077119714,304.13625547509,398.42793440988,486.671922576526,355.510553426493,2199.24578452812,1462.24499490841,10171.9751643691,13329.9624044413,4127.50824013816
100,0.215,0.825,0.475568944140618,7779.90037150086,924.869251041088,924.869251041088,152.601739708636,298.648435807868,0.3,2.14968358920982,1.0067650958259,0.248603949032309,2.10341926174033,1.55967038475042,518.43224207708,1718.47017034722,971.676866401107,719.195383931678,499.478425688514,0.820076168433015,0.647779663787406,0.188245691137831,0.57933477925387,0.791756324865337,4.85747052012691,1.83275484762417,0.319378868001966,10.2101439100537,3.40948176730531,353.653518321593,627.213995141457,310.942612093895,344.653116008213,350.391605506205,2800.95652929436,18593.9518725761,7600.71746246867,7389.82866515965,2026.24268364373
100,0.215,0.825,0.475568944140618,7779.90037150086,924.869251041088,924.869251041088,152.601739708636,298.648435807868,0.3,1.72375236514656,1.09417566975967,0.280275506031423,1.03926726398024,0.88305337152064,801.074442244322,580.050452024895,932.743414012877,957.392362736193,1268.01945417307,0.788231751498063,0.640011091283765,0.176862539484305,0.661787546193001,0.47546553010702,13.2034478972646,1.88606448699763,0.370553529131507,1.93942119708216,1.89661226020359,331.250263829637,340.5850103416,298.962551889259,454.588744646057,444.601216912333,4645.25646968853,2946.15459301566,7786.88939935039,6344.91842406573,26553.1530691334
100,0.215,0.825,0.393361851959789,1680.2282,924.869251041088,924.869251041088,177.572511944803,325.70321504998,0.5,1.57808594481903,0.665203096208454,0.50177527558964,1.23877393115382,1.39247768332819,449.317873921322,23192.1548415532,874.495882060154,913.98898379113,598.651554258971,0.931664044077071,0.238923972596461,0.339991937431269,0.567553103989637,0.721968094975489,2.39450120611182,2.62452260143397,0.707508164237972,4.14366880392768,2.60945478079817,339.040489391928,1862.72275860007,404.83390288521,415.844507484345,374.086315818931,856.969664260593,1286601.22789207,3408.51539662164,12017.0397630197,2092.52801510373
100,0.215,0.825,0.393361851959789,1680.2282,924.869251041088,924.869251041088,177.572511944803,325.70321504998,0.5,1.97663093552518,1.06805115491063,0.551307691581645,0.959383414501393,1.05292726058354,560.659536308002,1825.92515951433,857.415852745462,2014.89315807128,803.518470313642,1.19426887378516,0.593354797135101,0.430451523911492,0.459002802213483,0.715755752880336,4.33644969585845,8.8989294947635,0.695355486778117,4.65480703251437,3.39338479137184,370.375961937227,410.930574158576,421.096709589544,484.760274182426,451.984872132637,1238.60422997447,52686.2521368678,2672.731965698,228013.368979869,3952.83444647132
100,0.215,0.825,0.393361851959789,1680.2282,924.869251041088,924.869251041088,177.572511944803,325.70321504998,0.5,1.78197080261002,1.45661663240776,0.427963432080647,1.27805208847416,3.39562443735109,533.194173355875,1553.17875953229,849.315627948614,1112.53985536876,408.222327345728,1.10487944111814,0.310991514690739,0.312744098838988,0.905684212097809,1.79659257408261,2.69877908961888,4.91424124232557,0.571127765573788,2.7765422416989,5.2094865112962,367.535280730376,441.836504991743,385.674176064203,539.587554803004,343.668026286527,1448.0310701946,120925.952802131,2858.52679604669,5510.52365274411,639.555383103718
100,0.215,0.825,0.393361851959789,1680.2282,924.869251041088,924.869251041088,177.572511944803,325.70321504998,0.5,1.7266199026841,2.27823000345257,0.500573501346467,0.85398339721565,1.00902490149875,570.732441064009,771.643414855566,1684.93143192757,2051.8758782034,838.66692250861,1.09290568296024,1.06492619188145,0.293085676611378,0.47508157343846,0.529426125431585,3.24634992564468,6.38460200712863,0.817128997496461,2.19034270125596,3.78094578215183,391.077250465069,397.223209588196,552.70156156724,487.008829031935,395.033237024189,1210.82022529039,3077.46198593742,21785.0176622492,34721.8758383621,4901.20599330936
100,0.215,0.825,0.393361851959789,1680.2282,924.869251041088,924.869251041088,177.572511944803,325.70321504998,0.5,1.00624824493848,1.03764756255868,0.621311403605847,1.07978708514503,1.56350976618076,896.654078668041,592.813780329124,1093.68249684771,1703.3854976267,729.807843618419,0.731835636093568,0.765190739814679,0.435758847362351,0.451940834322521,0.899342385627662,1.4905754556191,1.45133673523407,0.885226955660036,4.99205372081424,7.87878826211742,487.538181071922,371.749778212583,520.472550204018,443.996705058704,400.29504621342,3177.55388574995,1271.7697644489,5513.89790693732,239950.412514723,3732.52578114047
100,0.215,0.825,0.328824833415765,1063.43617555016,924.869251041088,924.869251041088,196.415416746624,346.196514899538,0.7,1.1093011578126,1.06014109882156,0.971385451465185,1.15850423356412,1.96427302104503,874.699269047418,819.839457675591,679.708652192346,1336.91040297423,560.713447576962,0.705559235147238,0.649336021048193,0.636019683435421,0.739180640030982,1.14713534446978,1.94678367329892,2.41390242677467,1.45306728459403,5.19886635447129,10.9892692258217,478.507355520588,461.037676981028,412.229347349122,409.326862363287,373.144898348573,3394.79675887609,4971.19647547415,2031.42928204513,9481.69268262177,1557.1866331805
100,0.215,0.825,0.328824833415765,1063.43617555016,924.869251041088,924.869251041088,196.415416746624,346.196514899538,0.7,1.41512474187176,1.11271656199933,0.840978756046012,1.58567968500127,1.23675436096002,827.953519030112,917.081319642972,836.254406217877,660.796545065892,947.944211425918,0.456915233024578,0.68408318977802,0.400148860344956,0.692314835557356,0.528767663500859,2.80042291137377,1.82594925329067,1.25612333147569,4.35790905619707,1.75695670650822,469.280552632852,490.317970801561,475.673871587414,410.571269315001,549.310893077258,34034.086582603,4096.80193680209,10842.3720755943,4015.17282730638,8958.8688599874
100,0.215,0.825,0.328824833415765,1063.43617555016,924.869251041088,924.869251041088,196.415416746624,346.196514899538,0.7,1.53794892388462,0.875229471447779,0.688756796813083,1.62645737943847,1.38284463349468,620.2192587551,1178.22993440627,780.186930594682,711.928393973203,1098.51926689737,0.67964280308066,0.494701449773086,0.498363458712747,0.947222827982069,0.742128199053324,2.30639845743775,1.33719486395819,0.982620951857395,3.87689889052398,4.61417689646199,389.440924662841,580.906581066295,443.445814476592,438.226419299604,508.254283808916,2432.76204612526,12186.1524133394,2265.9500137278,2803.33973023136,4969.64333056349
100,0.215,0.825,0.328824833415765,1063.43617555016,924.869251041088,924.869251041088,196.415416746624,346.196514899538,0.7,1.43572261710247,4.90289285816599,0.548929446465756,1.94699136616236,1.29316350878062,974.794766248747,537.121227208013,1095.33624904373,729.070327882977,624.785003820479,0.822577692010657,2.99274227358748,0.413517212323223,1.09080402121949,0.769918698010314,2.35904628648848,9.84756185346585,0.712300368505623,5.69423140973627,2.21985639352218,567.411945257699,410.040533789541,533.082762173568,441.4705779501,423.629425028758,4213.05875426543,1331.07545911975,4015.90527282174,2398.30624376351,1735.37939710037
100,0.215,0.825,0.328824833415765,1063.43617555016,924.869251041088,924.869251041088,196.415416746624,346.196514899538,0.7,1.46911602417437,1.2307895191276,0.785668204245114,1.36564113844895,1.13103987603186,834.838666349728,968.553588014831,561.989883287554,945.5023194753,807.675391474177,1.11542915054641,0.76362964286038,0.544028646188172,0.873517626282415,0.664579430780198,2.21783292231709,1.76189252665252,1.12750044259804,2.554182491494,1.71871724806359,447.325993429995,521.585919375415,344.326745261868,484.380401130523,440.40576716538,3154.52095421789,3008.45838315096,1368.3836316388,4216.15668990649,2790.43223497937
100,0.215,0.825,0.278487170955192,883.95437971124,924.869251041088,924.869251041088,210.627343926679,362.492299414816,0.9,1.46598593535736,1.20062522362274,1.3024920267156,0.919314582927586,1.06376428684432,732.108722389801,1016.71081404156,648.651921695831,1075.26038169171,1656.3395077036,0.984059277155286,0.846433162145369,0.891334873168328,0.650757643880096,0.669822912089372,2.10942879618149,4.86339769117563,5.01319362065511,1.48641714197092,3.93826241821755,481.781555059647,530.410686108531,430.672127740924,566.360578770461,633.621942719365,1629.17453527657,4368.71215578892,1498.38427758937,3426.99278453924,16831.7509254877
100,0.215,0.825,0.278487170955192,883.95437971124,924.869251041088,924.869251041088,210.627343926679,362.492299414816,0.9,0.759880730889453,3.4778847624289,0.979575839749716,2.10439791673112,1.3216375083402,1119.04174706037,577.360113605945,949.991579784381,442.726629895082,971.195796705686,0.554385277156776,1.50717344170706,0.62006756856481,0.955960041080713,0.513024627602445,1.01087417642868,8.39092253398283,1.54476056007041,3.46804677600646,3.92075649996171,595.639461802995,420.31154762357,527.676040666419,352.334933969422,464.145253160796,4070.86198237618,1872.73684610896,3708.08755385785,885.070496019689,16714.7168721465
100,0.215,0.825,0.278487170955192,883.95437971124,924.869251041088,924.869251041088,210.627343926679,362.492299414816,0.9,1.16239318898042,1.19105818233289,0.997587544430391,1.19155594291018,1.09467345501652,846.647557125476,710.377935571981,604.934662569967,1444.41945420488,1364.89652835522,0.887544919862854,0.724482721403361,0.603515635025921,0.891189833432011,0.663663975529914,1.6678381394938,2.13463636957464,1.44752928427578,5.04739624072581,2.01293295777239,497.679235372542,445.299783161607,388.757775092729,619.389055388105,633.350782246427,2227.50746374402,2054.17182782825,1888.91497605987,5951.7179246355,9365.25667070885
100,0.215,0.825,0.278487170955192,883.95437971124,924.869251041088,924.869251041088,210.627343926679,362.492299414816,0.9,1.56096465405289,1.4173084798304,1.01247844396632,1.21322759479789,1.0419590969389,723.629469113394,737.234583381006,913.762164397745,990.670883343957,891.965742481564,1.14055987276744,0.750393322290006,0.706571965602441,0.772956440250442,0.773411037105609,2.39593861679207,2.51789164249671,1.48920756122537,2.01504743820031,1.618027373459,478.286568732952,459.65453612974,502.531817592433,545.88999467288,494.441846965972,1956.77829856018,3490.28657664005,2582.86545008028,3811.7626889698,2352.47566724451
100,0.215,0.825,0.278487170955192,883.95437971124,924.869251041088,924.869251041088,210.627343926679,362.492299414816,0.9,1.75927074373582,1.97649708842693,0.727641847068293,1.0613030084837,0.876704984951825,854.588038609125,543.172661962746,1209.6290193642,893.110771430836,1102.30749479806,1.37461788598199,1.18235425404447,0.55553117526893,0.715851377616334,0.535330373756769,2.58890276470315,3.33171722525715,0.983833768250827,2.1240332303657,1.41438663048405,534.046437455092,409.136771506643,603.738249135225,494.166883082771,571.093011074985,1725.66544299529,1052.72438817978,3583.75321607732,3119.47516338901,6955.32874112886
100,0.215,0.825,0.239039599065893,810.636587284279,924.869251041088,924.869251041088,221.454510863052,375.858579375114,1.1,1.47192535097506,1.45357353492888,0.999549429922489,5.32218360834188,1.25205067709097,1008.35702417473,591.000669359436,728.564126985788,519.393094535062,736.654330111946,0.829746829983036,0.948722390493531,0.710851550058614,1.0851789050494,0.858132314270573,5.03036461455972,2.36192130506118,1.37358759093138,10.1288899857157,1.8490752517482,460.465847551016,426.014380525773,463.580247887906,406.792601499839,486.335380026293,7387.0472459934,1129.09213897548,1680.25411160075,1465.67820721118,1628.80059509493
100,0.215,0.825,0.239039599065893,810.636587284279,924.869251041088,924.869251041088,221.454510863052,375.858579375114,1.1,1.10603251181553,0.877184777643516,1.05409928899265,1.75190145137066,1.15135134372996,715.251301842685,1629.14063648231,1046.40044091414,734.488300329454,719.510153149952,0.824582514947509,0.590303520944621,0.622100490483328,1.29751743403497,0.722511379878824,1.59630283291667,1.51716041200826,1.78317652945967,4.15314038622392,1.68046325253517,448.311907208422,735.226836310503,540.93085595351,466.067253297092,465.265546028286,1667.79283596585,17952.4828142583,6867.83534245693,1873.44963153058,2027.6079335363
100,0.215,0.825,0.239039599065893,810.636587284279,924.869251041088,924.869251041088,221.454510863052,375.858579375114,1.1,1.10629532603549,1.14991125781123,1.66104549206868,1.35296426920408,1.92974183777523,1056.85957860043,1040.59455621747,615.2992683605,979.390276945905,850.778641603943,0.650704718056023,0.44073492926697,1.1344517870696,0.711197678301856,0.594421265438596,1.77659291047351,2.46306053003688,2.43372502707237,3.06317975001675,3.99912208287786,578.954033835612,531.833265377991,432.235397486769,519.026986101421,523.193857359748,4701.13389210554,43711.1437278787,1049.62825336968,4802.63038110058,14775.8389543599
100,0.215,0.825,0.239039599065893,810.636587284279,924.869251041088,924.869251041088,221.454510863052,375.858579375114,1.1,1.15029621715041,1.60576068854227,1.12559060936977,1.36784237662762,1.56297371918611,1549.3772981915,532.803682630855,1309.30029143627,935.024742133711,644.917195729143,0.780650680056692,0.914345933951386,0.728137282001085,0.840057747381742,0.832144880317811,1.60221737554427,2.55142360687868,3.92594253040458,2.23265611847364,2.72309342475593,753.967995375016,413.811308385486,573.926829859983,548.904833699681,447.924752930688,6821.51847878696,1102.43941719792,8618.32937880595,3180.3769028466,1878.28799553074
100,0.215,0.825,0.239039599065893,810.636587284279,924.869251041088,924.869251041088,221.454510863052,375.858579375114,1.1,1.28828641545549,0.977604484549268,0.931818687181426,1.09220768439031,0.992241996559387,741.480493976665,850.317561264761,1447.11530158221,1569.44908913007,5824.70414975823,0.89925920130216,0.68292518457035,0.762013598440683,0.692676581787261,0.588499372309588,2.01176924761774,1.47016849147128,1.17126722890949,4.78651656868785,3.81668842463477,510.906201897223,533.171419816101,736.580349229837,540.801146759312,1017.15182833785,1429.48673007977,2298.49107206477,4360.87628277761,7388.92569467337,16139.3960263047
100,0.215,0.825,0.207844400994472,775.909826210951,924.869251041088,924.869251041088,229.813843872325,387.060635736324,1.3,0.885415687797983,1.41958789314673,1.76582914895178,0.80147671445542,1.48692497365157,2285.37463654366,678.488338179818,581.994918519874,2399.92790943708,671.522680469612,0.463797738946441,0.942959556046665,1.13550149304008,0.49442773944465,0.833335110823231,3.3313015036225,2.3782414327392,3.07697578800821,1.43438134997824,5.85126165672226,514.759082880155,446.36542328235,416.313638384272,760.826184001968,433.524968576131,69405.6660569633,1596.95605842616,1164.35784514535,31389.7818678313,2521.9943534425
100,0.215,0.825,0.207844400994472,775.909826210951,924.869251041088,924.869251041088,229.813843872325,387.060635736324,1.3,1.49224243622559,1.02623815712548,1.01971749332649,0.976487167391972,1.70504765644324,852.225569751702,1509.26407046615,1137.94541092191,1241.63972633919,530.41869095088,0.382662267442975,0.489568585179533,0.598894543198627,0.679495812688029,1.00125768477866,2.59459891447416,2.11649202672185,1.74894493844515,1.57765881298814,2.54303922401656,500.629525115036,670.984467083509,590.815970045164,644.228472866405,403.29216393587,96924.3350431848,60835.4241512529,10671.444096334,5597.76014211053,883.906600175682
100,0.215,0.825,0.207844400994472,775.909826210951,924.869251041088,924.869251041088,229.813843872325,387.060635736324,1.3,0.868210641329503,0.76438564542601,2.04731464901149,1.86634841962317,2.04044967230083,1004.56298018136,1492.90551926193,705.803490811821,670.849308421014,728.519968889844,0.563869724276343,0.374595758891857,1.20713040971467,0.891580392084984,0.53705621013321,1.28736825423122,1.37831315446248,4.08942523188888,3.4321058313357,7.06276646926548,576.326709057525,656.61557100522,478.184894128006,467.39318450621,457.250793223703,3041.12283070867,34542.7045592186,1901.39182771375,2230.85883614112,9628.81505613989
100,0.215,0.825,0.207844400994472,775.909826210951,924.869251041088,924.869251041088,229.813843872325,387.060635736324,1.3,0.949714910752218,1.43257760228667,1.08508323235124,0.992526462433486,0.943425504731859,1797.46146127665,666.468305689191,920.90846661216,1059.28076607272,956.780452311157,0.581387183419761,0.987051079007479,0.707650050913109,0.670097780160363,0.571738340670496,1.75670144872809,3.09414390090575,2.31908891002051,1.60681750433214,1.81894268985224,751.088448300707,448.823669949598,525.62532510154,565.634125408756,489.125104607207,24179.0257253002,1362.33912673111,5049.97450327834,4144.75140030618,4066.06888618396
100,0.215,0.825,0.207844400994472,775.909826210951,924.869251041088,924.869251041088,229.813843872325,387.060635736324,1.3,1.82913823454721,0.956856701628062,1.22105545981064,1.1476175300561,1.47101431674007,859.092823494341,1552.52824483841,783.697300968907,810.624730807823,817.895718360053,0.90335358976206,0.714094626244185,0.923231966390572,0.808787017290267,0.916708953554936,4.97022915121538,1.24221002310303,1.63219125904194,1.63510968750724,2.55869879787211,495.716585609688,787.816910752795,501.62700203854,501.260822003831,493.082440891846,4168.93031265503,5635.57606908711,1608.13041219045,2036.2597218864,2528.8316266926
100,0.215,0.825,0.182912489916643,758.40904931671,924.869251041088,924.869251041088,236.358776991107,396.597994777571,1.5,1.68077563027319,0.795140121867672,1.71022218483198,0.906260167414663,1.92606154859114,902.458815838884,1508.60365597533,731.339648007169,1530.7791553485,738.422450352782,0.818261346392003,0.467642258510809,1.16551447275524,0.715268111223375,1.07108753776441,9.21701682301649,1.41824335865318,2.56767090717244,1.22569184730134,3.04987997139452,443.513419482914,654.138863040285,516.59700874624,773.922221013089,517.28712106505,4419.97570502387,11128.7533042037,1500.07259111492,4144.56778431609,1999.55733390802
100,0.215,0.825,0.182912489916643,758.40904931671,924.869251041088,924.869251041088,236.358776991107,396.597994777571,1.5,1.25073567032542,1.06854885001779,2.44111979077818,1.24857518566244,1.31687713029772,801.844879457052,2139.17702041894,624.453970772233,1452.62724048326,969.858529705162,0.83345924085109,0.65692127922907,1.06397682663371,0.937363952325138,0.927247238292385,1.93241420395579,3.09540101854441,5.25450778206634,4.45091477970514,1.99694036843891,529.909067413537,681.764624672871,471.564422658285,656.785410716853,633.98058286939,2051.21070717483,27670.4941148315,2215.3813551092,5185.95897397562,3822.65461260412
100,0.215,0.825,0.182912489916643,758.40904931671,924.869251041088,924.869251041088,236.358776991107,396.597994777571,1.5,2.69009473932084,1.31017095979486,1.59764752446839,1.26933610769483,0.833871887006093,634.216558365047,785.016085054969,578.714305888804,520.802766522661,1688.36716242798,1.40530877913451,0.844515127470499,0.995461744817094,0.960403005638379,0.525299698155996,6.10394883187293,3.89981282888289,2.365112116945,1.71430914105763,1.5324759274925,449.217544161804,460.176393875296,421.81124637232,376.002744574558,632.499218917156,1681.18298728155,2894.6704313196,1265.93843145332,892.092839687024,14548.1444849818
100,0.215,0.825,0.182912489916643,758.40904931671,924.869251041088,924.869251041088,236.358776991107,396.597994777571,1.5,1.26894660324867,0.876398237008577,1.31335756349991,0.888986447748983,1.11536029201054,786.09294980884,6748.09375756772,855.938651069367,2240.32909343775,920.973473818127,0.926757285539126,0.498312584585938,0.962734808242293,0.615662637233258,0.856354331398239,1.99208111882141,4.20381491369137,2.10660575497331,1.30409309339009,1.47529444934137,517.758579200696,635.078388823692,548.068745975789,1015.58620882692,564.708804960262,1608.51018197486,155007.061469833,1772.3118525303,12165.6984777673,2035.49640099068
100,0.215,0.825,0.182912489916643,758.40904931671,924.869251041088,924.869251041088,236.358776991107,396.597994777571,1.5,0.675204715625626,1.30784842772715,1.73967178032989,1.24205456749733,1.23310303648536,11200.664019759,641.334074542206,791.87374637115,1066.7413151751,1228.85004519732,0.401967921020819,0.853268257930747,0.944633243940649,0.816427661096487,0.717862862622261,1.20768438880288,1.92272426697424,3.24916750887837,2.15739909322685,2.17732413817572,1956.81128195975,466.287841000785,524.181106873036,577.430272100346,638.543276836632,507127.252782545,1277.78759865371,2091.13927219084,3361.41507949679,6098.19751197372
100,0.215,0.825,0.162768001637809,749.587187197168,924.869251041088,924.869251041088,241.553337959301,404.815635533113,1.7,2.45122395291798,1.29440442463612,2.02349328873391,0.69961064173533,1.29219497587796,586.772469902,567.983295747156,678.324139692469,4844.80268566081,940.647721499861,1.72385211192992,0.86316124719929,1.25500268964037,0.250594658441717,0.622802218114377,4.54291448823412,1.86181735802956,3.96957322101095,1.66449856551663,1.94265249622269,450.578883192737,412.457764450407,469.581849778785,826.69633659322,575.576805679199,1029.84833747781,1044.29683694613,1443.36498266523,8051305.29863579,8242.16481202115
100,0.215,0.825,0.162768001637809,749.587187197168,924.869251041088,924.869251041088,241.553337959301,404.815635533113,1.7,2.01685420203663,1.51463337979551,2.18913657191792,1.05945967095625,1.74839365528862,847.2394403391,518.42981857098,690.217682531041,1051.6275988963,490.163107877694,0.936067600558906,1.01819805524371,1.2005214069215,0.718623537284881,1.23636041212572,7.55619846631555,2.03512779364719,7.59324269015583,1.84643155490852,2.8047879569285,461.67435369751,383.299103014276,427.871584274875,548.420823181195,386.563929639154,3357.44247322843,887.398497896192,1896.0182945534,3522.8904127411,866.017404406401
100,0.215,0.825,0.162768001637809,749.587187197168,924.869251041088,924.869251041088,241.553337959301,404.815635533113,1.7,1.95677081674656,0.453837497189296,1.89928408685886,1.07336047553876,1.08112169359512,674.534915917364,63367.8108799104,682.283679405031,723.723251053314,1182.3112958295,1.30913427628289,0.278642619205018,1.03548253483831,0.717647800598506,0.80271242080489,3.38918280784327,1.47688457574968,5.53494856246475,1.48211338223033,1.34664245261303,498.176356094692,2043.71139569173,477.874505179791,476.90020162172,697.877664140049,1780.99694325981,2647192.39713866,1948.45882612181,1461.86351394337,3572.7982371601
100,0.215,0.825,0.162768001637809,749.587187197168,924.869251041088,924.869251041088,241.553337959301,404.815635533113,1.7,1.35494632097837,0.809865454169687,1.59946860140084,1.05990321071602,1.24595291666917,1111.99197266501,2234.255494215,752.418717198759,796.322133702925,1062.66834118252,1.06467576259541,0.481024499520527,0.984414615113982,0.856796490561651,0.898552848883514,1.92259429272567,1.28301143426558,2.43921594372545,1.36242973906826,1.68997255838962,622.904427704045,924.314825337437,485.243160310169,499.717259368692,588.892105665485,3759.33430140195,28698.5199807124,1755.77595619239,1490.30737390229,3034.18651352414
100,0.215,0.825,0.162768001637809,749.587187197168,924.869251041088,924.869251041088,241.553337959301,404.815635533113,1.7,1.14640321976097,1.28442726540433,2.19658739258598,1.12551716066859,0.997469987452482,1278.09899850303,740.433330602615,498.930625957492,1486.10024015172,1503.70732180896,0.750274475088964,0.89206811634122,1.59386688045487,0.598365424840173,0.561289447199881,2.07778147921335,1.81664284213372,3.43726265948562,2.73102492050258,1.90406113831418,579.082234230492,495.172221329878,403.82581302337,620.74886966603,611.999417575183,5893.04034549809,1631.36690537152,766.338188036142,19711.2260446373,22697.3969255183
100,0.215,0.825,0.146317575270849,745.486433503477,924.869251041088,924.869251041088,245.728705841541,411.962227770625,1.9,1.9226934424322,1.01150332186625,0.981366849827458,1.48794208070677,1.17421665273638,911.413682010621,932.867531735053,3337.99616606333,604.236992485534,633.068040259335,0.675420650046339,0.584734435256908,0.514038834251756,1.05364286830872,0.680213465800661,30.287033897613,1.87367593414121,3.70639926982703,2.68425273343205,1.84690832784868,431.49005287381,502.117442382496,535.41526667782,443.46436783061,428.169480044559,5620.79245247547,7066.23737159471,25393.9704105476,1178.94982523058,1739.74578431171
100,0.215,0.825,0.146317575270849,745.486433503477,924.869251041088,924.869251041088,245.728705841541,411.962227770625,1.9,1.03257261864507,0.986286098661256,2.05514683116631,0.660576525636322,1.21033230017091,1036.5246160143,756.168502058263,899.23156714334,7765.32912885634,761.70443339423,0.750753306248869,0.664681560265128,1.4337590918689,0.391240714862548,0.916872516545662,1.46815291157679,1.32891180890248,8.25438756595446,3.71666019560287,1.67318328974749,588.361474480607,483.117667901055,518.067719212182,828.744875288685,483.630608143121,3112.99286461775,2065.49705213896,2262.66280872201,439738.383959148,1621.59565364518
100,0.215,0.825,0.146317575270849,745.486433503477,924.869251041088,924.869251041088,245.728705841541,411.962227770625,1.9,1.21140878642188,1.36278643583934,2.25511651502052,1.28416785253047,1.23811220615707,1035.03941995681,783.299874606703,681.711096562652,1119.07602065986,1000.77341021763,0.874981050811107,0.80003279980193,1.45990068924905,0.714039123015029,0.858997096097307,1.77309827536113,2.02278863647017,9.43103323474743,3.50590473613773,2.76420432460212,604.993429176207,528.203289569767,469.829979769234,554.962982755645,550.958904688165,2362.0298048303,2309.42645753959,1359.68082976518,9527.95246028223,2332.47761391693
100,0.215,0.825,0.146317575270849,745.486433503477,924.869251041088,924.869251041088,245.728705841541,411.962227770625,1.9,1.52371972436576,0.900750040953754,9.94408715608804,0.912983593169422,1.73632746739989,674.818570886993,1397.01114231279,482.339745535053,1564.96290767412,632.149213326303,1.15076682124759,0.678720264305556,1.0202017658376,0.629013262286112,1.08896067647417,2.25574046200261,1.1198444323196,25.1301183170288,1.55284157488738,2.74591279933251,495.993385012676,697.46939381097,427.884438636857,667.194255064715,456.857426369532,1215.73811839804,3604.64180937398,1594.10547501323,7233.83255139104,1217.185677758
100,0.215,0.825,0.146317575270849,745.486433503477,924.869251041088,924.869251041088,245.728705841541,411.962227770625,1.9,1.64301262029789,0.895263100193685,1.75528084587241,1.06448090386561,1.71122306100262,1338.23355620046,738.861280098088,753.841372853559,708.405922922586,543.480411258627,0.385050163167155,0.697078105411672,0.725885120217717,0.414522914713455,1.20405470711892,6.05571517422852,1.11468455075174,3.68277230865923,2.13620804108046,3.04065968367606,619.46697633007,440.268036529724,474.388282340446,416.617648237917,400.658535113574,26607.723546156,1506.48350504491,5028.7617000426,8502.30082093719,1027.88858398661
100,0.215,0.825,0.576599200591966,3048606046.08,924.869251041088,924.869251041088,120.568581589276,259.630810543096,0.1,2.62213907788404,0.992092381079614,0.0979382198016207,1.93506708598323,2.70018279561262,709.706161344667,665.832586758881,677.060234244326,626.719060080521,471.297435931929,0.699090491568586,0.526635571736562,0.0778375224553801,0.746579025007328,0.98424416819233,8.43802980217612,1.81609708914352,0.120570238565675,19.985898644867,56.0346372731996,377.16064324238,373.475529252548,38.8186275098992,277.541554639107,271.270935428562,3789.76161153819,11717.253119567,17120.8037707299,6665.56462889302,3471.04754951275
100,0.215,0.825,0.576599200591966,3048606046.08,924.869251041088,924.869251041088,120.568581589276,259.630810543096,0.1,0.977647011076066,1.31460525859944,0.126158142316049,1.16917957448854,0.446409908446617,987.950727177974,722.233386499222,587.78419775846,1050.90932228471,8038.63646427151,0.65783178484357,0.416486449357592,0.0973919336068494,0.77305567948396,0.215689316876012,4.90138999812235,9.46421747513269,0.161186421919594,6.15926783320537,0.843215544439241,371.919654798935,304.718530666575,89.3570235669878,413.422534343275,1025.47164122429,10175.6843830986,11472.7909503642,12432.1627397149,10832.3308077289,3281475.9978524
100,0.215,0.825,0.576599200591966,3048606046.08,924.869251041088,924.869251041088,120.568581589276,259.630810543096,0.1,0.903392402998999,2.70772104879739,0.0955159937520281,1.1694393644313,1.9881283988396,850.910372744124,387.364998841337,2590.20063772811,768.405719101552,422.151014428307,0.489566816949754,0.967071289823317,0.0725848043871442,0.699778751952201,0.885090317000726,1.38667358674757,12.4801812536685,0.119865853858218,5.15999308449597,8.47849089167524,416.69992384484,282.36094638754,140.422656626729,333.023279402166,288.774989480799,8277.7996765257,1802.3223762103,144316.171869069,7116.53190367695,2885.55132227911
100,0.215,0.825,0.576599200591966,3048606046.08,924.869251041088,924.869251041088,120.568581589276,259.630810543096,0.1,1.31231533514897,1.66020185316198,0.0896736530404303,3.80333544979559,1.3153181570813,518.744627500243,688.728699422962,1592.45898242084,486.643099354107,679.627195078025,0.810044289070186,0.802946859886445,0.0721593740281886,0.839902291025499,0.731203324021147,3.03755584117947,8.81871508779957,0.113032381059997,34.0117436023888,18.5502835966236,324.993426851943,301.587052647616,60.8289817083234,268.080297526422,282.592326003697,2069.11153297843,5741.88597432741,62333.999124465,2231.9545286263,4953.21944058609
100,0.215,0.825,0.576599200591966,3048606046.08,924.869251041088,924.869251041088,120.568581589276,259.630810543096,0.1,0.954616758694767,1.56332700422152,0.112603775059433,5.81677158003366,1.61238480287584,1571.66428666025,712.339616937689,186.660301962122,4729.48212548681,716.303061314023,0.379550499194402,0.807165479346861,0.092961471416618,5.80069899373732,1.20733584486824,3.27614927193508,9.23810854813033,0.137423540248682,5.8168579423435,6.19634290808394,417.188883694789,352.331466437426,22.3235509641452,4727.11848358396,374.193796039226,366302.631911836,9474.6518016696,2613.55987176312,4729.49441703541,2380.6261764644
100,0.215,0.825,0.475568944140618,7779.90037150086,924.869251041088,924.869251041088,152.601739708636,298.648435807868,0.3,1.81702423342982,2.05113635042483,0.363774040521966,1.15624973279472,0.685910491164252,707.664576323467,505.915677576116,1125.51743943378,1130.91128241416,7769.14194702891,1.07466255563374,0.715553042030706,0.259139615510617,0.849209385772137,0.22228378540877,9.3469873711394,4.44911705679145,0.474029123250784,1.7483828240544,1.34919293299808,361.800499889456,362.091565080013,446.079013337812,592.876548264631,1384.79775157996,2763.7564523974,2358.23709107283,4939.60866563854,4473.46694736641,1025098.1843978
100,0.215,0.825,0.475568944140618,7779.90037150086,924.869251041088,924.869251041088,152.601739708636,298.648435807868,0.3,2.51666419619256,0.943845640803077,0.289620983106175,0.950702682244939,1.52699954690134,558.748531471561,1394.72850705617,856.085770056303,1094.2715180149,934.994614967472,1.04112230309967,0.656614640788358,0.209130174630762,0.415316875247775,0.814565014473273,37.5247726728502,1.3153640259987,0.380191311171083,7.16764980440993,2.91800922196168,314.406622029984,624.031054961691,329.774187667124,353.998619449242,480.863393824957,2458.40763817183,7718.56563295215,6718.59998609442,33317.2291562118,5509.42124271492
100,0.215,0.825,0.475568944140618,7779.90037150086,924.869251041088,924.869251041088,152.601739708636,298.648435807868,0.3,1.73849730516201,1.51228815519493,0.31229119069796,1.05571971983327,1.59995238438831,1000.33125506776,1044.83875697042,834.367390222078,560.039388561522,542.818260216309,0.806482377939331,0.426523225502466,0.250350043942568,0.617229520202626,0.860311125238126,5.7885947661305,6.10107450599436,0.404185802886789,1.57587590770647,2.18274341320326,426.474762290886,442.753117850494,330.168743523931,345.795127559622,356.235001544301,3675.08255068198,5657.4310417281,3340.17562149211,1763.36262415078,1937.33244922451
100,0.215,0.825,0.475568944140618,7779.90037150086,924.869251041088,924.869251041088,152.601739708636,298.648435807868,0.3,1.80195970152331,0.589770429741066,0.294398101945604,0.983742066268484,1.52331621173057,709.231647980472,8085.43133681656,725.12946140127,2903.12813283161,455.264841675539,1.18105064139174,0.402509523734684,0.225672699950179,0.496765954952765,1.01064742189503,9.07310282894369,3.03601208969307,0.407653504632389,4.44064476738739,2.2135129357928,358.007884173551,1226.76720031316,276.652766664067,562.757231452124,318.997151994208,2597.48748821931,319839.999251233,3701.91762901416,149227.513981906,836.737452301886
100,0.215,0.825,0.475568944140618,7779.90037150086,924.869251041088,924.869251041088,152.601739708636,298.648435807868,0.3,1.67520499081045,0.611389814886167,0.30181452591786,1.26295188012535,1.34122034025181,627.964178412924,23447.2753922037,872.995176635586,675.614962016929,653.879034529257,0.698891271333737,0.299713824341859,0.228219494560939,0.941936715648031,0.78668497488758,7.22240323865557,1.87196951699776,0.399424364705653,1.97413898836305,2.19109073604087,367.996591075066,1026.99891288962,308.811413666407,403.602658274164,383.571657209931,8300.46363144742,2632135.8043423,5952.16445668902,1966.42136649301,2596.52011965224
100,0.215,0.825,0.393361851959789,1680.2282,924.869251041088,924.869251041088,177.572511944803,325.70321504998,0.5,0.863374006450031,3.03503659725685,0.414821444293332,1.52907616140324,1.17316099138759,1975.90934254478,449.202712205707,602.743484951459,672.779984343298,836.958293214688,0.490078796089559,0.969683893329743,0.299052485107169,0.925942816051784,0.748049549089741,1.72402818722668,7.25478954878116,0.520749777884851,2.39330438114952,1.74432775711831,613.095308040865,352.222937383394,269.739288503966,408.982077321861,483.263736871074,28845.3615687296,1571.11963070839,1811.86203260097,2469.53684011446,3920.12152217731
100,0.215,0.825,0.393361851959789,1680.2282,924.869251041088,924.869251041088,177.572511944803,325.70321504998,0.5,0.668631394052637,0.80526990601939,0.455920482465651,1.17326994125873,3.00888908413699,3897.50610153623,3090.98553620888,717.888400538653,937.700968854949,487.191041587631,NA,NA,NA,NA,NA,NA,NA,NA,NA,NA,NA,NA,NA,NA,NA,NA,NA,NA,NA,NA
100,0.215,0.825,0.393361851959789,1680.2282,924.869251041088,924.869251041088,177.572511944803,325.70321504998,0.5,1.37353306810407,1.55018243124271,0.516105875926586,0.872056665263123,1.11632654090731,694.42485806135,665.313525870951,860.574085513858,1738.82546479222,901.918861505869,0.791661306699856,0.675758444394635,0.366605633671158,0.630185099846882,0.570465978948643,3.46356178752358,5.19233580584159,0.722668528133845,2.51216995557174,2.92426520243144,405.171327197867,368.481225466521,429.863307359637,586.074483027165,425.627605931679,2615.90946646812,9252.91996509935,3694.84482508495,9635.22226283721,6226.11605481064
100,0.215,0.825,0.393361851959789,1680.2282,924.869251041088,924.869251041088,177.572511944803,325.70321504998,0.5,1.28492564378992,0.866842134040006,0.441010076780967,2.04043591467539,1.01017662611206,677.370989177965,1396.22921036286,870.574100347537,922.635652822495,654.399766096629,0.867313852099042,0.592612458229096,0.336052538841189,0.583741318086976,0.756411630831422,2.37831770071824,4.08973823739968,0.564339304675199,6.4091261060746,1.61687201881087,390.64616758246,514.004744123731,404.531303774219,392.183512609937,378.799688321898,1834.77719929747,11099.3265359796,3248.50391919776,3515.22397231686,1836.63314421063
100,0.215,0.825,0.393361851959789,1680.2282,924.869251041088,924.869251041088,177.572511944803,325.70321504998,0.5,1.00928095054573,1.21203540413202,0.566207570060792,2.58021453000997,1.33647165093641,1224.63894703045,700.279146629081,796.371013836504,529.541979627516,585.184687624382,0.634024580883144,0.666344135954169,0.35755801185141,1.09177986229353,0.728270830165705,1.33736710525628,2.32577571302202,0.807575362716739,6.31305592983826,2.26912478054876,552.92834728167,397.539425694159,384.136361196472,372.769707652153,370.944947351726,8591.21159448718,4462.3274631662,3259.9289748311,2430.74746482403,1714.55754366802
100,0.215,0.825,0.328824833415765,1063.43617555016,924.869251041088,924.869251041088,196.415416746624,346.196514899538,0.7,4.03580086214784,1.31969143995071,0.723146920463024,1.17388037591543,1.79724106157316,561.626696325588,607.927139595919,635.951032637786,580.928282397807,779.024519518058,1.22751570035032,0.779811377859321,0.538592853917019,0.792174793528762,1.08081455831913,8.82415155252489,2.1667771902418,0.942644665369917,1.71999153601374,4.90808638040638,357.766621811741,393.218957185974,386.727564221105,374.001123794737,441.631667168193,1546.60161541134,2184.12575831034,1438.84397164726,1251.34756011494,3358.6270994137
100,0.215,0.825,0.328824833415765,1063.43617555016,924.869251041088,924.869251041088,196.415416746624,346.196514899538,0.7,1.17029115909507,1.18495122559206,0.612362092510065,1.59884398465959,1.0718755709325,1143.36443244366,833.152607530749,1862.36478346068,544.981082500404,877.257928289338,0.532552266137896,0.738862051119617,0.340786737238813,0.927287263076715,0.610055934433966,9.40280015522746,2.06283840273602,0.911381654578674,4.13418187984529,1.42516456980642,396.886445416713,476.290307789243,726.111696585332,385.211768891512,504.90926203541,38917.7883840348,3232.38774385969,42097.1223696518,1398.02851923996,5225.45524086914
100,0.215,0.825,0.328824833415765,1063.43617555016,924.869251041088,924.869251041088,196.415416746624,346.196514899538,0.7,1.16158276270169,1.20308187432295,0.68342536598311,1.21094519814501,1.17180262809434,741.423105415816,1234.53064965769,1033.46957029804,645.294081066529,1163.61362346959,0.507906758432337,0.787957172807667,0.426369670945344,0.843911292976388,0.892301538109887,1.82298601761859,4.9537825607941,0.882951446053158,1.71489692464075,1.88126572144413,441.978612569636,519.80152891117,538.599930305945,419.536841796217,572.744415257047,6227.91970935147,5485.91250492266,5077.21889111559,1404.32032868872,3651.07294024869
100,0.215,0.825,0.328824833415765,1063.43617555016,924.869251041088,924.869251041088,196.415416746624,346.196514899538,0.7,0.975097853510856,0.858554973122191,0.924831461326357,1.06415937055793,1.51033782042781,1218.25319788287,1902.18406736749,605.374059881206,1282.5634291325,802.89947939973,0.64556793350516,0.315729130846311,0.772839438343102,0.534392093153298,0.627592763681012,1.460093284096,4.21162114949919,1.16399739210715,2.02668829443581,4.49602738380934,573.656420083687,425.318402143655,368.433607480268,541.519489370514,457.764599011695,7023.59003628483,297124.298670949,1175.72174286244,13688.9367512228,5537.8332387512
100,0.215,0.825,0.328824833415765,1063.43617555016,924.869251041088,924.869251041088,196.415416746624,346.196514899538,0.7,0.949049190021603,1.04951409638623,0.801325974239122,1.57108561462429,1.17648220326935,2591.65973262511,1060.57508564854,657.460849712952,664.914703338206,1198.83078709496,0.518120936545755,0.430805466225642,0.575216037995588,1.11565302746981,0.532845833720846,3.81113449016577,1.72752305436262,1.11447888354009,3.35370857147404,2.95092060790765,729.454635555792,543.302874178307,398.556391826413,440.270705856943,520.697360188868,38741.7847168826,136223.456347904,1444.1006419677,1518.48057582994,15749.6335008632
100,0.215,0.825,0.278487170955192,883.95437971124,924.869251041088,924.869251041088,210.627343926679,362.492299414816,0.9,5.45591507861692,1.07712607901158,1.65904149500139,1.06084698420281,0.949088040449642,4081.28693067989,689.214036281369,489.423148160862,613.53469950555,917.622171462655,5.45358837281762,0.827546533907845,1.20200489409034,0.668446033038455,0.681537790974815,5.45618707894258,1.46191036815841,2.42597686246096,2.30816263350323,1.31817691553533,4080.76526633586,431.509531117896,372.124239173278,402.390821755338,510.056468118067,4081.36210007101,1544.364081332,778.936162698254,1476.23446337821,2635.60368767817
100,0.215,0.825,0.278487170955192,883.95437971124,924.869251041088,924.869251041088,210.627343926679,362.492299414816,0.9,1.42872464657607,1.56456743093906,0.887831746915365,1.78137772915739,1.81072539947155,669.84245101056,612.782668331955,1054.60019242716,615.256159264872,557.855281907486,1.01437804418852,1.15360722925823,0.633032040085206,1.06876725587073,1.11244202320969,2.05881508474854,2.60815671749075,1.23858900869828,4.50306889671955,14.3374932654986,454.252636437566,425.570592663531,575.067977848533,414.158270912373,387.482834918824,1680.19810996283,1274.91690668587,3493.89604379633,1470.11130518964,1682.76370689638
100,0.215,0.825,0.278487170955192,883.95437971124,924.869251041088,924.869251041088,210.627343926679,362.492299414816,0.9,1.10313118459076,1.67821443138597,1.00101838483841,1.43669817853522,0.983125423361891,823.406935218938,488.426646039359,620.151452902059,922.529677525756,920.937885206131,0.810534757006913,1.11071368298579,0.580816886165205,0.523575460418761,0.486823830536505,1.54070500542579,2.69619122538435,1.42176559892067,5.29369809926961,2.0483860602591,459.582449826508,358.036981013041,371.442783195752,413.491163599675,477.342257380349,2434.19666702266,949.740005756256,1981.96661904504,23444.0378483592,15821.4242475517
100,0.215,0.825,0.278487170955192,883.95437971124,924.869251041088,924.869251041088,210.627343926679,362.492299414816,0.9,2.11193762318574,1.21798608923956,0.924928545178573,1.01697492487497,1.33455887554818,1126.31055942612,915.961268130077,595.024054174605,2304.73582426065,865.054766846647,0.672111318192426,0.691890055770935,0.673293120353673,0.6259573270858,0.879098142608503,6.30488754425019,2.87193673594086,1.38353520122567,3.58691637381561,2.41316979374058,428.204760582957,485.83939407751,395.64788906286,758.351275435763,492.89377905839,3586.84652199795,3974.42734558009,1181.6975831629,17798.8473611107,3351.68439163921
100,0.215,0.825,0.278487170955192,883.95437971124,924.869251041088,924.869251041088,210.627343926679,362.492299414816,0.9,1.61580614407014,1.62534320705523,1.08169911196611,1.26418629466019,1.02207200134777,823.26716172154,741.587904455024,798.440337081039,824.440698201191,1141.30609088627,0.75387480792211,0.706324030419709,0.41561648839791,0.658864235148563,0.62534422553317,8.87881832843226,6.42080208369275,1.9948454559011,2.48274376952594,1.99141098979228,417.696377144301,401.262385431061,453.774790808507,481.296262956474,562.489307744696,7673.78137703356,3975.61966585512,11084.6255424698,5306.83431998862,5372.50190356983
100,0.215,0.825,0.239039599065893,810.636587284279,924.869251041088,924.869251041088,221.454510863052,375.858579375114,1.1,0.99239568583133,0.990732465929341,1.40729388403408,1.14498598236226,1.3817567053325,1252.15421210113,953.835946124594,1055.68682376305,871.811940298836,1158.3202604012,0.525619236820918,0.636993212476837,0.48492543004458,0.808322672348323,0.494470945226782,1.75174980449593,1.3780960826305,2.49738693410835,1.63470165617841,2.38583565314574,639.641556548722,551.285005839145,587.005503369312,515.532812259236,619.31656305353,13174.3138522719,3984.61771471813,125923.712963667,2352.15902576265,19648.9137041058
100,0.215,0.825,0.239039599065893,810.636587284279,924.869251041088,924.869251041088,221.454510863052,375.858579375114,1.1,1.09098438504898,1.06459506311157,0.864966925378394,1.00623634367504,1.12025560852585,1297.69425672756,1276.32118688964,729.940065602236,957.808615616477,1173.45858863894,0.695955994807992,0.732320189776103,0.662368758624278,0.727273797916632,0.803511047780542,1.73413939603217,1.70565184728175,1.13331439257511,1.45534991218829,1.48563552299048,602.473989405803,616.882338437202,449.181129336052,481.984487635517,594.074838013384,11421.0393032516,5462.42219116458,1698.67012409234,2622.68801882271,4015.02691728856
100,0.215,0.825,0.239039599065893,810.636587284279,924.869251041088,924.869251041088,221.454510863052,375.858579375114,1.1,0.840051062301738,0.696487339586687,1.4580227890195,3.49859586627492,1.31156845350313,2215.14642674856,1699.4167935764,674.890452630844,492.81192123558,810.284430141065,0.51763951243326,0.485674412660648,0.879768649597501,1.09849503979673,0.845628044493519,1.28091025770699,1.00695890605225,1.99840397158449,6.923911341566,2.07260337267863,856.701643786004,760.598775837275,475.328834752117,406.50327335649,504.761070837094,18633.8947027122,9848.0916331103,1724.79719126545,978.238134674065,2266.79265229918
100,0.215,0.825,0.239039599065893,810.636587284279,924.869251041088,924.869251041088,221.454510863052,375.858579375114,1.1,1.87997713407176,1.66174720209564,1.15633304737369,1.20348966653212,1.50367771317694,862.979477985695,831.23838025617,481.131315961173,735.781899284329,656.478642665924,1.19498541634744,0.784225596501926,0.763981098916104,0.846905301115728,0.991197843204559,6.41699228342716,4.06466015278568,1.68844821784972,1.85769735400017,2.20469720668862,484.495747853051,471.950210987255,346.747092246017,472.045061516776,446.526002178641,2836.47962985676,4397.86398389137,901.178942938788,2142.02991568,1447.3510495584
100,0.215,0.825,0.239039599065893,810.636587284279,924.869251041088,924.869251041088,221.454510863052,375.858579375114,1.1,1.1933670957189,2.38250625308232,0.838659644559805,1.17775529853105,0.926440113947133,900.288706539959,697.415656830763,1584.05897612816,481.663664901938,993.803075132156,0.774753917417624,1.05499208004515,0.504789925906486,0.892493261237944,0.700430501546423,2.07368245788364,3.61031162151178,1.27737395969082,1.57807391368071,1.29387743146394,519.245590461548,453.163705601295,732.67139977197,342.75857877357,550.676276220419,3883.82936753003,1988.6988155637,10674.3554958672,812.737815929495,2551.97238164515
100,0.215,0.825,0.207844400994472,775.909826210951,924.869251041088,924.869251041088,229.813843872325,387.060635736324,1.3,1.54888047604972,0.927970914314109,1.41350330097165,1.35379295435979,1.15210375379473,594.652895793576,720.23217403055,1022.6883368341,1011.49794710274,1964.72661758004,1.20864051249627,0.624567507179493,0.640526488497489,0.733065202492277,0.726382057420884,1.97586686565782,1.34430859490976,2.19052092271002,2.92069361794574,1.65799853695584,412.164248601349,468.682685344797,575.391242671706,542.888376469639,846.581458234062,989.905776348991,1775.73677492189,11060.4043967178,7609.99387226263,9834.52199270742
100,0.215,0.825,0.207844400994472,775.909826210951,924.869251041088,924.869251041088,229.813843872325,387.060635736324,1.3,1.76900293120826,1.11866374970327,1.24546936228474,1.21533170756284,1.56520871249629,733.993438737116,1031.85387573739,1236.36368330641,705.42974387946,630.397921221638,0.950451704298909,0.705326063386244,0.670416656644764,0.881441370913749,0.951072811907737,2.41481203547467,1.70154050743459,2.03535956162107,1.65739412862956,2.49412998013287,497.537910417069,566.468390046708,649.429623221895,458.508449953938,443.960251808856,1926.78177686955,4540.87117985081,17677.5709679282,1491.83779128943,1546.32231088318
100,0.215,0.825,0.207844400994472,775.909826210951,924.869251041088,924.869251041088,229.813843872325,387.060635736324,1.3,1.92344362328255,1.08457930752189,1.37464074067572,1.08195364370584,1.19203379848367,631.052487037477,955.909125123354,882.764969357338,1653.0202020813,1025.19472333627,0.950742180272899,0.722908246848703,0.895773139264882,0.707680088173123,0.949461134672214,4.36259970757941,1.6346213896464,2.75700379169707,1.65239430132884,1.52884227241562,445.731968361918,557.198767119616,542.703153683684,752.39479837906,605.872546283269,1813.38339381338,2969.54437823191,3539.62677499281,8901.71428829102,2467.43922175609
100,0.215,0.825,0.207844400994472,775.909826210951,924.869251041088,924.869251041088,229.813843872325,387.060635736324,1.3,1.54574460770858,0.751576405064275,1.2843302558045,1.88736159460547,1.10908201450438,885.645114944621,1004.76456337502,776.740120796234,458.042605429524,673.652643082059,0.976424289566216,0.439362246151461,0.580337137829216,0.893144970242393,0.812001224181424,4.14408499952575,1.12406325744414,2.68604949002084,3.08989710536186,1.70987810270369,473.878181929086,481.562340637834,447.841721044967,349.570067255068,419.522186278983,3227.28029260488,5368.54752696806,7358.11816556732,1109.58502646462,1513.40224040493
100,0.215,0.825,0.207844400994472,775.909826210951,924.869251041088,924.869251041088,229.813843872325,387.060635736324,1.3,1.43573664559033,1.39601339127381,1.32829112578304,1.29278876023489,0.954341371447317,673.513198973561,622.260939559687,689.50052846044,947.304774772319,1034.26863421655,0.844236585459664,0.727189211921285,0.623949479703778,0.804980237237198,0.540773220535899,2.64755636908069,3.40085642806005,2.87419276820647,3.09730669994923,1.73384216517844,423.990326912565,399.186698436775,411.766682539347,485.472513421812,474.930674475557,2203.98552280739,2227.12787369164,3838.27464713212,3228.07531242056,6133.12097114454
100,0.215,0.825,0.182912489916643,758.40904931671,924.869251041088,924.869251041088,236.358776991107,396.597994777571,1.5,0.75997917859337,1.3806444952892,1.67096090875175,1.50199333183058,0.683191173958276,3131.4917414767,595.458405543507,1138.31898627721,707.807023210001,6750.77200982301,0.447056572796989,0.899300830030983,1.17983523654726,1.11879573500698,0.394559648563193,1.48163349481805,2.19353898388779,6.69140837723011,2.60821550628053,1.11295643205646,922.522538549411,446.834628169279,626.43977368096,495.128167555419,1763.5470742612,46173.7952314229,1103.2732345271,4542.07414748129,1283.8806041944,374277.516959292
100,0.215,0.825,0.182912489916643,758.40904931671,924.869251041088,924.869251041088,236.358776991107,396.597994777571,1.5,1.28543842588269,1.08324283301118,2.38505421384182,1.83904950164678,1.08049078888485,754.549158305467,876.22862917791,798.46561798973,620.695618970427,842.012571695569,0.963860207350589,0.835904876649852,1.0090982143294,0.966800442768596,0.716609811837645,1.72586338534619,1.55508415564723,30.0952062034723,3.3823932138811,1.63671609707687,504.331076216828,509.614526695311,406.361250573499,450.595983845294,511.709379054795,1615.34914750811,2174.95357362249,3343.27506910319,1703.38730653214,2521.8820643797
100,0.215,0.825,0.182912489916643,758.40904931671,924.869251041088,924.869251041088,236.358776991107,396.597994777571,1.5,1.05260851595766,1.89469966433434,2.26422148283237,0.72715241845082,1.13344674236555,701.105613211247,729.789886141333,894.940486934193,1816.18838862601,1053.02916421485,0.693262859278795,0.667384290355569,0.724360947925712,0.377634347027378,0.775079966896347,1.55982225591008,2.79276330936301,6.43086145641668,1.10651393920576,1.52045539973826,463.527318856371,500.614349799553,530.793138521111,736.971430032061,620.706244836224,1814.06729565811,4401.2908743166,3308.42556943125,29683.4650521063,3182.12722361468
100,0.215,0.825,0.182912489916643,758.40904931671,924.869251041088,924.869251041088,236.358776991107,396.597994777571,1.5,1.74175764722559,1.82568469470556,0.518508210500988,1.2193653761672,1.5045730325935,715.818279738141,625.366810375858,153636.649292487,807.634532520452,713.047626198676,0.926840995712063,0.796338031013864,0.240583477739328,0.807374869992326,0.743891274912092,2.60730012211429,15.6019752726448,1.44841405784951,1.68827760784397,4.23397400751488,511.2262604152,427.017081955811,1550.42025380671,527.965444043603,482.971827284994,2207.0891575434,2089.00847477822,259975781.917009,2165.55935285215,2551.06180283047
100,0.215,0.825,0.182912489916643,758.40904931671,924.869251041088,924.869251041088,236.358776991107,396.597994777571,1.5,0.964592572247702,1.2754821066491,1.08954963478478,1.10466520420647,1.55708941896134,1418.54812584754,502.718819578475,1101.4014556546,1086.91239758894,580.689512571555,0.627198426109269,0.881562223737772,0.730901090165091,0.693860968405163,0.986843111361799,1.89753645461403,2.13556611699167,2.46650664697766,1.81459656905315,2.27042372174126,555.379605746088,365.392527834728,558.740703060423,555.604004612329,393.67448242452,7552.99684038431,970.419938454509,5137.62169304907,5219.29822815642,1043.37473828632
100,0.215,0.825,0.162768001637809,749.587187197168,924.869251041088,924.869251041088,241.553337959301,404.815635533113,1.7,1.1229070511467,1.0271429993997,1.72864114078068,1.02145073996974,1.58209227127035,1125.51905293843,976.878144916589,600.614348512613,1238.47171638018,547.113301714099,0.612018636334018,0.672098886998221,0.93439143543046,0.533508261481846,0.863569963089342,3.1664253256194,1.72971439016696,3.32750542421889,1.78835429329925,4.13181556226602,512.875418420482,515.210080447838,423.982340738396,608.238925361313,398.970904281318,11995.3935788217,3986.23353869199,1524.34809001494,25750.0445107223,1381.89464715269
100,0.215,0.825,0.162768001637809,749.587187197168,924.869251041088,924.869251041088,241.553337959301,404.815635533113,1.7,0.978508788570609,0.898700056950181,2.25192074587124,1.29018803051708,1.22852497869192,1162.41813027636,1419.4937201639,708.60109507015,993.726282904222,959.89735186823,0.62414005208818,0.590696312576467,0.807388504735164,0.718132678614632,0.532564094169598,1.86565355945696,3.16486095385373,4.27617393554759,2.45619820400393,2.7676600615358,565.902375655815,599.842043115672,506.066217180588,564.231996474074,517.677036423922,4941.70198934064,8029.16346191684,3362.12009764107,3345.62140949221,11715.1671465434
100,0.215,0.825,0.162768001637809,749.587187197168,924.869251041088,924.869251041088,241.553337959301,404.815635533113,1.7,1.33282403911908,1.62468979415836,1.66986869549156,2.37772354319359,1.02754768979673,793.94287262788,626.885929698471,883.5544812178,583.25387946929,791.190344043991,0.79933579865048,1.08572593278555,1.03082575111453,1.61245179545525,0.731017841281944,9.80210151309328,2.52887889624844,8.17820068973059,5.46099732733494,1.39569517924832,430.114796948413,440.838090869603,462.047571188155,448.966363949195,486.324810334313,2481.01332306422,1132.15963819707,2984.59210975743,1014.12197067658,2487.56641807501
100,0.215,0.825,0.162768001637809,749.587187197168,924.869251041088,924.869251041088,241.553337959301,404.815635533113,1.7,0.845057685003266,1.07759002370032,2.63094788216568,1.25396607285997,1.57966553305693,1815.80605341177,1407.92658697129,768.949309490043,747.869139421615,570.611660897345,0.458783649105303,0.377183178625263,1.13601921751904,0.820389443942037,1.09827488885898,1.26850413500998,1.8084036061621,140.542136488575,1.95482003087645,2.19126928770268,804.067997385595,674.944927231446,410.510783561371,497.264158162547,433.079320466766,41695.7200293077,116939.102498247,3556.61101184167,1874.66664894778,969.961525671063
100,0.215,0.825,0.162768001637809,749.587187197168,924.869251041088,924.869251041088,241.553337959301,404.815635533113,1.7,1.51527047835621,1.3562280849544,1.88008529727677,1.25763631220296,1.56195743398286,801.039127068245,1024.91970138879,756.848385415188,1071.27780089699,898.480431856234,0.98449798807611,0.761071491540904,0.818691177652782,0.907824519406762,0.86454528902756,2.67750760432637,3.23777106790676,4.26227062277641,2.02816622250583,9.03168292413559,539.044694115583,574.756849722745,509.781216990149,624.15194620714,476.166076724416,2421.9884848936,5883.40087125037,3412.21287745671,3284.16532437286,4403.75629327105
100,0.215,0.825,0.146317575270849,745.486433503477,924.869251041088,924.869251041088,245.728705841541,411.962227770625,1.9,1.25568503011673,1.08449728781448,1.25037122888817,1.40489463361208,1.24131929502183,1791.79706586551,1012.1462620401,1234.25472892913,709.283334104671,872.755692246219,0.603701163072446,0.651043850013531,0.787178380743166,1.02388403118869,0.859125471683249,22.6582972067899,1.78131026944043,2.88312330906892,1.98649290796565,1.75256361509331,452.067763297102,592.556264047009,642.833116226011,482.369299317619,565.477461232867,64835.1965175857,4694.57990536117,10150.521767329,1390.34037890318,2174.32229308435
100,0.215,0.825,0.146317575270849,745.486433503477,924.869251041088,924.869251041088,245.728705841541,411.962227770625,1.9,1.70877190383338,0.995159127187979,1.37854636842853,1.21219782929355,1.16995401685584,787.231038371659,1299.55216762072,2169.33908652442,997.865596787421,891.49836211056,1.01972439698571,0.703653987463872,0.574254737910271,0.769194083574739,0.76301980906207,2.34501637270663,1.34383470967569,5.05188856488135,1.96823491519868,1.76402325873565,507.942688209119,700.555544322465,450.842830140806,571.066393476552,565.889663088209,1979.70399168576,4023.46188384965,6895.8866529159,3432.06995351951,2336.58911784426
100,0.215,0.825,0.146317575270849,745.486433503477,924.869251041088,924.869251041088,245.728705841541,411.962227770625,1.9,0.912000848090397,1.21037489573687,1.6983670216442,1.72883960411124,2.095930105158,1202.15810465675,835.551871790849,1204.96833219685,666.026978351361,528.51394211836,0.69728530341333,0.901995832223591,1.19172907176387,0.927384146949677,1.55953811629318,1.18250508963658,1.74773708805099,2.75553900432438,2.51517922581614,3.13087109366329,635.908618776902,531.47456122349,616.717514772993,478.166492627491,426.073201722847,3600.48321709403,1732.18201669686,3394.97459304668,1969.07894016559,776.701783433868
100,0.215,0.825,0.146317575270849,745.486433503477,924.869251041088,924.869251041088,245.728705841541,411.962227770625,1.9,1.7234273168324,1.01572280786988,1.91460247780565,1.30478782026715,1.25538048069067,798.012412928121,2784.53495283565,801.477667566916,791.926182781638,981.888049145431,0.480572183756353,0.346624004085299,0.916935832934855,0.825037292903857,0.914455847171706,3.04794500367743,2.02033934972526,5.98176579401029,2.1363160140812,1.75023890666705,514.622720260036,958.611026735059,504.700641823655,507.260214937447,601.504105677128,20016.2352157993,6920337.63262687,3104.6541106385,2306.53595010959,3032.13948322443
100,0.215,0.825,0.146317575270849,745.486433503477,924.869251041088,924.869251041088,245.728705841541,411.962227770625,1.9,0.759190100146285,0.678895023754536,1.08630740550034,1.45024264475944,1.14217844037755,2543.09691938234,3207.74414706488,2605.00322269759,867.348936337796,835.355891525135,0.487977618137717,0.303620529525616,0.54510395192541,1.05823675620486,0.837445540215804,1.06118536338153,1.90405118199474,3.20130858234183,2.15820045595768,1.73514329107325,969.246912214929,761.830926541266,708.906948610171,564.44544084933,524.092336240929,17856.8186770794,367013.220905959,51139.5837364594,1763.93611242821,1765.75920433226
100,0.215,0.825,0.576599200591966,3048606046.08,924.869251041088,924.869251041088,120.568581589276,259.630810543096,0.1,0.758119522645743,2.05162039909152,0.0908792782709946,1.92086295900289,0.959121036152964,1548.39000410282,407.635108553637,1465.37302985665,359.336541661382,1283.6176580652,0.417055573078981,0.521273325012006,0.0690561979067933,0.902739009723257,0.451989823081446,2.39647957748154,6.37268411439291,0.118909038306189,5.2669153829318,3.17339010736165,413.404743830656,281.812813115098,91.7239701719222,267.031181525247,391.784044774773,32921.7194806683,4181.15288901415,60468.8632616258,970.648839194642,17819.3500207068
100,0.215,0.825,0.576599200591966,3048606046.08,924.869251041088,924.869251041088,120.568581589276,259.630810543096,0.1,1.36768821097219,1.90356360418341,0.104975984335036,1.20784560077515,1.05925690181349,649.822415056685,816.954883815923,47.9375107157813,1311.49361014999,627.926672138941,0.789034558387598,1.20435616920759,0.0838389610791107,0.725737015823606,0.698680888023813,2.60709605414189,10.6292422852699,0.129243365342559,6.3913048579142,2.71159157401531,320.456137397712,303.120190292063,4.81656307347051,330.721668242345,319.976234383747,3700.20678096257,5013.72815874116,500.569077515977,6855.06657210287,3036.98397489923
100,0.215,0.825,0.576599200591966,3048606046.08,924.869251041088,924.869251041088,120.568581589276,259.630810543096,0.1,1.59634783577348,1.49833948042947,0.0976616326193352,0.930843839624713,0.976895473869053,575.396967796799,1475.35645058625,284.73355898125,4717.91666661612,1499.91172912697,1.03664690684225,1.11559488971261,0.0800351183176881,0.668864735203515,0.436270495817495,5.91740515997328,5.87527162819809,0.120637562562275,4.74546110316164,4.04520082890723,339.489047836486,588.26731947581,23.6610992756004,531.38457049994,456.571479404697,2131.95006487838,6967.91270010256,6226.97187017178,21757.6461375368,72445.8430182168
100,0.215,0.825,0.576599200591966,3048606046.08,924.869251041088,924.869251041088,120.568581589276,259.630810543096,0.1,2.04890488482924,2.00208550700551,0.109701206889762,1.16298829870279,2.28227236041886,881.678779769837,594.165279685217,382.58646262979,1034.75382839381,535.694907197794,0.663197991804127,0.92350931369329,0.0847426492805229,0.666082726315764,1.03148946745469,6.10942228970247,25.7849878363352,0.140512420221303,5.53911771806039,6.7891374765987,346.847252744798,280.862419355502,36.315543124337,360.12352667364,343.635883092063,4590.63024395142,2845.15790966376,4854.38350220894,8294.97380503956,2850.258525316
100,0.215,0.825,0.576599200591966,3048606046.08,924.869251041088,924.869251041088,120.568581589276,259.630810543096,0.1,1.95325255207158,0.909826317504603,0.100286992924047,1.57613986523282,4.03488687805926,384.854588808346,780.23854022951,499.510770744594,559.53534874489,457.282940155401,0.737598864996964,0.493442156028576,0.0800532240050839,0.70022637598851,0.841527117228933,4.00285277969243,1.96710037113873,0.122549862449643,5.18324126377152,8.65009557423052,279.121866400744,347.695704215222,46.27835225151,293.544791718153,320.417388751413,2027.66756463909,8564.39745920116,25215.1721214305,5004.22510335113,2165.20493897598
100,0.215,0.825,0.475568944140618,7779.90037150086,924.869251041088,924.869251041088,152.601739708636,298.648435807868,0.3,7.89818643213835,1.09030644742099,0.324117004969844,1.59206196074484,1.1467387619482,373.610683203129,804.963069621076,936.018929931881,634.22180779038,1983.09377950043,1.5283618632943,0.733344419066916,0.25810273415769,0.845736393980935,0.626190243591064,19.1266157341949,1.80285728673576,0.401381583603505,9.87204697512345,5.83500578119106,322.082588317784,467.47080616009,336.070234745193,326.70316090799,375.260080055803,879.568795323739,3747.1295372125,3875.78500954767,2468.43439882375,11737.9227994201
100,0.215,0.825,0.475568944140618,7779.90037150086,924.869251041088,924.869251041088,152.601739708636,298.648435807868,0.3,1.69836234989583,1.89249469688457,0.280197297784293,0.911453736403107,1.2670243247214,1236.74573464539,453.006219393215,843.236473086619,2483.13382528088,501.129340337882,0.888138452697254,1.32662039165481,0.203272632383019,0.639965708388696,0.843281651165742,5.66244630434759,3.59430146012567,0.365918109766324,1.17300868609987,1.79040167350303,341.125283114195,317.671113497834,281.188472495189,698.28269437002,321.689281853057,3502.29743813523,914.107118677194,4071.07911325073,11804.1191651885,1224.05048037116
100,0.215,0.825,0.475568944140618,7779.90037150086,924.869251041088,924.869251041088,152.601739708636,298.648435807868,0.3,1.14911373577714,1.20275367841539,0.310908517579608,1.16793889069654,0.900777976045043,896.985430045844,867.913254451444,599.399514348924,832.149952290636,858.137084921605,0.801264935923927,0.651856199999385,0.22594978492642,0.823236593399862,0.633762789350993,2.45527123630194,2.3263091549369,0.394331876619938,4.11769173779272,1.61358323289906,437.744332211663,448.967741058938,221.098339651024,414.595444761267,408.778203558586,4138.44287609525,9396.978532754,3245.36920893546,3337.78183307287,3801.0968754046
100,0.215,0.825,0.475568944140618,7779.90037150086,924.869251041088,924.869251041088,152.601739708636,298.648435807868,0.3,1.01150060502344,1.59482457382316,0.322171660852478,4.56468509175661,1.85382851357604,1273.22579972186,573.06187800508,592.323416030948,2545.76031152149,487.113682908677,0.389206469996306,0.689724595054014,0.228181114214944,0.591887425761157,0.979140260071337,1.74290624180264,4.15228508227076,0.419085728651228,6.01063114642545,3.41980157809625,571.980408510177,360.723363542744,246.233241079127,360.618022978688,340.902188891395,44151.2830489563,3523.56240343978,2907.89686459309,3016.46655202039,1299.0479268189
100,0.215,0.825,0.475568944140618,7779.90037150086,924.869251041088,924.869251041088,152.601739708636,298.648435807868,0.3,0.617886739254473,1.08647371570647,0.308432243161444,1.19402874940631,1.55942553861676,5773.82593613659,1058.92197730476,631.547661206346,1060.5767917516,494.240823838306,0.426779749223076,0.69087602394306,0.226825178461424,0.74253296848227,0.92588202406159,3.312069482484,14.4154281584607,0.390063292661477,5.27366772973068,2.401674640523,923.59304992065,332.415129579867,229.863879227352,348.048278650635,329.374813651221,88878.9033838607,7724.58192342032,3349.10020312731,7187.7171069515,1182.7268725053
100,0.215,0.825,0.393361851959789,1680.2282,924.869251041088,924.869251041088,177.572511944803,325.70321504998,0.5,1.03662763955855,0.762669762383611,0.406661310525869,1.1437204282979,2.39728724628862,1043.94896815004,1805.67700621216,1771.39474364039,1059.47983894501,539.628504438406,0.657708411146801,0.38408677616044,0.318242452794172,0.62223646453821,1.33802629403756,1.6861211778447,1.84915819327994,0.534263428165946,2.19524485162421,5.14275427737566,514.841315531887,511.192888436246,690.165134711252,521.09000000665,376.910701422877,3704.13023513122,54580.3362664747,8368.28074501544,6708.37481590042,1396.46422295779
100,0.215,0.825,0.393361851959789,1680.2282,924.869251041088,924.869251041088,177.572511944803,325.70321504998,0.5,0.990733872868601,1.69752572642418,0.390279420982333,1.2647191031437,2.47229401048819,912.864354932463,542.881400782749,2617.26883207704,767.251202679827,535.526968336628,0.580360606180331,1.34683824244621,0.304227969997969,0.726091183584321,1.69923225646161,1.90821763700271,2.52663809753212,0.552719278436683,2.63348739621978,6.20911703357954,448.599350911355,370.849698002883,893.676158397282,439.934874939712,380.851907462729,4433.89282961615,994.865268790853,14650.2957237324,3998.8725126107,1226.48521826092
100,0.215,0.825,0.393361851959789,1680.2282,924.869251041088,924.869251041088,177.572511944803,325.70321504998,0.5,0.878420778202303,1.44252257394241,0.470132258504909,1.38488098774063,1.62355452759604,1395.0502901615,514.305033296543,865.10885467515,899.899239397473,679.236807638367,0.494825685441305,0.885491656787059,0.351038656866232,1.0051956652566,0.814957558580774,1.82006227493655,3.70392689486352,0.598209188546903,9.04491009303933,7.2283349858438,531.582001001846,364.10305003396,402.828075936926,400.123119930445,375.735981758622,41381.4274685191,1487.27879714638,3485.37023552548,3183.25414159416,3570.5642169786
100,0.215,0.825,0.393361851959789,1680.2282,924.869251041088,924.869251041088,177.572511944803,325.70321504998,0.5,1.78162627230298,1.32461740484637,0.51065206985138,4.80560604403476,0.80469208736604,780.191894970329,465.792343261751,811.581066172566,2814.26146154377,2475.37740979797,0.457255664842504,1.03732615684468,0.324064119611866,1.05100946774649,0.34053776992211,5.25301283467107,1.76531850508897,0.807718764451068,5.56552060059283,1.62293563479703,423.908326217482,342.379029149993,420.06221248985,358.859011184717,636.081556312681,19200.9532601797,760.296632457622,4091.48916491604,3089.2161087312,188500.598614496
100,0.215,0.825,0.393361851959789,1680.2282,924.869251041088,924.869251041088,177.572511944803,325.70321504998,0.5,3.17014227120305,1.01751165158264,0.688724211462392,0.775369894605316,2.1045875516449,627.672991127806,934.782855837684,1003.07283064695,1590.67185975801,565.872781625498,1.02841917705785,0.71151740697426,0.460009523542929,0.497912804853441,1.22000220307908,9.30860382343429,1.39941613173832,1.00860459523072,1.15211242941552,4.74835300162728,398.993268256555,493.931081663081,509.72977798674,686.343207026385,401.807759186726,1940.46613997535,2980.20856340751,4167.52387068642,8872.26000459305,1201.15945130471
100,0.215,0.825,0.328824833415765,1063.43617555016,924.869251041088,924.869251041088,196.415416746624,346.196514899538,0.7,0.910676185719508,1.46360998866124,0.864081388868371,0.742632120036049,1.12219086934191,1259.20733149605,556.989354041782,745.783305906407,1379.69155455168,885.14911319443,0.458670659974145,1.08201841858441,0.551316349460304,0.362277170010873,0.561383228253648,1.71209600057611,2.96255421490519,1.99603107324045,1.30736735483682,1.70941733331531,554.206754258142,381.357092462842,394.837844679078,571.741758016684,488.574027373809,20610.8054186611,1237.87779649835,2767.2132975497,44670.5375147873,5558.55052975439
100,0.215,0.825,0.328824833415765,1063.43617555016,924.869251041088,924.869251041088,196.415416746624,346.196514899538,0.7,2.0579083495632,1.23971359684827,0.721909285926118,1.23851383932314,1.50090445428691,575.243583413338,1136.50957285625,1074.93315960808,959.500301363592,556.948641096965,1.31597585746208,0.682788029792138,0.512416713833967,0.873255979823648,1.00054923350476,3.63163606985664,2.65814867829821,1.00024936436329,1.88895170151609,2.34721371772546,392.858818427949,511.946082044176,532.282176542245,494.72756571248,396.47951763539,2504.20536048701,8233.78344054324,3953.16029525926,3190.95417245008,1238.54556039371
100,0.215,0.825,0.328824833415765,1063.43617555016,924.869251041088,924.869251041088,196.415416746624,346.196514899538,0.7,1.41256131860976,1.72689183649241,0.809800262406822,0.908830957842441,0.882765189254115,753.765734296918,676.255082050276,1149.83758549109,955.601782384676,1169.20031277157,0.600989410353274,0.935218954564503,0.507940305555844,0.49714916335376,0.633258370635398,6.06973808595232,5.69636238385028,1.42225568804949,1.92489348096567,1.4920378803933,415.321353231129,420.91797335121,532.321577339522,477.810083767617,550.130690360773,5748.03717456139,2608.50441614545,8891.05334344088,8488.13080160952,5528.26110490748
100,0.215,0.825,0.328824833415765,1063.43617555016,924.869251041088,924.869251041088,196.415416746624,346.196514899538,0.7,2.08211888495303,1.3082320002144,0.778859354123402,0.716368345432826,1.28752248077558,653.210165116468,596.679108441921,822.508695570253,3025.74640794945,1470.15819239367,1.04182458714163,0.594266491536215,0.558580105644469,0.350432341244099,0.589413663208124,4.2342475416731,2.18740269077804,1.17866199460865,1.41745555287802,4.32652662923565,420.626683285342,403.131412001036,462.098749170577,812.636672256217,501.988377074078,2342.83080612249,1854.45811122957,2337.09122754676,215397.807077327,29948.3084848393
100,0.215,0.825,0.328824833415765,1063.43617555016,924.869251041088,924.869251041088,196.415416746624,346.196514899538,0.7,4.83267890820771,0.974840861873797,1.03260416500311,0.778597110125941,1.01381695861943,2936.27743176849,772.618559773301,458.841987381769,1084.65498356883,1924.30977353608,2.56317934780772,0.566832174407303,0.731304322000234,0.391826708547712,0.615857581858332,5.2678272745245,1.52342239613224,1.38166294659698,1.34687188681503,5.18688424708656,405.548148576081,422.548304309317,318.048230133333,478.445351238552,683.937665806872,3069.48946259955,2696.83105637957,843.098012736139,21331.4021202566,34951.0139799833
100,0.215,0.825,0.278487170955192,883.95437971124,924.869251041088,924.869251041088,210.627343926679,362.492299414816,0.9,1.47411460315891,0.967790189982621,0.753182090292929,0.984645047990928,1.47996263862008,630.888438880861,1384.81903212757,2924.3678095707,985.134690737273,977.201098373315,1.06067431710728,0.729131887754756,0.521741266940898,0.645641212767583,1.09598506438057,2.32721941877313,1.5187303263639,1.28104003660727,1.71302992409625,6.81326440797432,441.204712540473,701.63291252809,940.179531174427,544.989298088558,513.707283221545,1086.03282966813,5610.36824309546,26234.8525512086,3143.81868050553,3333.55812731498
100,0.215,0.825,0.278487170955192,883.95437971124,924.869251041088,924.869251041088,210.627343926679,362.492299414816,0.9,1.69495616397259,1.02627612312954,1.09378276729627,1.25783701389305,1.25335810195675,898.806220134668,1187.65121109326,747.644247160739,889.671860655034,813.687330594827,0.648712217157162,0.514900278758251,0.703341823301922,0.846808911662828,0.693587435002446,3.18910436901188,2.88222344776917,1.79311830441083,2.15316634293134,2.5176705905208,511.523937941196,490.389774910466,480.248644707521,531.575451296765,476.971223461227,7563.96385431306,11235.1338513431,2312.15460994143,2646.50214289151,3682.38434760224
100,0.215,0.825,0.278487170955192,883.95437971124,924.869251041088,924.869251041088,210.627343926679,362.492299414816,0.9,0.891615876497512,0.962373444560823,0.889842654824166,1.8915722686905,0.888216095664999,1175.63694539411,2272.8691970108,652.064241048902,762.497477209849,1588.29086950692,0.584589162127928,0.603613663844573,0.667708760498694,0.906137152347929,0.508091069327239,1.31669657119841,4.43548112661053,1.26333546146937,5.85133700961896,2.13478796045059,610.130632922033,543.159308501643,411.953922392931,444.460456672231,605.71601226673,5046.18777826502,27709.2516937788,1342.33382614841,2732.94813743743,20458.7484108585
100,0.215,0.825,0.278487170955192,883.95437971124,924.869251041088,924.869251041088,210.627343926679,362.492299414816,0.9,0.998227428027888,1.05110365315892,0.856743633728698,2.03107535736294,0.797811655766708,1411.72984788756,1228.52841246407,784.235891742803,481.391278438777,2108.35286449732,0.586427358975838,0.556473873863636,0.549762140356995,1.39848670401248,0.51067161516229,6.65783662985521,6.49938655057655,1.1743194623098,3.95643493573269,1.98123973794754,467.751056475867,432.859464564129,461.385716336626,363.123790955035,667.406961854951,19318.0022332117,19377.6461259667,2488.89590216717,722.156650108949,23534.7457157384
100,0.215,0.825,0.278487170955192,883.95437971124,924.869251041088,924.869251041088,210.627343926679,362.492299414816,0.9,1.85065439261625,1.14398587500185,0.946829891080261,1.11767761037371,1.05950775500123,643.139973494807,764.896958949478,938.992969787779,1012.18503709839,1656.07974776393,1.03814360368025,0.796975311475541,0.483459801956709,0.633730889376572,0.385123109313071,4.16645798848365,1.43459637097617,1.59130264694712,1.99530432724425,1.78189825601957,437.310809092485,472.618691045559,508.209216413953,511.792209170583,685.875764157436,2672.87529729519,2136.97526004851,6289.95149458874,5648.65417526009,1318864.90255311
100,0.215,0.825,0.239039599065893,810.636587284279,924.869251041088,924.869251041088,221.454510863052,375.858579375114,1.1,1.25554976727639,1.68138890530544,0.976014199295035,2.01329779582831,1.24344266534184,801.433525456333,594.888516764659,770.873134257806,754.143116443394,961.848026464209,0.786800010784449,0.858902377892166,0.728120381767659,0.86008220600175,0.900187753865374,1.97885846774503,3.79667864867103,1.34427262696274,6.86195261142866,1.97587481850857,505.434253861994,418.355197001754,473.779305234241,458.031769039053,533.683171223704,2784.82325356482,1539.48723781361,1764.09532579822,3664.79594628972,3334.67166146101
100,0.215,0.825,0.239039599065893,810.636587284279,924.869251041088,924.869251041088,221.454510863052,375.858579375114,1.1,2.67191263209386,1.28555781634515,0.969444712923444,1.09737531035802,1.31776340872718,958.491798417256,1363.90606748495,904.197281854369,741.131673874738,512.520906192075,1.29393465542573,0.700451099786352,0.655803382348148,0.791945254736079,0.906024238775509,7.19287788040673,6.19802674139089,1.43898448820099,1.54417004898205,1.75843354801405,471.894019100198,540.83046372003,495.898758970155,460.204898310909,371.946598219217,2619.4887972994,8938.38643104442,3041.73996475997,1818.27778058461,936.21608485959
100,0.215,0.825,0.239039599065893,810.636587284279,924.869251041088,924.869251041088,221.454510863052,375.858579375114,1.1,1.34817810878994,1.16951776964829,1.36167120495177,1.49731284925018,1.19207760167616,825.541319301801,1201.44372355191,732.520257038953,710.984445773813,689.76719912472,0.977055501807439,0.693267735017721,1.03763635025893,1.02082631351953,0.764597838296274,2.3531943008142,2.15958020628937,2.0830342197424,2.39365292428763,1.81286906059872,505.683147696362,608.649351468025,470.368050734398,461.161731191314,467.63045949242,2077.62356146503,5388.3137779495,1627.12926507556,1474.17592105473,2015.30858711618
100,0.215,0.825,0.239039599065893,810.636587284279,924.869251041088,924.869251041088,221.454510863052,375.858579375114,1.1,2.00226292266816,1.32310383061678,0.946083428850707,1.06370990928216,1.24833042888778,725.761862617612,718.898613220694,1076.17464524493,1071.61156326167,734.050677279835,1.33105691003997,0.963229402730155,0.700611201015712,0.518527216051811,0.844122801826329,6.2113210736505,2.37903529190071,1.41134923363195,1.64912879573578,1.83424025232073,474.819071017198,461.114725224975,570.878488998302,589.08150966188,472.572776809077,2588.25737814671,1811.47267025457,4149.87319470446,8505.94908782692,1881.1677412485
100,0.215,0.825,0.239039599065893,810.636587284279,924.869251041088,924.869251041088,221.454510863052,375.858579375114,1.1,1.7858405258045,1.54789125764172,1.17113295782325,1.12263505866376,1.20320584909894,626.711802800279,1407.87734067663,604.737394119459,1097.91631235795,834.546188977712,0.970337377111479,0.629692396554518,0.848210876362682,0.750223266010313,0.861144341614621,2.94679164137459,8.0680203340165,1.63528722405335,2.01422207615598,3.567567350311,442.987915149523,435.338996814068,419.712645904112,587.917942489683,477.169468667968,1629.68714910095,8100.61088544872,1186.57510868016,4298.85508777817,2157.17471848682
100,0.215,0.825,0.207844400994472,775.909826210951,924.869251041088,924.869251041088,229.813843872325,387.060635736324,1.3,1.89749921054864,1.83684165115005,1.40032683030123,1.09870809476338,0.636910664696043,786.450821946265,946.532517585345,597.257505318471,926.94369505163,4332.83462373692,1.01796747819925,1.13789666780125,1.05062858104727,0.748606256093179,0.339978084955465,7.06701509606052,6.5263462455908,2.55458763217912,1.45213033397012,1.29679722825162,474.986937459031,563.930004533273,433.207217349139,535.875977295264,1089.21805005864,2829.74757962292,3179.7109916591,957.421934486315,2037.94661264491,625862.183717356
100,0.215,0.825,0.207844400994472,775.909826210951,924.869251041088,924.869251041088,229.813843872325,387.060635736324,1.3,1.29058847959972,1.13367921995331,2.66473969768066,1.16535008452287,1.10717688843796,815.983643884876,878.736976146572,552.195680593955,754.293211077225,872.730864372872,0.806589672986063,0.789604015646133,1.74336483350994,0.834539621321898,0.713121909814648,2.46332252292059,1.56450797630336,4.66434172911778,1.76767811339151,1.90354484289522,483.549851471738,521.8485076436,426.845990866472,475.098177015792,505.229672529378,2585.19196551476,2256.79819366238,1026.72316877667,1867.83380293057,2668.68656807718
100,0.215,0.825,0.207844400994472,775.909826210951,924.869251041088,924.869251041088,229.813843872325,387.060635736324,1.3,1.20023264530649,0.980216114310725,0.596616899243388,1.12021195274229,1.33275041919938,753.020122658817,1065.51259872434,91320.8087693821,965.042202216125,811.143815866021,0.868983031295374,0.737665759063275,0.418920845764418,0.88619748047514,1.02033959195327,1.78325567246546,1.37547490657284,2.45435659459861,1.43969538233949,1.82539559231589,471.852223469299,586.024510016655,2568.39445723586,556.845054499995,515.576101954022,1488.92292634549,3077.35062898634,375857.263017294,2207.40101242597,1936.79758887971
100,0.215,0.825,0.207844400994472,775.909826210951,924.869251041088,924.869251041088,229.813843872325,387.060635736324,1.3,1.26381668054745,1.11899286133441,1.50001698670975,0.706989670647309,1.70937338914827,653.519352757873,658.803342742666,618.987185205942,7063.01659881275,729.377044558538,0.604002829335254,0.651290918492191,0.831707606915922,0.332198580367358,0.884262041915522,2.17616937206607,1.88019671335767,3.46752165515226,1.17287401905301,3.4421376606911,418.148394944744,406.853001894399,411.948528468009,1534.27979772545,440.414176068262,2589.19049261283,2133.51027263604,1967.50014623614,1564756.19501919,3230.51943461204
100,0.215,0.825,0.207844400994472,775.909826210951,924.869251041088,924.869251041088,229.813843872325,387.060635736324,1.3,1.99873735898989,1.27643965753516,1.11419509372537,1.39295795134954,1.06185057313012,675.610865742847,1036.01727500307,1132.36133636978,522.801484285445,2003.66180115946,0.985558488515911,0.640826285507945,0.552966653738473,1.07045961139136,0.673291246168745,3.95599157420887,2.13731217669955,1.84957006703875,1.8569054978701,1.83077017128452,459.23351554972,561.257006500393,596.586548633248,392.078844481745,804.191518846171,2396.05612254491,10074.3237156564,8238.03693681196,838.775968455502,16458.8378135798
100,0.215,0.825,0.182912489916643,758.40904931671,924.869251041088,924.869251041088,236.358776991107,396.597994777571,1.5,1.39103398952101,0.848071654500327,1.83774991347017,1.16572099664181,1.06910172944532,835.259624532276,1644.94829725923,616.474652969577,800.709791608514,2136.5025563039,0.700694641350097,0.636391668714126,0.979154479306598,0.819721113748089,0.438897968664258,2.52079163470288,1.14922566245236,4.4165786043419,1.73094296115934,5.05433924537744,527.453626912445,760.791561990624,445.297047846584,519.148631584119,505.959412749193,4935.21042468848,5352.21973114072,1563.34303747501,2423.91752047186,491977.507340229
100,0.215,0.825,0.182912489916643,758.40904931671,924.869251041088,924.869251041088,236.358776991107,396.597994777571,1.5,0.722736093430892,1.74045730193448,1.81102409490174,1.4061868046115,1.24285060712708,3807.9562346617,748.815866817368,758.722895553862,675.318129649155,985.801635440428,0.276760648165718,0.521675284864464,1.05452258825259,0.715686324510935,0.530400744378434,1.92939403580684,9.11177181238196,3.14778101906477,1.97195451680745,1.99668217538654,660.388467549867,449.281844248597,490.396971105449,465.727410767898,551.51724566664,5746394.41917465,21536.0569841651,1817.94037487168,1756.41331961828,7122.77604859079
100,0.215,0.825,0.182912489916643,758.40904931671,924.869251041088,924.869251041088,236.358776991107,396.597994777571,1.5,2.32324138135533,0.887395758666491,1.08589903965082,1.08194100471677,1.52085683468738,613.066866070573,684.808562293786,1145.45701364187,1182.13627018171,791.841548675552,1.45864267431695,0.450019725206422,0.396763101530267,0.623558550948919,0.960086578008791,15.7379504162949,1.40557240609051,1.60605231460704,1.87989662400816,5.82725091964151,430.398797440511,434.969288652735,573.33639464396,593.671809578341,465.060624136236,1995.59195043084,4200.23053149352,32109.736797226,17444.3015782307,3026.50894797994
100,0.215,0.825,0.182912489916643,758.40904931671,924.869251041088,924.869251041088,236.358776991107,396.597994777571,1.5,1.60966260704295,1.57142188932655,2.14580499207767,1.16291014686397,1.38889342289323,1067.5827204664,736.04288402064,600.867577059637,861.064265032158,1094.20347092034,0.737807482789125,1.01793111551789,1.24072712393298,0.734109496041862,0.959499918780827,4.10093178981198,2.69721965177238,4.19060371634038,1.95563286602123,2.36861053860016,532.129029816868,498.405362060064,449.126267529982,540.046620882521,583.6273399069,6799.72510531274,1496.39084308534,1381.82079172915,2833.1492191606,3064.78681230141
100,0.215,0.825,0.182912489916643,758.40904931671,924.869251041088,924.869251041088,236.358776991107,396.597994777571,1.5,1.09430864229322,1.31997721541431,1.30785857367991,1.2052461866728,1.24769134823343,1449.66796730169,571.639701566507,1258.55120218715,956.330482328805,2412.19884905829,0.619893088444318,0.933085352032135,0.778431835657761,0.731381912733267,0.759701394491859,1.68400700724714,1.78562004404993,2.34952707767768,3.03315257148901,4.7788486855376,713.943101651627,416.574917706772,624.911651431905,538.170499997294,771.366706557541,9228.83723922396,1022.07255558071,6079.29459777221,3436.24948741281,8513.44095470284
100,0.215,0.825,0.162768001637809,749.587187197168,924.869251041088,924.869251041088,241.553337959301,404.815635533113,1.7,2.73453315838746,1.24539319716126,1.13258387451505,1.16236726163586,1.25939685561447,633.512255771732,613.559876445059,1791.73962750217,937.482195293144,763.598561056172,1.35486557238682,0.895717319216821,0.697935858259798,0.653399744280393,0.832525438449593,6.42551363846356,1.82951718591494,2.02968616670117,2.02284687776647,1.89417710289579,448.562685591984,438.895701842494,809.641459766736,523.322939115601,492.688656944722,1907.57851944447,1190.15270478607,16306.1530412262,4356.84709827046,1980.70297406792
100,0.215,0.825,0.162768001637809,749.587187197168,924.869251041088,924.869251041088,241.553337959301,404.815635533113,1.7,1.68512158465941,1.27086173663363,2.07970095686113,1.06986418682797,1.34142679862319,876.452513394566,735.996398221135,726.817963834884,913.708156266565,1263.10803760928,1.03059626942198,0.783955914651793,1.02028421166161,0.696234867341867,0.564838930941894,6.21547971920613,1.89209994720472,4.0050860788929,2.02479401963562,2.84722489643575,486.859677794459,492.663008083607,503.680723904714,531.352501988743,592.21054512458,2569.89649305348,1690.51048340145,2331.68326534995,2818.05310676758,19828.0250516212
100,0.215,0.825,0.162768001637809,749.587187197168,924.869251041088,924.869251041088,241.553337959301,404.815635533113,1.7,0.845840829260787,0.796137581748168,1.19991334395347,1.95365770088954,1.15040344617328,1900.49007225001,2467.68335385283,1589.99896614747,513.037806673731,1369.64265836863,0.621252569964014,0.405242172119309,0.728225398362692,1.18684046841244,0.538285842332834,1.27451870035618,1.79108440723261,2.94360383289702,3.15322441136878,4.18014299634193,879.30801770974,802.085347276463,671.160023265836,411.875227401535,572.958745392392,10050.021351423,69795.1014029689,8770.27896340137,927.753788338133,49258.8369567985
100,0.215,0.825,0.162768001637809,749.587187197168,924.869251041088,924.869251041088,241.553337959301,404.815635533113,1.7,1.72345152318855,0.948361383671204,1.88891894791031,1.04078291857037,1.02640987200338,673.305884462653,1076.94695313842,721.78176841511,1738.25847052185,959.804511919389,0.859610700445621,0.532265434486453,0.798931626527637,0.594750728748187,0.633149156688154,2.87082944184975,2.38746466031435,4.06667818036871,3.06363505352195,1.9120700908927,473.712220372924,499.84687044054,467.36334167195,661.909356004339,556.880340125263,2318.50287409468,8370.28784653754,2716.84875595148,28203.843192031,3103.51455609081
100,0.215,0.825,0.162768001637809,749.587187197168,924.869251041088,924.869251041088,241.553337959301,404.815635533113,1.7,1.84964850718732,1.12828239937828,1.40106662615382,1.31126758263622,1.18875686916446,959.416924458264,848.692440833146,1263.20638042948,932.608362858792,1156.78319447321,0.796152275189651,0.786135195590088,0.504545948918703,0.993640526567255,0.643162483720463,4.44499063351935,1.48510681045723,3.11449328787403,1.93853548660609,2.22791784461903,574.723347040604,551.327016679776,552.81627532855,556.472384977642,598.136743727812,3681.11063542255,2144.44888707878,62312.8002999313,2018.01041185517,10129.4829236822
100,0.215,0.825,0.146317575270849,745.486433503477,924.869251041088,924.869251041088,245.728705841541,411.962227770625,1.9,0.778513202665431,1.08742496285948,3.08555995793097,1.72939190211112,1.11401885080448,5749.5260135051,661.136767340226,701.380047697055,633.372582402666,1242.02323905218,0.476375304595442,0.764233275386274,1.7170139795475,0.876635458209812,0.6883437562251,1.3144015513363,1.35483378209929,54.4887157718322,4.4663270038992,1.72929884894069,1373.29965665574,449.753796078405,430.084898108855,463.552655209882,667.268201208096,63564.3567297487,1322.8991558096,2018.17862791516,2403.64678004104,6520.46853856103
100,0.215,0.825,0.146317575270849,745.486433503477,924.869251041088,924.869251041088,245.728705841541,411.962227770625,1.9,1.83630404681399,1.55874280194541,0.976513860392617,1.06538112931846,0.767455900615873,852.220160652365,591.092152408487,3198.56300340573,1020.51374177268,4342.05511795962,0.831715183617843,1.1056147459063,0.623692555532791,0.821332071529068,0.529491957996498,6.11123612592111,2.42766053021352,3.94980678189501,1.43335853553059,3.41279465983515,498.371509995432,452.185302434815,1059.08569755336,554.560747204194,1271.86426642568,7947.70040392448,933.387175153431,17264.1764114365,2209.0532012103,31057.3363400516
100,0.215,0.825,0.146317575270849,745.486433503477,924.869251041088,924.869251041088,245.728705841541,411.962227770625,1.9,1.02625892532462,1.38783825611988,1.43875784573351,1.24871591750211,1.41275707702136,1360.8843404203,696.896123347155,1808.3217746754,702.847818171633,744.054494272427,0.751429403367678,1.09651595356116,0.767740495948011,0.857101609664879,0.880889733028355,1.70704066312815,1.88389073305254,7.08500813037981,2.33231589439079,5.26858058644258,661.07913790825,489.726787349825,493.279041681082,485.979651379723,495.663113190823,4535.48533096787,1292.08612393717,18865.6027531543,1584.45256317141,2294.20398605287
100,0.215,0.825,0.146317575270849,745.486433503477,924.869251041088,924.869251041088,245.728705841541,411.962227770625,1.9,1.27525302227337,1.03422015723317,1.90243082246437,1.61554525183377,1.25651482761841,875.506290994432,1151.60977176955,750.834311920283,705.071328187552,597.288325733015,0.64630696632434,0.603839149014828,0.981140458321849,0.839570377322009,0.735810157881079,2.25474387340375,1.58088907896341,46.5009678050579,2.59097583460096,1.80833166903856,495.970358326477,645.738858874569,423.87448867277,472.416051135363,402.035396059514,4985.2149665143,7906.81219396413,2924.76473225347,2464.15457141612,1265.24179232677
100,0.215,0.825,0.146317575270849,745.486433503477,924.869251041088,924.869251041088,245.728705841541,411.962227770625,1.9,1.91893093471714,0.811644974698181,2.05282754756248,2.04112954275038,0.698531335634151,703.963411037044,1127.8698346032,537.049628206645,684.215145478272,1444.77877463473,1.18770159580593,0.56960963566576,1.43403191361026,0.988833712862574,0.503254006862948,5.11755533882052,1.47216157634467,3.43010593496658,4.20508671645489,1.01588794363881,475.406473960353,579.480338254133,422.62274834823,460.740690598939,685.497508490816,2161.48144857507,4210.71381182078,865.614029638957,2274.78534180635,6546.08206424576
