{"component_count":3,"components":[{"description":"EXP(.5)","distribution":{"domain":{"high":"infinity","low":0},"family":"exponential","parameter_count":1,"parameters":[{"name":"rate","value":0.5}]},"node_id":0},{"description":"EXP(1)","distribution":{"domain":{"high":"infinity","low":0},"family":"exponential","parameter_count":1,"parameters":[{"name":"rate","value":1}]},"node_id":1},{"description":"EXP(.75)","distribution":{"domain":{"high":"infinity","low":0},"family":"exponential","parameter_count":1,"parameters":[{"name":"rate","value":0.75}]},"node_id":2}],"description":"series 3-out-of-3 system","relevant_component_count":3,"relevant_components":[0,1,2],"series_set_representation":[[0,1,2]],"structure_type":"series"}
